daowen_a,daowen_b,classification,scenarios_tested,interaction_detected,interaction_type,causal_trace,order_sensitive,evidence,confidence
杀伐,再生,1,17,0,,"同通道线性叠加：e_hp,p_mana,p_pow",False,杀伐+再生@none,HIGH
杀伐,庇护,1,17,0,,"同通道线性叠加：e_hp,p_mana,p_pow",False,杀伐+庇护@none,HIGH
杀伐,固执,0,17,0,,所有探针/通道上均无可加偏离（各自独立）,False,杀伐+固执@none,MEDIUM
杀伐,血债,1,17,0,,同通道线性叠加：e_hp,False,杀伐+血债@none,HIGH
杀伐,波及,1,17,0,,"同通道线性叠加：e_hp,p_mana,p_pow",False,杀伐+波及@none,HIGH
杀伐,增殖,1,17,0,,"同通道线性叠加：e_hp,p_mana,p_pow",False,杀伐+增殖@none,HIGH
杀伐,束缚,0,17,0,,所有探针/通道上均无可加偏离（各自独立）,False,杀伐+束缚@none,MEDIUM
杀伐,透支,1,17,0,,"同通道线性叠加：e_hp,p_mana,p_pow",False,杀伐+透支@none,HIGH
杀伐,贯穿,1,17,0,,"同通道线性叠加：e_hp,p_mana,p_pow",False,杀伐+贯穿@none,HIGH
杀伐,封印,2,17,0,CAST_EXECUTION|ORDER_SENSITIVE|OUTPUT_ARITHMETIC|RESOURCE_FEEDBACK,[执行受限 {'B→A': '杀伐发动失败(target_ref不是当前合法实体)'}] __cast__ / e_hp：基线=0；杀伐独发=-9；封印独发=-3000；并施 A→B=-3000；B→A=-3000（可加预期=-3009）,True,杀伐+封印@__cast__;杀伐+封印@hurt_then_attack;杀伐+封印@kill_enemy,UNVERIFIED
杀伐,狂暴,0,17,0,,所有探针/通道上均无可加偏离（各自独立）,False,杀伐+狂暴@none,MEDIUM
杀伐,全力,2,17,1,CAST_EXECUTION|OUTPUT_ARITHMETIC,__cast__ / p_pow：基线=0；杀伐独发=-3；全力独发=5；并施 A→B=5；B→A=5（可加预期=2）,False,杀伐+全力@__cast__;杀伐+全力@hurt_then_attack;杀伐+全力@player_attacks,HIGH
杀伐,疯狂,0,17,0,,所有探针/通道上均无可加偏离（各自独立）,False,杀伐+疯狂@none,MEDIUM
杀伐,净化,1,17,0,,"同通道线性叠加：e_hp,p_mana,p_pow",False,杀伐+净化@none,HIGH
杀伐,减速,0,17,0,,所有探针/通道上均无可加偏离（各自独立）,False,杀伐+减速@none,MEDIUM
杀伐,必中,0,17,0,,所有探针/通道上均无可加偏离（各自独立）,False,杀伐+必中@none,MEDIUM
杀伐,自愈,0,17,0,,所有探针/通道上均无可加偏离（各自独立）,False,杀伐+自愈@none,MEDIUM
杀伐,飞行,0,17,0,,所有探针/通道上均无可加偏离（各自独立）,False,杀伐+飞行@none,MEDIUM
杀伐,愤怒,2,17,1,CAST_EXECUTION|ORDER_SENSITIVE|OUTPUT_ARITHMETIC|RESOURCE_FEEDBACK,__cast__ / p_mana：基线=0；杀伐独发=-3；愤怒独发=-6；并施 A→B=-9；B→A=-8（可加预期=-9）,True,杀伐+愤怒@__cast__;杀伐+愤怒@hurt_then_attack;杀伐+愤怒@player_attacks,HIGH
杀伐,自残,1,17,0,,"同通道线性叠加：e_hp,p_mana,p_pow",False,杀伐+自残@none,HIGH
杀伐,无神,1,17,0,,"同通道线性叠加：e_hp,p_mana,p_pow",False,杀伐+无神@none,HIGH
杀伐,借力,2,17,1,CAST_EXECUTION|ORDER_SENSITIVE|OUTPUT_ARITHMETIC,__cast__ / e_hp：基线=0；杀伐独发=-9；借力独发=0；并施 A→B=-9；B→A=-12（可加预期=-9）,True,杀伐+借力@__cast__;杀伐+借力@hurt_then_attack;杀伐+借力@kill_enemy,HIGH
杀伐,弱化,1,17,0,,"同通道线性叠加：e_hp,p_mana,p_pow",False,杀伐+弱化@none,HIGH
杀伐,自食,1,17,0,,"同通道线性叠加：e_hp,p_mana,p_pow",False,杀伐+自食@none,HIGH
杀伐,兴奋,1,17,0,,"同通道线性叠加：e_hp,p_mana,p_pow",False,杀伐+兴奋@none,HIGH
杀伐,无力,1,17,0,,"同通道线性叠加：e_hp,p_mana,p_pow",False,杀伐+无力@none,HIGH
杀伐,全速,0,17,0,,所有探针/通道上均无可加偏离（各自独立）,False,杀伐+全速@none,MEDIUM
杀伐,急速,1,17,0,,"同通道线性叠加：e_hp,p_mana,p_pow",False,杀伐+急速@none,HIGH
杀伐,加速,1,17,0,,"同通道线性叠加：e_hp,p_mana,p_pow",False,杀伐+加速@none,HIGH
杀伐,眩晕,2,17,1,ORDER_SENSITIVE|OUTPUT_ARITHMETIC,enemy_phase / p_hp：基线=-60；杀伐独发=-60；眩晕独发=0；并施 A→B=0；B→A=-60（可加预期=60）,True,杀伐+眩晕@dodge_then_round;杀伐+眩晕@enemy_phase;杀伐+眩晕@enemy_phase_dodge,HIGH
杀伐,洞察,2,17,1,OUTPUT_ARITHMETIC,player_attacks / e_hp：基线=-550；杀伐独发=-520；洞察独发=-220；并施 A→B=-208；B→A=-208（可加预期=360）,False,杀伐+洞察@hurt_then_attack;杀伐+洞察@player_attacks,HIGH
杀伐,蒙蔽,1,17,0,,"同通道线性叠加：e_hp,p_mana,p_pow",False,杀伐+蒙蔽@none,HIGH
杀伐,滋养,1,17,0,,"同通道线性叠加：e_hp,p_mana,p_pow",False,杀伐+滋养@none,HIGH
杀伐,衰败,2,17,1,OUTPUT_ARITHMETIC,rounds / e_hp：基线=0；杀伐独发=0；衰败独发=-1971；并施 A→B=-1966；B→A=-1966（可加预期=-1971）,False,杀伐+衰败@dodge_then_round;杀伐+衰败@rounds,HIGH
杀伐,寄生,2,17,1,ORDER_SENSITIVE|OUTPUT_ARITHMETIC,kill_enemy / p_hp：基线=0；杀伐独发=0；寄生独发=-200；并施 A→B=-200；B→A=-206（可加预期=-200）,True,杀伐+寄生@hurt_then_attack;杀伐+寄生@kill_enemy;杀伐+寄生@player_attacks,HIGH
杀伐,滑翔,1,17,0,,"同通道线性叠加：e_hp,p_mana,p_pow",False,杀伐+滑翔@none,HIGH
杀伐,坠落,1,17,0,,"同通道线性叠加：e_hp,p_mana,p_pow",False,杀伐+坠落@none,HIGH
杀伐,变形,1,17,0,,"同通道线性叠加：e_hp,p_mana,p_pow",False,杀伐+变形@none,HIGH
杀伐,定型,1,17,0,,"同通道线性叠加：e_hp,p_mana,p_pow",False,杀伐+定型@none,HIGH
杀伐,畸变,2,17,1,OUTPUT_ARITHMETIC,rounds / e_hp：基线=0；杀伐独发=0；畸变独发=-180；并施 A→B=-171；B→A=-171（可加预期=-180）,False,杀伐+畸变@dodge_then_round;杀伐+畸变@rounds,HIGH
杀伐,搏命,2,17,1,OUTPUT_ARITHMETIC,player_attacks / e_hp：基线=-550；杀伐独发=-520；搏命独发=-232；并施 A→B=-220；B→A=-220（可加预期=348）,False,杀伐+搏命@hurt_then_attack;杀伐+搏命@player_attacks,HIGH
杀伐,超频,1,17,0,,"同通道线性叠加：e_hp,p_mana,p_pow",False,杀伐+超频@none,HIGH
杀伐,坏死,1,17,0,,"同通道线性叠加：e_hp,p_mana,p_pow",False,杀伐+坏死@none,HIGH
杀伐,爆裂,1,17,0,,"同通道线性叠加：e_hp,p_mana,p_pow",False,杀伐+爆裂@none,HIGH
杀伐,退化,1,17,0,,"同通道线性叠加：e_hp,p_mana,p_pow",False,杀伐+退化@none,HIGH
杀伐,加害,2,17,1,CAST_EXECUTION|ORDER_SENSITIVE|OUTPUT_ARITHMETIC,__cast__ / e_hp：基线=0；杀伐独发=-9；加害独发=0；并施 A→B=-9；B→A=-12（可加预期=-9）,True,杀伐+加害@__cast__;杀伐+加害@kill_enemy,HIGH
杀伐,失忆,1,17,0,,"同通道线性叠加：e_hp,p_mana,p_pow",False,杀伐+失忆@none,HIGH
杀伐,逼债,1,17,0,,"同通道线性叠加：e_hp,p_mana,p_pow",False,杀伐+逼债@none,HIGH
杀伐,豪夺,0,17,0,,所有探针/通道上均无可加偏离（各自独立）,False,杀伐+豪夺@none,MEDIUM
杀伐,清算,1,17,0,,"同通道线性叠加：e_hp,p_mana,p_pow",False,杀伐+清算@none,HIGH
杀伐,赎金,1,17,0,,"同通道线性叠加：e_hp,p_mana,p_pow",False,杀伐+赎金@none,HIGH
杀伐,假钞,1,17,0,,"同通道线性叠加：e_hp,p_mana,p_pow",False,杀伐+假钞@none,HIGH
杀伐,赌命,2,17,1,OUTPUT_ARITHMETIC,rounds / e_hp：基线=0；杀伐独发=0；赌命独发=-900；并施 A→B=-898；B→A=-898（可加预期=-900）,False,杀伐+赌命@rounds,HIGH
杀伐,消灾,0,17,0,,所有探针/通道上均无可加偏离（各自独立）,False,杀伐+消灾@none,MEDIUM
杀伐,龙鳞,1,17,0,,"同通道线性叠加：e_hp,p_mana,p_pow",False,杀伐+龙鳞@none,HIGH
杀伐,逆鳞,1,17,0,,同通道线性叠加：e_hp,False,杀伐+逆鳞@none,HIGH
杀伐,活血,1,17,0,,"同通道线性叠加：e_hp,p_mana,p_pow",False,杀伐+活血@none,HIGH
杀伐,裂变,1,17,0,,"同通道线性叠加：e_hp,p_mana,p_pow",False,杀伐+裂变@none,HIGH
杀伐,嫁祸,1,17,0,,"同通道线性叠加：e_hp,p_mana,p_pow",False,杀伐+嫁祸@none,HIGH
杀伐,背负,1,17,0,,"同通道线性叠加：e_hp,p_mana,p_pow",False,杀伐+背负@none,HIGH
杀伐,伤痕,1,17,0,,"同通道线性叠加：e_hp,p_mana,p_pow",True,杀伐+伤痕@none,HIGH
杀伐,分裂,0,17,0,,所有探针/通道上均无可加偏离（各自独立）,False,杀伐+分裂@none,MEDIUM
杀伐,尸爆,2,17,0,CAST_EXECUTION|ORDER_SENSITIVE|OUTPUT_ARITHMETIC|RESOURCE_FEEDBACK,"[执行受限 {'B独发': '尸爆留下待裁定中断(死之传承)', 'A→B': '尸爆留下待裁定中断(死之传承)', 'B→A': '尸爆留下待裁定中断(死之传承)；杀伐发动失败(有待处理的中断等待DM裁定)；杀伐留下待裁定中断()'}] __cast__ / e_hp：基线=0；杀伐独发=-9；尸爆独发=-120；并施 A→B=-129；B→A=-120（可加预期=-129）",True,杀伐+尸爆@__cast__;杀伐+尸爆@hurt_then_attack;杀伐+尸爆@kill_enemy,UNVERIFIED
杀伐,缄默,1,17,0,,"同通道线性叠加：e_hp,p_mana,p_pow",False,杀伐+缄默@none,HIGH
杀伐,瓦解,2,17,1,CAST_EXECUTION|ORDER_SENSITIVE|OUTPUT_ARITHMETIC,__cast__ / e_hp：基线=0；杀伐独发=-9；瓦解独发=-900；并施 A→B=-900；B→A=-909（可加预期=-909）,True,杀伐+瓦解@__cast__;杀伐+瓦解@kill_enemy,HIGH
杀伐,冥气,1,17,0,,"同通道线性叠加：e_hp,p_mana,p_pow",False,杀伐+冥气@none,HIGH
杀伐,勾魂,1,17,0,,"同通道线性叠加：e_hp,p_mana,p_pow",False,杀伐+勾魂@none,HIGH
杀伐,镇尸,1,17,0,,"同通道线性叠加：e_hp,p_mana,p_pow",False,杀伐+镇尸@none,HIGH
杀伐,招魂,1,17,0,,"同通道线性叠加：e_hp,p_mana,p_pow",False,杀伐+招魂@none,HIGH
再生,庇护,1,17,0,,"同通道线性叠加：e_hp,p_mana,p_pow",False,再生+庇护@none,HIGH
再生,固执,0,17,0,,所有探针/通道上均无可加偏离（各自独立）,False,再生+固执@none,MEDIUM
再生,血债,1,17,0,,同通道线性叠加：p_hp,False,再生+血债@none,HIGH
再生,波及,1,17,0,,"同通道线性叠加：e_hp,p_mana,p_pow",False,再生+波及@none,HIGH
再生,增殖,1,17,0,,"同通道线性叠加：e_hp,p_mana,p_pow",False,再生+增殖@none,HIGH
再生,束缚,0,17,0,,所有探针/通道上均无可加偏离（各自独立）,False,再生+束缚@none,MEDIUM
再生,透支,1,17,0,,"同通道线性叠加：e_hp,p_hp,p_mana,p_pow",False,再生+透支@none,HIGH
再生,贯穿,1,17,0,,"同通道线性叠加：e_hp,p_mana,p_pow",False,再生+贯穿@none,HIGH
再生,封印,2,17,1,OUTPUT_ARITHMETIC,player_attacks / e_hp：基线=-550；再生独发=-520；封印独发=0；并施 A→B=0；B→A=0（可加预期=580）,False,再生+封印@hurt_then_attack;再生+封印@player_attacks,HIGH
再生,狂暴,0,17,0,,所有探针/通道上均无可加偏离（各自独立）,False,再生+狂暴@none,MEDIUM
再生,全力,2,17,1,CAST_EXECUTION|OUTPUT_ARITHMETIC,__cast__ / p_pow：基线=0；再生独发=-3；全力独发=5；并施 A→B=5；B→A=5（可加预期=2）,False,再生+全力@__cast__;再生+全力@hurt_then_attack;再生+全力@player_attacks,HIGH
再生,疯狂,2,17,1,OUTPUT_ARITHMETIC,enemy_phase / p_hp：基线=-60；再生独发=-60；疯狂独发=-200；并施 A→B=-212；B→A=-212（可加预期=-140）,False,再生+疯狂@enemy_phase;再生+疯狂@rounds,HIGH
再生,净化,1,17,0,,"同通道线性叠加：e_hp,p_mana,p_pow",False,再生+净化@none,HIGH
再生,减速,0,17,0,,所有探针/通道上均无可加偏离（各自独立）,False,再生+减速@none,MEDIUM
再生,必中,0,17,0,,所有探针/通道上均无可加偏离（各自独立）,False,再生+必中@none,MEDIUM
再生,自愈,0,17,0,,所有探针/通道上均无可加偏离（各自独立）,False,再生+自愈@none,MEDIUM
再生,飞行,0,17,0,,所有探针/通道上均无可加偏离（各自独立）,False,再生+飞行@none,MEDIUM
再生,愤怒,2,17,1,CAST_EXECUTION|ORDER_SENSITIVE|OUTPUT_ARITHMETIC|RESOURCE_FEEDBACK,__cast__ / p_mana：基线=0；再生独发=-3；愤怒独发=-6；并施 A→B=-9；B→A=-8（可加预期=-9）,True,再生+愤怒@__cast__;再生+愤怒@hurt_then_attack;再生+愤怒@player_attacks,HIGH
再生,自残,1,17,0,,"同通道线性叠加：e_hp,p_mana,p_pow",False,再生+自残@none,HIGH
再生,无神,1,17,0,,"同通道线性叠加：e_hp,p_mana,p_pow",False,再生+无神@none,HIGH
再生,借力,2,17,1,OUTPUT_ARITHMETIC,player_attacks / e_hp：基线=-550；再生独发=-520；借力独发=-600；并施 A→B=-560；B→A=-560（可加预期=-20）,False,再生+借力@hurt_then_attack;再生+借力@player_attacks,HIGH
再生,弱化,1,17,0,,"同通道线性叠加：e_hp,p_mana,p_pow",False,再生+弱化@none,HIGH
再生,自食,1,17,0,,"同通道线性叠加：e_hp,p_hp,p_mana,p_pow",False,再生+自食@none,HIGH
再生,兴奋,1,17,0,,"同通道线性叠加：e_hp,p_mana,p_pow",False,再生+兴奋@none,HIGH
再生,无力,1,17,0,,"同通道线性叠加：e_hp,p_mana,p_pow",False,再生+无力@none,HIGH
再生,全速,0,17,0,,所有探针/通道上均无可加偏离（各自独立）,False,再生+全速@none,MEDIUM
再生,急速,1,17,0,,"同通道线性叠加：e_hp,p_mana,p_pow",False,再生+急速@none,HIGH
再生,加速,1,17,0,,"同通道线性叠加：e_hp,p_mana,p_pow",False,再生+加速@none,HIGH
再生,眩晕,1,17,0,,"同通道线性叠加：e_hp,p_mana,p_pow",False,再生+眩晕@none,HIGH
再生,洞察,2,17,1,OUTPUT_ARITHMETIC,player_attacks / e_hp：基线=-550；再生独发=-520；洞察独发=-220；并施 A→B=-208；B→A=-208（可加预期=360）,False,再生+洞察@hurt_then_attack;再生+洞察@player_attacks,HIGH
再生,蒙蔽,1,17,0,,"同通道线性叠加：e_hp,p_mana,p_pow",False,再生+蒙蔽@none,HIGH
再生,滋养,1,17,0,,"同通道线性叠加：e_hp,p_hp,p_mana,p_pow",False,再生+滋养@none,HIGH
再生,衰败,1,17,0,,"同通道线性叠加：e_hp,p_mana,p_pow",False,再生+衰败@none,HIGH
再生,寄生,2,17,1,OUTPUT_ARITHMETIC,kill_enemy / p_hp：基线=0；再生独发=0；寄生独发=-200；并施 A→B=-212；B→A=-212（可加预期=-200）,False,再生+寄生@hurt_then_attack;再生+寄生@kill_enemy;再生+寄生@player_attacks,HIGH
再生,滑翔,1,17,0,,"同通道线性叠加：e_hp,p_mana,p_pow",False,再生+滑翔@none,HIGH
再生,坠落,1,17,0,,"同通道线性叠加：e_hp,p_mana,p_pow",False,再生+坠落@none,HIGH
再生,变形,1,17,0,,"同通道线性叠加：e_hp,p_mana,p_pow",False,再生+变形@none,HIGH
再生,定型,1,17,0,,"同通道线性叠加：e_hp,p_mana,p_pow",False,再生+定型@none,HIGH
再生,畸变,0,17,0,,所有探针/通道上均无可加偏离（各自独立）,False,再生+畸变@none,MEDIUM
再生,搏命,2,17,1,OUTPUT_ARITHMETIC,player_attacks / e_hp：基线=-550；再生独发=-520；搏命独发=-232；并施 A→B=-220；B→A=-220（可加预期=348）,False,再生+搏命@hurt_then_attack;再生+搏命@player_attacks,HIGH
再生,超频,1,17,0,,"同通道线性叠加：e_hp,p_mana,p_pow",False,再生+超频@none,HIGH
再生,坏死,1,17,0,,"同通道线性叠加：e_hp,p_mana,p_pow",False,再生+坏死@none,HIGH
再生,爆裂,1,17,0,,"同通道线性叠加：e_hp,p_mana,p_pow",False,再生+爆裂@none,HIGH
再生,退化,1,17,0,,"同通道线性叠加：e_hp,p_mana,p_pow",False,再生+退化@none,HIGH
再生,加害,1,17,0,,"同通道线性叠加：e_hp,p_mana,p_pow",False,再生+加害@none,HIGH
再生,失忆,1,17,0,,"同通道线性叠加：e_hp,p_mana,p_pow",False,再生+失忆@none,HIGH
再生,逼债,1,17,0,,"同通道线性叠加：e_hp,p_mana,p_pow",False,再生+逼债@none,HIGH
再生,豪夺,0,17,0,,所有探针/通道上均无可加偏离（各自独立）,False,再生+豪夺@none,MEDIUM
再生,清算,1,17,0,,"同通道线性叠加：e_hp,p_mana,p_pow",False,再生+清算@none,HIGH
再生,赎金,1,17,0,,"同通道线性叠加：e_hp,p_mana,p_pow",False,再生+赎金@none,HIGH
再生,假钞,1,17,0,,"同通道线性叠加：e_hp,p_mana,p_pow",False,再生+假钞@none,HIGH
再生,赌命,2,17,1,OUTPUT_ARITHMETIC,rounds / p_hp：基线=-180；再生独发=-180；赌命独发=-200；并施 A→B=-212；B→A=-212（可加预期=-20）,False,再生+赌命@dodge_then_round;再生+赌命@rounds,HIGH
再生,消灾,0,17,0,,所有探针/通道上均无可加偏离（各自独立）,False,再生+消灾@none,MEDIUM
再生,龙鳞,1,17,0,,"同通道线性叠加：e_hp,p_mana,p_pow",False,再生+龙鳞@none,HIGH
再生,逆鳞,1,17,0,,"同通道线性叠加：e_hp,p_hp",False,再生+逆鳞@none,HIGH
再生,活血,1,17,0,,"同通道线性叠加：e_hp,p_mana,p_pow",False,再生+活血@none,HIGH
再生,裂变,1,17,0,,"同通道线性叠加：e_hp,p_mana,p_pow",False,再生+裂变@none,HIGH
再生,嫁祸,1,17,0,,"同通道线性叠加：e_hp,p_mana,p_pow",False,再生+嫁祸@none,HIGH
再生,背负,1,17,0,,"同通道线性叠加：e_hp,p_mana,p_pow",False,再生+背负@none,HIGH
再生,伤痕,1,17,0,,"同通道线性叠加：e_hp,p_mana,p_pow",False,再生+伤痕@none,HIGH
再生,分裂,0,17,0,,所有探针/通道上均无可加偏离（各自独立）,False,再生+分裂@none,MEDIUM
再生,尸爆,2,17,0,CAST_EXECUTION|ORDER_SENSITIVE|OUTPUT_ARITHMETIC|RESOURCE_FEEDBACK,"[执行受限 {'B独发': '尸爆留下待裁定中断(死之传承)', 'A→B': '尸爆留下待裁定中断(死之传承)', 'B→A': '尸爆留下待裁定中断(死之传承)；再生发动失败(有待处理的中断等待DM裁定)；再生留下待裁定中断()'}] __cast__ / p_hp：基线=0；再生独发=12；尸爆独发=0；并施 A→B=12；B→A=0（可加预期=12）",True,再生+尸爆@__cast__;再生+尸爆@hurt_then_attack;再生+尸爆@player_attacks,UNVERIFIED
再生,缄默,1,17,0,,"同通道线性叠加：e_hp,p_mana,p_pow",False,再生+缄默@none,HIGH
再生,瓦解,1,17,0,,"同通道线性叠加：e_hp,p_mana,p_pow",False,再生+瓦解@none,HIGH
再生,冥气,1,17,0,,"同通道线性叠加：e_hp,p_mana,p_pow",False,再生+冥气@none,HIGH
再生,勾魂,1,17,0,,"同通道线性叠加：e_hp,p_mana,p_pow",False,再生+勾魂@none,HIGH
再生,镇尸,1,17,0,,"同通道线性叠加：e_hp,p_mana,p_pow",False,再生+镇尸@none,HIGH
再生,招魂,1,17,0,,"同通道线性叠加：e_hp,p_mana,p_pow",False,再生+招魂@none,HIGH
庇护,固执,2,17,1,OUTPUT_ARITHMETIC,incoming_big / p_hp：基线=-100；庇护独发=-94；固执独发=-1；并施 A→B=-1；B→A=-1（可加预期=105）,False,庇护+固执@enemy_phase;庇护+固执@hurt_then_attack;庇护+固执@incoming_big,HIGH
庇护,血债,0,17,0,,所有探针/通道上均无可加偏离（各自独立）,False,庇护+血债@none,MEDIUM
庇护,波及,2,17,1,CAST_EXECUTION|ORDER_SENSITIVE|OUTPUT_ARITHMETIC,__cast__ / st+p:庇护：基线=0；庇护独发=3；波及独发=0；并施 A→B=3；B→A=0（可加预期=3）,True,庇护+波及@__cast__;庇护+波及@dodge_then_round;庇护+波及@rounds,HIGH
庇护,增殖,1,17,0,,"同通道线性叠加：e_hp,p_mana,p_pow",False,庇护+增殖@none,HIGH
庇护,束缚,2,17,1,OUTPUT_ARITHMETIC|RESOURCE_FEEDBACK,enemy_phase / p_hp：基线=-60；庇护独发=-54；束缚独发=0；并施 A→B=0；B→A=0（可加预期=66）,False,庇护+束缚@enemy_phase;庇护+束缚@rounds,HIGH
庇护,透支,1,17,0,,"同通道线性叠加：e_hp,p_mana,p_pow",False,庇护+透支@none,HIGH
庇护,贯穿,1,17,0,,"同通道线性叠加：e_hp,p_mana,p_pow",False,庇护+贯穿@none,HIGH
庇护,封印,2,17,1,OUTPUT_ARITHMETIC|RESOURCE_FEEDBACK,incoming_big / p_hp：基线=-100；庇护独发=-94；封印独发=0；并施 A→B=0；B→A=0（可加预期=106）,False,庇护+封印@dodge_then_round;庇护+封印@enemy_phase;庇护+封印@hurt_then_attack,HIGH
庇护,狂暴,0,17,0,,所有探针/通道上均无可加偏离（各自独立）,False,庇护+狂暴@none,MEDIUM
庇护,全力,2,17,1,CAST_EXECUTION|OUTPUT_ARITHMETIC,__cast__ / p_pow：基线=0；庇护独发=-3；全力独发=5；并施 A→B=5；B→A=5（可加预期=2）,False,庇护+全力@__cast__;庇护+全力@hurt_then_attack;庇护+全力@player_attacks,HIGH
庇护,疯狂,2,17,1,OUTPUT_ARITHMETIC,enemy_phase / p_hp：基线=-60；庇护独发=-54；疯狂独发=-200；并施 A→B=-200；B→A=-200（可加预期=-134）,False,庇护+疯狂@dodge_then_round;庇护+疯狂@enemy_phase;庇护+疯狂@rounds,HIGH
庇护,净化,1,17,0,,"同通道线性叠加：e_hp,p_mana,p_pow",False,庇护+净化@none,HIGH
庇护,减速,0,17,0,,所有探针/通道上均无可加偏离（各自独立）,False,庇护+减速@none,MEDIUM
庇护,必中,0,17,0,,所有探针/通道上均无可加偏离（各自独立）,False,庇护+必中@none,MEDIUM
庇护,自愈,1,17,0,,同通道线性叠加：p_hp,False,庇护+自愈@none,HIGH
庇护,飞行,2,17,1,OUTPUT_ARITHMETIC|RESOURCE_FEEDBACK,enemy_phase / p_hp：基线=-60；庇护独发=-54；飞行独发=0；并施 A→B=0；B→A=0（可加预期=66）,False,庇护+飞行@enemy_phase;庇护+飞行@rounds,HIGH
庇护,愤怒,2,17,1,CAST_EXECUTION|ORDER_SENSITIVE|OUTPUT_ARITHMETIC|RESOURCE_FEEDBACK,__cast__ / p_mana：基线=0；庇护独发=-3；愤怒独发=-6；并施 A→B=-9；B→A=-8（可加预期=-9）,True,庇护+愤怒@__cast__;庇护+愤怒@hurt_then_attack;庇护+愤怒@player_attacks,HIGH
庇护,自残,1,17,0,,"同通道线性叠加：e_hp,p_mana,p_pow",False,庇护+自残@none,HIGH
庇护,无神,2,17,1,OUTPUT_ARITHMETIC|RESOURCE_FEEDBACK,enemy_phase / p_hp：基线=-60；庇护独发=-54；无神独发=0；并施 A→B=0；B→A=0（可加预期=66）,False,庇护+无神@enemy_phase;庇护+无神@rounds,HIGH
庇护,借力,2,17,1,OUTPUT_ARITHMETIC,player_attacks / e_hp：基线=-550；庇护独发=-520；借力独发=-600；并施 A→B=-560；B→A=-560（可加预期=-20）,False,庇护+借力@hurt_then_attack;庇护+借力@player_attacks,HIGH
庇护,弱化,1,17,0,,"同通道线性叠加：e_hp,p_hp,p_mana,p_pow",False,庇护+弱化@none,HIGH
庇护,自食,1,17,0,,"同通道线性叠加：e_hp,p_mana,p_pow",False,庇护+自食@none,HIGH
庇护,兴奋,1,17,0,,"同通道线性叠加：e_hp,p_mana,p_pow",False,庇护+兴奋@none,HIGH
庇护,无力,1,17,0,,"同通道线性叠加：e_hp,p_mana,p_pow",False,庇护+无力@none,HIGH
庇护,全速,0,17,0,,所有探针/通道上均无可加偏离（各自独立）,False,庇护+全速@none,MEDIUM
庇护,急速,1,17,0,,"同通道线性叠加：e_hp,p_mana,p_pow",False,庇护+急速@none,HIGH
庇护,加速,1,17,0,,"同通道线性叠加：e_hp,p_mana,p_pow",False,庇护+加速@none,HIGH
庇护,眩晕,2,17,1,OUTPUT_ARITHMETIC|RESOURCE_FEEDBACK,enemy_phase / p_hp：基线=-60；庇护独发=-54；眩晕独发=0；并施 A→B=0；B→A=0（可加预期=66）,False,庇护+眩晕@enemy_phase;庇护+眩晕@rounds,HIGH
庇护,洞察,2,17,1,OUTPUT_ARITHMETIC,player_attacks / e_hp：基线=-550；庇护独发=-520；洞察独发=-220；并施 A→B=-208；B→A=-208（可加预期=360）,False,庇护+洞察@dodge_then_round;庇护+洞察@hurt_then_attack;庇护+洞察@player_attacks,HIGH
庇护,蒙蔽,2,17,1,OUTPUT_ARITHMETIC|RESOURCE_FEEDBACK,enemy_phase / p_hp：基线=-60；庇护独发=-54；蒙蔽独发=0；并施 A→B=0；B→A=0（可加预期=66）,False,庇护+蒙蔽@enemy_phase,HIGH
庇护,滋养,1,17,0,,"同通道线性叠加：e_hp,p_mana,p_pow",False,庇护+滋养@none,HIGH
庇护,衰败,1,17,0,,"同通道线性叠加：e_hp,p_mana,p_pow",False,庇护+衰败@none,HIGH
庇护,寄生,2,17,1,OUTPUT_ARITHMETIC,hurt_then_attack / p_hp：基线=-50；庇护独发=-44；寄生独发=90；并施 A→B=86；B→A=86（可加预期=146）,False,庇护+寄生@hurt_then_attack,HIGH
庇护,滑翔,2,17,1,OUTPUT_ARITHMETIC|RESOURCE_FEEDBACK,enemy_phase / p_hp：基线=-60；庇护独发=-54；滑翔独发=0；并施 A→B=0；B→A=0（可加预期=66）,False,庇护+滑翔@enemy_phase;庇护+滑翔@rounds,HIGH
庇护,坠落,1,17,0,,"同通道线性叠加：e_hp,p_mana,p_pow",False,庇护+坠落@none,HIGH
庇护,变形,1,17,0,,"同通道线性叠加：e_hp,p_hp,p_mana,p_pow",False,庇护+变形@none,HIGH
庇护,定型,1,17,0,,"同通道线性叠加：e_hp,p_mana,p_pow",False,庇护+定型@none,HIGH
庇护,畸变,0,17,0,,所有探针/通道上均无可加偏离（各自独立）,False,庇护+畸变@none,MEDIUM
庇护,搏命,2,17,1,OUTPUT_ARITHMETIC,player_attacks / e_hp：基线=-550；庇护独发=-520；搏命独发=-232；并施 A→B=-220；B→A=-220（可加预期=348）,False,庇护+搏命@dodge_then_round;庇护+搏命@hurt_then_attack;庇护+搏命@player_attacks,HIGH
庇护,超频,1,17,0,,"同通道线性叠加：e_hp,p_mana,p_pow",False,庇护+超频@none,HIGH
庇护,坏死,1,17,0,,"同通道线性叠加：e_hp,p_mana,p_pow",False,庇护+坏死@none,HIGH
庇护,爆裂,1,17,0,,"同通道线性叠加：e_hp,p_mana,p_pow",False,庇护+爆裂@none,HIGH
庇护,退化,1,17,0,,"同通道线性叠加：e_hp,p_mana,p_pow",False,庇护+退化@none,HIGH
庇护,加害,1,17,0,,"同通道线性叠加：e_hp,p_mana,p_pow",False,庇护+加害@none,HIGH
庇护,失忆,1,17,0,,"同通道线性叠加：e_hp,p_mana,p_pow",False,庇护+失忆@none,HIGH
庇护,逼债,1,17,0,,"同通道线性叠加：e_hp,p_mana,p_pow",False,庇护+逼债@none,HIGH
庇护,豪夺,0,17,0,,所有探针/通道上均无可加偏离（各自独立）,False,庇护+豪夺@none,MEDIUM
庇护,清算,1,17,0,,"同通道线性叠加：e_hp,p_mana,p_pow",False,庇护+清算@none,HIGH
庇护,赎金,1,17,0,,"同通道线性叠加：e_hp,p_mana,p_pow",False,庇护+赎金@none,HIGH
庇护,假钞,1,17,0,,"同通道线性叠加：e_hp,p_mana,p_pow",False,庇护+假钞@none,HIGH
庇护,赌命,2,17,1,OUTPUT_ARITHMETIC,rounds / p_hp：基线=-180；庇护独发=-174；赌命独发=-200；并施 A→B=-200；B→A=-200（可加预期=-14）,False,庇护+赌命@rounds,HIGH
庇护,消灾,0,17,0,,所有探针/通道上均无可加偏离（各自独立）,False,庇护+消灾@none,MEDIUM
庇护,龙鳞,1,17,0,,"同通道线性叠加：e_hp,p_hp,p_mana,p_pow",False,庇护+龙鳞@none,HIGH
庇护,逆鳞,2,17,1,OUTPUT_ARITHMETIC,hurt_then_attack / e_hp：基线=-275；庇护独发=-260；逆鳞独发=-325；并施 A→B=-304；B→A=-304（可加预期=-35）,False,庇护+逆鳞@hurt_then_attack,HIGH
庇护,活血,2,17,1,OUTPUT_ARITHMETIC,rounds / p_hp：基线=-180；庇护独发=-174；活血独发=-120；并施 A→B=-117；B→A=-117（可加预期=66）,False,庇护+活血@rounds,HIGH
庇护,裂变,1,17,0,,"同通道线性叠加：e_hp,p_hp,p_mana,p_pow",False,庇护+裂变@none,HIGH
庇护,嫁祸,2,17,1,OUTPUT_ARITHMETIC|RESOURCE_FEEDBACK,incoming_big / p_hp：基线=-100；庇护独发=-94；嫁祸独发=0；并施 A→B=0；B→A=0（可加预期=106）,False,庇护+嫁祸@enemy_phase;庇护+嫁祸@hurt_then_attack;庇护+嫁祸@incoming_big,HIGH
庇护,背负,1,17,0,,"同通道线性叠加：e_hp,p_mana,p_pow",False,庇护+背负@none,HIGH
庇护,伤痕,1,17,0,,"同通道线性叠加：e_hp,p_mana,p_pow",False,庇护+伤痕@none,HIGH
庇护,分裂,0,17,0,,所有探针/通道上均无可加偏离（各自独立）,False,庇护+分裂@none,MEDIUM
庇护,尸爆,2,17,0,CAST_EXECUTION|ORDER_SENSITIVE|OUTPUT_ARITHMETIC|RESOURCE_FEEDBACK,"[执行受限 {'B独发': '尸爆留下待裁定中断(死之传承)', 'A→B': '尸爆留下待裁定中断(死之传承)', 'B→A': '尸爆留下待裁定中断(死之传承)；庇护发动失败(有待处理的中断等待DM裁定)；庇护留下待裁定中断()'}] __cast__ / p_mana：基线=0；庇护独发=-3；尸爆独发=-9；并施 A→B=-12；B→A=-9（可加预期=-12）",True,庇护+尸爆@__cast__;庇护+尸爆@dodge_then_round;庇护+尸爆@enemy_phase,UNVERIFIED
庇护,缄默,1,17,0,,"同通道线性叠加：e_hp,p_mana,p_pow",False,庇护+缄默@none,HIGH
庇护,瓦解,1,17,0,,"同通道线性叠加：e_hp,p_mana,p_pow",False,庇护+瓦解@none,HIGH
庇护,冥气,1,17,0,,"同通道线性叠加：e_hp,p_mana,p_pow",False,庇护+冥气@none,HIGH
庇护,勾魂,1,17,0,,"同通道线性叠加：e_hp,p_mana,p_pow",False,庇护+勾魂@none,HIGH
庇护,镇尸,1,17,0,,"同通道线性叠加：e_hp,p_mana,p_pow",False,庇护+镇尸@none,HIGH
庇护,招魂,1,17,0,,"同通道线性叠加：e_hp,p_mana,p_pow",False,庇护+招魂@none,HIGH
固执,血债,0,17,0,,所有探针/通道上均无可加偏离（各自独立）,False,固执+血债@none,MEDIUM
固执,波及,0,17,0,,所有探针/通道上均无可加偏离（各自独立）,False,固执+波及@none,MEDIUM
固执,增殖,0,17,0,,所有探针/通道上均无可加偏离（各自独立）,False,固执+增殖@none,MEDIUM
固执,束缚,2,17,1,OUTPUT_ARITHMETIC,enemy_phase / p_hp：基线=-60；固执独发=-3；束缚独发=0；并施 A→B=0；B→A=0（可加预期=117）,False,固执+束缚@enemy_phase;固执+束缚@rounds,HIGH
固执,透支,0,17,0,,所有探针/通道上均无可加偏离（各自独立）,False,固执+透支@none,MEDIUM
固执,贯穿,0,17,0,,所有探针/通道上均无可加偏离（各自独立）,False,固执+贯穿@none,MEDIUM
固执,封印,2,17,1,OUTPUT_ARITHMETIC,incoming_big / p_hp：基线=-100；固执独发=-1；封印独发=0；并施 A→B=0；B→A=0（可加预期=199）,False,固执+封印@dodge_then_round;固执+封印@enemy_phase;固执+封印@hurt_then_attack,HIGH
固执,狂暴,0,17,0,,所有探针/通道上均无可加偏离（各自独立）,False,固执+狂暴@none,MEDIUM
固执,全力,0,17,0,,所有探针/通道上均无可加偏离（各自独立）,False,固执+全力@none,MEDIUM
固执,疯狂,2,17,1,EVENT_MULTIPLICATION|OUTPUT_ARITHMETIC,enemy_phase / p_died：基线=0；固执独发=0；疯狂独发=1；并施 A→B=0；B→A=0（可加预期=1）,False,固执+疯狂@dodge_then_round;固执+疯狂@enemy_phase;固执+疯狂@rounds,HIGH
固执,净化,0,17,0,,所有探针/通道上均无可加偏离（各自独立）,False,固执+净化@none,MEDIUM
固执,减速,0,17,0,,所有探针/通道上均无可加偏离（各自独立）,False,固执+减速@none,MEDIUM
固执,必中,0,17,0,,所有探针/通道上均无可加偏离（各自独立）,False,固执+必中@none,MEDIUM
固执,自愈,2,17,1,OUTPUT_ARITHMETIC,rounds / p_hp：基线=-180；固执独发=-9；自愈独发=180；并施 A→B=200；B→A=200（可加预期=531）,False,固执+自愈@rounds,HIGH
固执,飞行,2,17,1,OUTPUT_ARITHMETIC,enemy_phase / p_hp：基线=-60；固执独发=-3；飞行独发=0；并施 A→B=0；B→A=0（可加预期=117）,False,固执+飞行@enemy_phase;固执+飞行@rounds,HIGH
固执,愤怒,0,17,0,,所有探针/通道上均无可加偏离（各自独立）,False,固执+愤怒@none,MEDIUM
固执,自残,0,17,0,,所有探针/通道上均无可加偏离（各自独立）,False,固执+自残@none,MEDIUM
固执,无神,2,17,1,OUTPUT_ARITHMETIC,enemy_phase / p_hp：基线=-60；固执独发=-3；无神独发=0；并施 A→B=0；B→A=0（可加预期=117）,False,固执+无神@enemy_phase;固执+无神@rounds,HIGH
固执,借力,0,17,0,,所有探针/通道上均无可加偏离（各自独立）,False,固执+借力@none,MEDIUM
固执,弱化,2,17,1,OUTPUT_ARITHMETIC,enemy_phase / p_hp：基线=-60；固执独发=-3；弱化独发=-51；并施 A→B=-3；B→A=-3（可加预期=66）,False,固执+弱化@enemy_phase;固执+弱化@rounds,HIGH
固执,自食,0,17,0,,所有探针/通道上均无可加偏离（各自独立）,False,固执+自食@none,MEDIUM
固执,兴奋,0,17,0,,所有探针/通道上均无可加偏离（各自独立）,False,固执+兴奋@none,MEDIUM
固执,无力,0,17,0,,所有探针/通道上均无可加偏离（各自独立）,False,固执+无力@none,MEDIUM
固执,全速,0,17,0,,所有探针/通道上均无可加偏离（各自独立）,False,固执+全速@none,MEDIUM
固执,急速,0,17,0,,所有探针/通道上均无可加偏离（各自独立）,False,固执+急速@none,MEDIUM
固执,加速,0,17,0,,所有探针/通道上均无可加偏离（各自独立）,False,固执+加速@none,MEDIUM
固执,眩晕,2,17,1,OUTPUT_ARITHMETIC,enemy_phase / p_hp：基线=-60；固执独发=-3；眩晕独发=0；并施 A→B=0；B→A=0（可加预期=117）,False,固执+眩晕@enemy_phase;固执+眩晕@rounds,HIGH
固执,洞察,2,17,1,OUTPUT_ARITHMETIC,dodge_then_round / stRp:固执：基线=0；固执独发=-1；洞察独发=0；并施 A→B=0；B→A=0（可加预期=-1）,False,固执+洞察@dodge_then_round,HIGH
固执,蒙蔽,2,17,1,OUTPUT_ARITHMETIC,enemy_phase / p_hp：基线=-60；固执独发=-3；蒙蔽独发=0；并施 A→B=0；B→A=0（可加预期=117）,False,固执+蒙蔽@enemy_phase;固执+蒙蔽@rounds,HIGH
固执,滋养,0,17,0,,所有探针/通道上均无可加偏离（各自独立）,False,固执+滋养@none,MEDIUM
固执,衰败,0,17,0,,所有探针/通道上均无可加偏离（各自独立）,False,固执+衰败@none,MEDIUM
固执,寄生,1,17,0,,同通道线性叠加：p_hp,False,固执+寄生@none,HIGH
固执,滑翔,2,17,1,OUTPUT_ARITHMETIC,enemy_phase / p_hp：基线=-60；固执独发=-3；滑翔独发=0；并施 A→B=0；B→A=0（可加预期=117）,False,固执+滑翔@enemy_phase;固执+滑翔@rounds,HIGH
固执,坠落,0,17,0,,所有探针/通道上均无可加偏离（各自独立）,False,固执+坠落@none,MEDIUM
固执,变形,2,17,1,OUTPUT_ARITHMETIC,enemy_phase / p_hp：基线=-60；固执独发=-3；变形独发=-9；并施 A→B=-3；B→A=-3（可加预期=108）,False,固执+变形@enemy_phase;固执+变形@rounds,HIGH
固执,定型,0,17,0,,所有探针/通道上均无可加偏离（各自独立）,False,固执+定型@none,MEDIUM
固执,畸变,0,17,0,,所有探针/通道上均无可加偏离（各自独立）,False,固执+畸变@none,MEDIUM
固执,搏命,2,17,1,OUTPUT_ARITHMETIC,dodge_then_round / stRp:固执：基线=0；固执独发=-1；搏命独发=0；并施 A→B=0；B→A=0（可加预期=-1）,False,固执+搏命@dodge_then_round,HIGH
固执,超频,0,17,0,,所有探针/通道上均无可加偏离（各自独立）,False,固执+超频@none,MEDIUM
固执,坏死,0,17,0,,所有探针/通道上均无可加偏离（各自独立）,False,固执+坏死@none,MEDIUM
固执,爆裂,0,17,0,,所有探针/通道上均无可加偏离（各自独立）,False,固执+爆裂@none,MEDIUM
固执,退化,0,17,0,,所有探针/通道上均无可加偏离（各自独立）,False,固执+退化@none,MEDIUM
固执,加害,0,17,0,,所有探针/通道上均无可加偏离（各自独立）,False,固执+加害@none,MEDIUM
固执,失忆,0,17,0,,所有探针/通道上均无可加偏离（各自独立）,False,固执+失忆@none,MEDIUM
固执,逼债,0,17,0,,所有探针/通道上均无可加偏离（各自独立）,False,固执+逼债@none,MEDIUM
固执,豪夺,0,17,0,,所有探针/通道上均无可加偏离（各自独立）,False,固执+豪夺@none,MEDIUM
固执,清算,0,17,0,,所有探针/通道上均无可加偏离（各自独立）,False,固执+清算@none,MEDIUM
固执,赎金,0,17,0,,所有探针/通道上均无可加偏离（各自独立）,False,固执+赎金@none,MEDIUM
固执,假钞,0,17,0,,所有探针/通道上均无可加偏离（各自独立）,False,固执+假钞@none,MEDIUM
固执,赌命,2,17,1,OUTPUT_ARITHMETIC,rounds / p_died：基线=0；固执独发=0；赌命独发=1；并施 A→B=0；B→A=0（可加预期=1）,False,固执+赌命@rounds,HIGH
固执,消灾,0,17,0,,所有探针/通道上均无可加偏离（各自独立）,False,固执+消灾@none,MEDIUM
固执,龙鳞,2,17,1,OUTPUT_ARITHMETIC,incoming_big / p_hp：基线=-100；固执独发=-1；龙鳞独发=-97；并施 A→B=-1；B→A=-1（可加预期=102）,False,固执+龙鳞@enemy_phase;固执+龙鳞@hurt_then_attack;固执+龙鳞@incoming_big,HIGH
固执,逆鳞,2,17,1,OUTPUT_ARITHMETIC,hurt_then_attack / e_hp：基线=-275；固执独发=-275；逆鳞独发=-325；并施 A→B=-276；B→A=-276（可加预期=-50）,False,固执+逆鳞@hurt_then_attack,HIGH
固执,活血,2,17,1,OUTPUT_ARITHMETIC,rounds / p_hp：基线=-180；固执独发=-9；活血独发=-120；并施 A→B=-7；B→A=-7（可加预期=231）,False,固执+活血@rounds,HIGH
固执,裂变,2,17,1,OUTPUT_ARITHMETIC,enemy_phase / p_hp：基线=-60；固执独发=-3；裂变独发=-63；并施 A→B=-9；B→A=-9（可加预期=54）,False,固执+裂变@enemy_phase;固执+裂变@rounds,HIGH
固执,嫁祸,2,17,1,OUTPUT_ARITHMETIC,incoming_big / p_hp：基线=-100；固执独发=-1；嫁祸独发=0；并施 A→B=0；B→A=0（可加预期=199）,False,固执+嫁祸@enemy_phase;固执+嫁祸@hurt_then_attack;固执+嫁祸@incoming_big,HIGH
固执,背负,0,17,0,,所有探针/通道上均无可加偏离（各自独立）,False,固执+背负@none,MEDIUM
固执,伤痕,0,17,0,,所有探针/通道上均无可加偏离（各自独立）,False,固执+伤痕@none,MEDIUM
固执,分裂,0,17,0,,所有探针/通道上均无可加偏离（各自独立）,False,固执+分裂@none,MEDIUM
固执,尸爆,2,17,0,CAST_EXECUTION|ORDER_SENSITIVE|OUTPUT_ARITHMETIC,"[执行受限 {'B独发': '尸爆留下待裁定中断(死之传承)', 'A→B': '尸爆留下待裁定中断(死之传承)', 'B→A': '尸爆留下待裁定中断(死之传承)；固执发动失败(有待处理的中断等待DM裁定)；固执留下待裁定中断()'}] __cast__ / st+p:固执：基线=0；固执独发=3；尸爆独发=0；并施 A→B=3；B→A=0（可加预期=3）",True,固执+尸爆@__cast__;固执+尸爆@dodge_then_round;固执+尸爆@enemy_phase,UNVERIFIED
固执,缄默,0,17,0,,所有探针/通道上均无可加偏离（各自独立）,False,固执+缄默@none,MEDIUM
固执,瓦解,0,17,0,,所有探针/通道上均无可加偏离（各自独立）,False,固执+瓦解@none,MEDIUM
固执,冥气,0,17,0,,所有探针/通道上均无可加偏离（各自独立）,False,固执+冥气@none,MEDIUM
固执,勾魂,0,17,0,,所有探针/通道上均无可加偏离（各自独立）,False,固执+勾魂@none,MEDIUM
固执,镇尸,0,17,0,,所有探针/通道上均无可加偏离（各自独立）,False,固执+镇尸@none,MEDIUM
固执,招魂,0,17,0,,所有探针/通道上均无可加偏离（各自独立）,False,固执+招魂@none,MEDIUM
血债,波及,0,17,0,,所有探针/通道上均无可加偏离（各自独立）,False,血债+波及@none,MEDIUM
血债,增殖,0,17,0,,所有探针/通道上均无可加偏离（各自独立）,False,血债+增殖@none,MEDIUM
血债,束缚,0,17,0,,所有探针/通道上均无可加偏离（各自独立）,False,血债+束缚@none,MEDIUM
血债,透支,1,17,0,,同通道线性叠加：p_hp,False,血债+透支@none,HIGH
血债,贯穿,0,17,0,,所有探针/通道上均无可加偏离（各自独立）,False,血债+贯穿@none,MEDIUM
血债,封印,2,17,0,CAST_EXECUTION|ORDER_SENSITIVE|OUTPUT_ARITHMETIC,[执行受限 {'B→A': '血债发动失败(target_ref不是当前合法实体)'}] __cast__ / e_hp：基线=0；血债独发=-3；封印独发=-3000；并施 A→B=-3000；B→A=-3000（可加预期=-3003）,True,血债+封印@__cast__;血债+封印@kill_enemy,UNVERIFIED
血债,狂暴,0,17,0,,所有探针/通道上均无可加偏离（各自独立）,False,血债+狂暴@none,MEDIUM
血债,全力,0,17,0,,所有探针/通道上均无可加偏离（各自独立）,False,血债+全力@none,MEDIUM
血债,疯狂,2,17,1,OUTPUT_ARITHMETIC,enemy_phase / p_hp：基线=-60；血债独发=-60；疯狂独发=-200；并施 A→B=-197；B→A=-197（可加预期=-140）,False,血债+疯狂@enemy_phase;血债+疯狂@rounds,HIGH
血债,净化,0,17,0,,所有探针/通道上均无可加偏离（各自独立）,False,血债+净化@none,MEDIUM
血债,减速,0,17,0,,所有探针/通道上均无可加偏离（各自独立）,False,血债+减速@none,MEDIUM
血债,必中,0,17,0,,所有探针/通道上均无可加偏离（各自独立）,False,血债+必中@none,MEDIUM
血债,自愈,0,17,0,,所有探针/通道上均无可加偏离（各自独立）,False,血债+自愈@none,MEDIUM
血债,飞行,0,17,0,,所有探针/通道上均无可加偏离（各自独立）,False,血债+飞行@none,MEDIUM
血债,愤怒,0,17,0,,所有探针/通道上均无可加偏离（各自独立）,False,血债+愤怒@none,MEDIUM
血债,自残,1,17,0,,同通道线性叠加：e_hp,False,血债+自残@none,HIGH
血债,无神,0,17,0,,所有探针/通道上均无可加偏离（各自独立）,False,血债+无神@none,MEDIUM
血债,借力,0,17,0,,所有探针/通道上均无可加偏离（各自独立）,False,血债+借力@none,MEDIUM
血债,弱化,0,17,0,,所有探针/通道上均无可加偏离（各自独立）,False,血债+弱化@none,MEDIUM
血债,自食,1,17,0,,同通道线性叠加：p_hp,False,血债+自食@none,HIGH
血债,兴奋,0,17,0,,所有探针/通道上均无可加偏离（各自独立）,False,血债+兴奋@none,MEDIUM
血债,无力,0,17,0,,所有探针/通道上均无可加偏离（各自独立）,False,血债+无力@none,MEDIUM
血债,全速,0,17,0,,所有探针/通道上均无可加偏离（各自独立）,False,血债+全速@none,MEDIUM
血债,急速,0,17,0,,所有探针/通道上均无可加偏离（各自独立）,False,血债+急速@none,MEDIUM
血债,加速,0,17,0,,所有探针/通道上均无可加偏离（各自独立）,False,血债+加速@none,MEDIUM
血债,眩晕,2,17,1,ORDER_SENSITIVE|OUTPUT_ARITHMETIC,enemy_phase / p_hp：基线=-60；血债独发=-60；眩晕独发=0；并施 A→B=0；B→A=-60（可加预期=60）,True,血债+眩晕@dodge_then_round;血债+眩晕@enemy_phase;血债+眩晕@enemy_phase_dodge,HIGH
血债,洞察,0,17,0,,所有探针/通道上均无可加偏离（各自独立）,False,血债+洞察@none,MEDIUM
血债,蒙蔽,0,17,0,,所有探针/通道上均无可加偏离（各自独立）,False,血债+蒙蔽@none,MEDIUM
血债,滋养,1,17,0,,同通道线性叠加：p_hp,False,血债+滋养@none,HIGH
血债,衰败,0,17,0,,所有探针/通道上均无可加偏离（各自独立）,False,血债+衰败@none,MEDIUM
血债,寄生,2,17,1,CAST_EXECUTION|ORDER_SENSITIVE|OUTPUT_ARITHMETIC,__cast__ / p_hp：基线=0；血债独发=-3；寄生独发=0；并施 A→B=-3；B→A=0（可加预期=-3）,True,血债+寄生@__cast__;血债+寄生@kill_enemy;血债+寄生@player_attacks,HIGH
血债,滑翔,0,17,0,,所有探针/通道上均无可加偏离（各自独立）,False,血债+滑翔@none,MEDIUM
血债,坠落,0,17,0,,所有探针/通道上均无可加偏离（各自独立）,False,血债+坠落@none,MEDIUM
血债,变形,0,17,0,,所有探针/通道上均无可加偏离（各自独立）,False,血债+变形@none,MEDIUM
血债,定型,0,17,0,,所有探针/通道上均无可加偏离（各自独立）,False,血债+定型@none,MEDIUM
血债,畸变,2,17,1,OUTPUT_ARITHMETIC,rounds / e_hp：基线=0；血债独发=0；畸变独发=-180；并施 A→B=-177；B→A=-177（可加预期=-180）,False,血债+畸变@dodge_then_round;血债+畸变@rounds,HIGH
血债,搏命,0,17,0,,所有探针/通道上均无可加偏离（各自独立）,False,血债+搏命@none,MEDIUM
血债,超频,0,17,0,,所有探针/通道上均无可加偏离（各自独立）,False,血债+超频@none,MEDIUM
血债,坏死,0,17,0,,所有探针/通道上均无可加偏离（各自独立）,False,血债+坏死@none,MEDIUM
血债,爆裂,0,17,0,,所有探针/通道上均无可加偏离（各自独立）,False,血债+爆裂@none,MEDIUM
血债,退化,0,17,0,,所有探针/通道上均无可加偏离（各自独立）,False,血债+退化@none,MEDIUM
血债,加害,2,17,1,CAST_EXECUTION|ORDER_SENSITIVE|OUTPUT_ARITHMETIC,__cast__ / e_hp：基线=0；血债独发=-3；加害独发=0；并施 A→B=-3；B→A=-12（可加预期=-3）,True,血债+加害@__cast__;血债+加害@kill_enemy,HIGH
血债,失忆,0,17,0,,所有探针/通道上均无可加偏离（各自独立）,False,血债+失忆@none,MEDIUM
血债,逼债,0,17,0,,所有探针/通道上均无可加偏离（各自独立）,False,血债+逼债@none,MEDIUM
血债,豪夺,0,17,0,,所有探针/通道上均无可加偏离（各自独立）,False,血债+豪夺@none,MEDIUM
血债,清算,0,17,0,,所有探针/通道上均无可加偏离（各自独立）,False,血债+清算@none,MEDIUM
血债,赎金,0,17,0,,所有探针/通道上均无可加偏离（各自独立）,False,血债+赎金@none,MEDIUM
血债,假钞,0,17,0,,所有探针/通道上均无可加偏离（各自独立）,False,血债+假钞@none,MEDIUM
血债,赌命,2,17,1,OUTPUT_ARITHMETIC,rounds / p_hp：基线=-180；血债独发=-180；赌命独发=-200；并施 A→B=-197；B→A=-197（可加预期=-20）,False,血债+赌命@rounds,HIGH
血债,消灾,0,17,0,,所有探针/通道上均无可加偏离（各自独立）,False,血债+消灾@none,MEDIUM
血债,龙鳞,0,17,0,,所有探针/通道上均无可加偏离（各自独立）,False,血债+龙鳞@none,MEDIUM
血债,逆鳞,1,17,0,,同通道线性叠加：p_hp,False,血债+逆鳞@none,HIGH
血债,活血,2,17,1,EVENT_CONVERSION|OUTPUT_ARITHMETIC,rounds / p_hp：基线=-180；血债独发=-180；活血独发=-120；并施 A→B=-119；B→A=-119（可加预期=60）,False,血债+活血@dodge_then_round;血债+活血@rounds,HIGH
血债,裂变,0,17,0,,所有探针/通道上均无可加偏离（各自独立）,False,血债+裂变@none,MEDIUM
血债,嫁祸,0,17,0,,所有探针/通道上均无可加偏离（各自独立）,False,血债+嫁祸@none,MEDIUM
血债,背负,0,17,0,,所有探针/通道上均无可加偏离（各自独立）,False,血债+背负@none,MEDIUM
血债,伤痕,2,17,1,CAST_EXECUTION|ORDER_SENSITIVE|OUTPUT_ARITHMETIC,__cast__ / e_hp：基线=0；血债独发=-3；伤痕独发=0；并施 A→B=-3；B→A=-9（可加预期=-3）,True,血债+伤痕@__cast__;血债+伤痕@kill_enemy,HIGH
血债,分裂,0,17,0,,所有探针/通道上均无可加偏离（各自独立）,False,血债+分裂@none,MEDIUM
血债,尸爆,2,17,0,CAST_EXECUTION|ORDER_SENSITIVE|OUTPUT_ARITHMETIC,"[执行受限 {'B独发': '尸爆留下待裁定中断(死之传承)', 'A→B': '尸爆留下待裁定中断(死之传承)', 'B→A': '尸爆留下待裁定中断(死之传承)；血债发动失败(有待处理的中断等待DM裁定)；血债留下待裁定中断()'}] __cast__ / e_hp：基线=0；血债独发=-3；尸爆独发=-120；并施 A→B=-123；B→A=-120（可加预期=-123）",True,血债+尸爆@__cast__;血债+尸爆@kill_enemy,UNVERIFIED
血债,缄默,0,17,0,,所有探针/通道上均无可加偏离（各自独立）,False,血债+缄默@none,MEDIUM
血债,瓦解,2,17,1,CAST_EXECUTION|ORDER_SENSITIVE|OUTPUT_ARITHMETIC,__cast__ / e_hp：基线=0；血债独发=-3；瓦解独发=-900；并施 A→B=-900；B→A=-903（可加预期=-903）,True,血债+瓦解@__cast__;血债+瓦解@kill_enemy,HIGH
血债,冥气,0,17,0,,所有探针/通道上均无可加偏离（各自独立）,False,血债+冥气@none,MEDIUM
血债,勾魂,0,17,0,,所有探针/通道上均无可加偏离（各自独立）,False,血债+勾魂@none,MEDIUM
血债,镇尸,0,17,0,,所有探针/通道上均无可加偏离（各自独立）,False,血债+镇尸@none,MEDIUM
血债,招魂,0,17,0,,所有探针/通道上均无可加偏离（各自独立）,False,血债+招魂@none,MEDIUM
波及,增殖,1,17,0,,"同通道线性叠加：e_hp,p_mana,p_pow",False,波及+增殖@none,HIGH
波及,束缚,0,17,0,,所有探针/通道上均无可加偏离（各自独立）,False,波及+束缚@none,MEDIUM
波及,透支,1,17,0,,"同通道线性叠加：e_hp,p_mana,p_pow",False,波及+透支@none,HIGH
波及,贯穿,1,17,0,,"同通道线性叠加：e_hp,p_mana,p_pow",False,波及+贯穿@none,HIGH
波及,封印,2,17,0,CAST_EXECUTION|ORDER_SENSITIVE|OUTPUT_ARITHMETIC|RESOURCE_FEEDBACK,[执行受限 {'B→A': '波及发动失败(波及必须为1个目标显式提交dodge_targets)'}] __cast__ / p_mana：基线=0；波及独发=-2；封印独发=0；并施 A→B=-2；B→A=0（可加预期=-2）,True,波及+封印@__cast__;波及+封印@hurt_then_attack;波及+封印@player_attacks,UNVERIFIED
波及,狂暴,0,17,0,,所有探针/通道上均无可加偏离（各自独立）,False,波及+狂暴@none,MEDIUM
波及,全力,2,17,1,CAST_EXECUTION|EVENT_CONVERSION|ORDER_SENSITIVE|OUTPUT_ARITHMETIC,__cast__ / p_pow：基线=0；波及独发=-2；全力独发=5；并施 A→B=5；B→A=5（可加预期=3）,True,波及+全力@__cast__;波及+全力@dodge_then_round;波及+全力@hurt_then_attack,HIGH
波及,疯狂,0,17,0,,所有探针/通道上均无可加偏离（各自独立）,False,波及+疯狂@none,MEDIUM
波及,净化,1,17,0,,"同通道线性叠加：e_hp,p_mana,p_pow",False,波及+净化@none,HIGH
波及,减速,0,17,0,,所有探针/通道上均无可加偏离（各自独立）,False,波及+减速@none,MEDIUM
波及,必中,0,17,0,,所有探针/通道上均无可加偏离（各自独立）,False,波及+必中@none,MEDIUM
波及,自愈,0,17,0,,所有探针/通道上均无可加偏离（各自独立）,False,波及+自愈@none,MEDIUM
波及,飞行,0,17,0,,所有探针/通道上均无可加偏离（各自独立）,False,波及+飞行@none,MEDIUM
波及,愤怒,2,17,1,CAST_EXECUTION|ORDER_SENSITIVE|OUTPUT_ARITHMETIC|RESOURCE_FEEDBACK,__cast__ / p_mana：基线=0；波及独发=-2；愤怒独发=-6；并施 A→B=-8；B→A=-7（可加预期=-8）,True,波及+愤怒@__cast__;波及+愤怒@dodge_then_round;波及+愤怒@hurt_then_attack,HIGH
波及,自残,1,17,0,,"同通道线性叠加：e_hp,p_mana,p_pow",False,波及+自残@none,HIGH
波及,无神,1,17,0,,"同通道线性叠加：e_hp,p_mana,p_pow",False,波及+无神@none,HIGH
波及,借力,2,17,1,CAST_EXECUTION|ORDER_SENSITIVE|OUTPUT_ARITHMETIC,__cast__ / st+e:借力：基线=0；波及独发=0；借力独发=0；并施 A→B=3；B→A=0（可加预期=0）,True,波及+借力@__cast__;波及+借力@enemy_phase;波及+借力@hurt_then_attack,HIGH
波及,弱化,1,17,0,,"同通道线性叠加：e_hp,p_mana,p_pow",False,波及+弱化@none,HIGH
波及,自食,1,17,0,,"同通道线性叠加：e_hp,p_mana,p_pow",False,波及+自食@none,HIGH
波及,兴奋,2,17,1,CAST_EXECUTION|ORDER_SENSITIVE|OUTPUT_ARITHMETIC,__cast__ / st+e:兴奋：基线=0；波及独发=0；兴奋独发=0；并施 A→B=3；B→A=0（可加预期=0）,True,波及+兴奋@__cast__;波及+兴奋@dodge_then_round;波及+兴奋@rounds,HIGH
波及,无力,1,17,0,,"同通道线性叠加：e_hp,p_mana,p_pow",False,波及+无力@none,HIGH
波及,全速,2,17,1,CAST_EXECUTION|EVENT_CONVERSION|ORDER_SENSITIVE|OUTPUT_ARITHMETIC,__cast__ / st+e:全速：基线=0；波及独发=0；全速独发=0；并施 A→B=3；B→A=0（可加预期=0）,True,波及+全速@__cast__;波及+全速@dodge_then_round;波及+全速@rounds,HIGH
波及,急速,2,17,1,CAST_EXECUTION|ORDER_SENSITIVE|OUTPUT_ARITHMETIC,__cast__ / st+e:急速：基线=0；波及独发=0；急速独发=0；并施 A→B=3；B→A=0（可加预期=0）,True,波及+急速@__cast__;波及+急速@dodge_then_round;波及+急速@enemy_phase_dodge,HIGH
波及,加速,2,17,1,CAST_EXECUTION|ORDER_SENSITIVE|OUTPUT_ARITHMETIC,__cast__ / st+e:加速：基线=0；波及独发=0；加速独发=0；并施 A→B=3；B→A=0（可加预期=0）,True,波及+加速@__cast__;波及+加速@dodge_then_round;波及+加速@rounds,HIGH
波及,眩晕,1,17,0,,"同通道线性叠加：e_hp,p_mana,p_pow",False,波及+眩晕@none,HIGH
波及,洞察,2,17,1,CAST_EXECUTION|ORDER_SENSITIVE|OUTPUT_ARITHMETIC,__cast__ / st+e:洞察：基线=0；波及独发=0；洞察独发=0；并施 A→B=3；B→A=0（可加预期=0）,True,波及+洞察@__cast__;波及+洞察@hurt_then_attack;波及+洞察@player_attacks,HIGH
波及,蒙蔽,1,17,0,,"同通道线性叠加：e_hp,p_mana,p_pow",False,波及+蒙蔽@none,HIGH
波及,滋养,1,17,0,,"同通道线性叠加：e_hp,p_mana,p_pow",False,波及+滋养@none,HIGH
波及,衰败,1,17,0,,"同通道线性叠加：e_hp,p_mana,p_pow",False,波及+衰败@none,HIGH
波及,寄生,2,17,1,OUTPUT_ARITHMETIC,hurt_then_attack / p_hp：基线=-50；波及独发=-50；寄生独发=90；并施 A→B=85；B→A=85（可加预期=140）,False,波及+寄生@hurt_then_attack,HIGH
波及,滑翔,1,17,0,,"同通道线性叠加：e_hp,p_mana,p_pow",False,波及+滑翔@none,HIGH
波及,坠落,1,17,0,,"同通道线性叠加：e_hp,p_mana,p_pow",False,波及+坠落@none,HIGH
波及,变形,1,17,0,,"同通道线性叠加：e_hp,p_mana,p_pow",False,波及+变形@none,HIGH
波及,定型,2,17,1,CAST_EXECUTION|ORDER_SENSITIVE|OUTPUT_ARITHMETIC,__cast__ / st+e:定型：基线=0；波及独发=0；定型独发=0；并施 A→B=3；B→A=0（可加预期=0）,True,波及+定型@__cast__;波及+定型@dodge_then_round;波及+定型@rounds,HIGH
波及,畸变,0,17,0,,所有探针/通道上均无可加偏离（各自独立）,False,波及+畸变@none,MEDIUM
波及,搏命,2,17,1,OUTPUT_ARITHMETIC,player_attacks / e_hp：基线=-550；波及独发=-530；搏命独发=-232；并施 A→B=-224；B→A=-224（可加预期=338）,False,波及+搏命@hurt_then_attack;波及+搏命@player_attacks,HIGH
波及,超频,1,17,0,,"同通道线性叠加：e_hp,p_mana,p_pow",False,波及+超频@none,HIGH
波及,坏死,1,17,0,,"同通道线性叠加：e_hp,p_mana,p_pow",False,波及+坏死@none,HIGH
波及,爆裂,2,17,1,CAST_EXECUTION|EVENT_CONVERSION|ORDER_SENSITIVE|OUTPUT_ARITHMETIC,__cast__ / st+e:爆裂：基线=0；波及独发=0；爆裂独发=0；并施 A→B=3；B→A=0（可加预期=0）,True,波及+爆裂@__cast__;波及+爆裂@dodge_then_round;波及+爆裂@enemy_phase,HIGH
波及,退化,1,17,0,,"同通道线性叠加：e_hp,p_mana,p_pow",False,波及+退化@none,HIGH
波及,加害,1,17,0,,"同通道线性叠加：e_hp,p_mana,p_pow",False,波及+加害@none,HIGH
波及,失忆,1,17,0,,"同通道线性叠加：e_hp,p_mana,p_pow",False,波及+失忆@none,HIGH
波及,逼债,1,17,0,,"同通道线性叠加：e_hp,p_mana,p_pow",False,波及+逼债@none,HIGH
波及,豪夺,0,17,0,,所有探针/通道上均无可加偏离（各自独立）,False,波及+豪夺@none,MEDIUM
波及,清算,1,17,0,,"同通道线性叠加：e_hp,p_mana,p_pow",False,波及+清算@none,HIGH
波及,赎金,1,17,0,,"同通道线性叠加：e_hp,p_mana,p_pow",False,波及+赎金@none,HIGH
波及,假钞,1,17,0,,"同通道线性叠加：e_hp,p_mana,p_pow",False,波及+假钞@none,HIGH
波及,赌命,2,17,1,CAST_EXECUTION|ORDER_SENSITIVE|OUTPUT_ARITHMETIC,__cast__ / st+e:赌命：基线=0；波及独发=0；赌命独发=0；并施 A→B=3；B→A=0（可加预期=0）,True,波及+赌命@__cast__;波及+赌命@dodge_then_round;波及+赌命@rounds,HIGH
波及,消灾,0,17,0,,所有探针/通道上均无可加偏离（各自独立）,False,波及+消灾@none,MEDIUM
波及,龙鳞,2,17,1,CAST_EXECUTION|ORDER_SENSITIVE|OUTPUT_ARITHMETIC,__cast__ / st+e:龙鳞：基线=0；波及独发=0；龙鳞独发=0；并施 A→B=3；B→A=0（可加预期=0）,True,波及+龙鳞@__cast__;波及+龙鳞@enemy_phase;波及+龙鳞@hurt_then_attack,HIGH
波及,逆鳞,2,17,1,CAST_EXECUTION|ORDER_SENSITIVE|OUTPUT_ARITHMETIC,__cast__ / st+e:逆鳞：基线=0；波及独发=0；逆鳞独发=0；并施 A→B=3；B→A=0（可加预期=0）,True,波及+逆鳞@__cast__;波及+逆鳞@dodge_then_round;波及+逆鳞@hurt_then_attack,HIGH
波及,活血,2,17,1,CAST_EXECUTION|ORDER_SENSITIVE|OUTPUT_ARITHMETIC,__cast__ / st+e:活血：基线=0；波及独发=0；活血独发=0；并施 A→B=3；B→A=0（可加预期=0）,True,波及+活血@__cast__;波及+活血@dodge_then_round;波及+活血@rounds,HIGH
波及,裂变,2,17,1,CAST_EXECUTION|ORDER_SENSITIVE|OUTPUT_ARITHMETIC,__cast__ / st+e:裂变：基线=0；波及独发=0；裂变独发=0；并施 A→B=3；B→A=0（可加预期=0）,True,波及+裂变@__cast__;波及+裂变@enemy_phase;波及+裂变@hurt_then_attack,HIGH
波及,嫁祸,1,17,0,,"同通道线性叠加：e_hp,p_mana,p_pow",False,波及+嫁祸@none,HIGH
波及,背负,2,17,1,CAST_EXECUTION|ORDER_SENSITIVE,__cast__ / st+e:被背负：基线=0；波及独发=0；背负独发=0；并施 A→B=3；B→A=0（可加预期=0）,True,波及+背负@__cast__,HIGH
波及,伤痕,1,17,0,,"同通道线性叠加：e_hp,p_mana,p_pow",False,波及+伤痕@none,HIGH
波及,分裂,0,17,0,,所有探针/通道上均无可加偏离（各自独立）,False,波及+分裂@none,MEDIUM
波及,尸爆,2,17,0,CAST_EXECUTION|ORDER_SENSITIVE|OUTPUT_ARITHMETIC|RESOURCE_FEEDBACK,"[执行受限 {'B独发': '尸爆留下待裁定中断(死之传承)', 'A→B': '尸爆留下待裁定中断(死之传承)', 'B→A': '尸爆留下待裁定中断(死之传承)；波及发动失败(有待处理的中断等待DM裁定)；波及留下待裁定中断()'}] __cast__ / p_mana：基线=0；波及独发=-2；尸爆独发=-9；并施 A→B=-11；B→A=-9（可加预期=-11）",True,波及+尸爆@__cast__;波及+尸爆@hurt_then_attack;波及+尸爆@player_attacks,UNVERIFIED
波及,缄默,2,17,1,CAST_EXECUTION|ORDER_SENSITIVE|OUTPUT_ARITHMETIC,__cast__ / st+e:缄默：基线=0；波及独发=0；缄默独发=0；并施 A→B=1；B→A=0（可加预期=0）,True,波及+缄默@__cast__;波及+缄默@dodge_then_round;波及+缄默@rounds,HIGH
波及,瓦解,1,17,0,,"同通道线性叠加：e_hp,p_mana,p_pow",False,波及+瓦解@none,HIGH
波及,冥气,1,17,0,,"同通道线性叠加：e_hp,p_mana,p_pow",False,波及+冥气@none,HIGH
波及,勾魂,1,17,0,,"同通道线性叠加：e_hp,p_mana,p_pow",False,波及+勾魂@none,HIGH
波及,镇尸,1,17,0,,"同通道线性叠加：e_hp,p_mana,p_pow",False,波及+镇尸@none,HIGH
波及,招魂,1,17,0,,"同通道线性叠加：e_hp,p_mana,p_pow",False,波及+招魂@none,HIGH
增殖,束缚,0,17,0,,所有探针/通道上均无可加偏离（各自独立）,False,增殖+束缚@none,MEDIUM
增殖,透支,1,17,0,,"同通道线性叠加：e_hp,p_mana,p_pow",False,增殖+透支@none,HIGH
增殖,贯穿,1,17,0,,"同通道线性叠加：e_hp,p_mana,p_pow",False,增殖+贯穿@none,HIGH
增殖,封印,2,17,1,OUTPUT_ARITHMETIC,player_attacks / e_hp：基线=-550；增殖独发=-520；封印独发=0；并施 A→B=0；B→A=0（可加预期=580）,False,增殖+封印@hurt_then_attack;增殖+封印@player_attacks,HIGH
增殖,狂暴,0,17,0,,所有探针/通道上均无可加偏离（各自独立）,False,增殖+狂暴@none,MEDIUM
增殖,全力,2,17,1,CAST_EXECUTION|OUTPUT_ARITHMETIC,__cast__ / p_pow：基线=0；增殖独发=-3；全力独发=5；并施 A→B=5；B→A=5（可加预期=2）,False,增殖+全力@__cast__;增殖+全力@hurt_then_attack;增殖+全力@player_attacks,HIGH
增殖,疯狂,0,17,0,,所有探针/通道上均无可加偏离（各自独立）,False,增殖+疯狂@none,MEDIUM
增殖,净化,1,17,0,,"同通道线性叠加：e_hp,p_mana,p_pow",False,增殖+净化@none,HIGH
增殖,减速,0,17,0,,所有探针/通道上均无可加偏离（各自独立）,False,增殖+减速@none,MEDIUM
增殖,必中,0,17,0,,所有探针/通道上均无可加偏离（各自独立）,False,增殖+必中@none,MEDIUM
增殖,自愈,2,17,1,OUTPUT_ARITHMETIC,rounds / p_hp：基线=-180；增殖独发=-180；自愈独发=180；并施 A→B=183；B→A=183（可加预期=360）,False,增殖+自愈@dodge_then_round;增殖+自愈@rounds,HIGH
增殖,飞行,0,17,0,,所有探针/通道上均无可加偏离（各自独立）,False,增殖+飞行@none,MEDIUM
增殖,愤怒,2,17,1,CAST_EXECUTION|ORDER_SENSITIVE|OUTPUT_ARITHMETIC|RESOURCE_FEEDBACK,__cast__ / p_mana：基线=0；增殖独发=-3；愤怒独发=-6；并施 A→B=-9；B→A=-8（可加预期=-9）,True,增殖+愤怒@__cast__;增殖+愤怒@hurt_then_attack;增殖+愤怒@player_attacks,HIGH
增殖,自残,1,17,0,,"同通道线性叠加：e_hp,p_mana,p_pow",False,增殖+自残@none,HIGH
增殖,无神,1,17,0,,"同通道线性叠加：e_hp,p_mana,p_pow",False,增殖+无神@none,HIGH
增殖,借力,2,17,1,OUTPUT_ARITHMETIC,player_attacks / e_hp：基线=-550；增殖独发=-520；借力独发=-600；并施 A→B=-560；B→A=-560（可加预期=-20）,False,增殖+借力@hurt_then_attack;增殖+借力@player_attacks,HIGH
增殖,弱化,1,17,0,,"同通道线性叠加：e_hp,p_mana,p_pow",False,增殖+弱化@none,HIGH
增殖,自食,1,17,0,,"同通道线性叠加：e_hp,p_mana,p_pow",False,增殖+自食@none,HIGH
增殖,兴奋,1,17,0,,"同通道线性叠加：e_hp,p_mana,p_pow",False,增殖+兴奋@none,HIGH
增殖,无力,1,17,0,,"同通道线性叠加：e_hp,p_mana,p_pow",False,增殖+无力@none,HIGH
增殖,全速,0,17,0,,所有探针/通道上均无可加偏离（各自独立）,False,增殖+全速@none,MEDIUM
增殖,急速,1,17,0,,"同通道线性叠加：e_hp,p_mana,p_pow",False,增殖+急速@none,HIGH
增殖,加速,1,17,0,,"同通道线性叠加：e_hp,p_mana,p_pow",False,增殖+加速@none,HIGH
增殖,眩晕,1,17,0,,"同通道线性叠加：e_hp,p_mana,p_pow",False,增殖+眩晕@none,HIGH
增殖,洞察,2,17,1,OUTPUT_ARITHMETIC,player_attacks / e_hp：基线=-550；增殖独发=-520；洞察独发=-220；并施 A→B=-208；B→A=-208（可加预期=360）,False,增殖+洞察@hurt_then_attack;增殖+洞察@player_attacks,HIGH
增殖,蒙蔽,1,17,0,,"同通道线性叠加：e_hp,p_mana,p_pow",False,增殖+蒙蔽@none,HIGH
增殖,滋养,2,17,1,CAST_EXECUTION|ORDER_SENSITIVE,__cast__ / p_hp：基线=0；增殖独发=0；滋养独发=120；并施 A→B=121；B→A=120（可加预期=120）,True,增殖+滋养@__cast__,HIGH
增殖,衰败,1,17,0,,"同通道线性叠加：e_hp,p_mana,p_pow",False,增殖+衰败@none,HIGH
增殖,寄生,2,17,1,OUTPUT_ARITHMETIC,player_attacks / p_hp：基线=0；增殖独发=0；寄生独发=200；并施 A→B=203；B→A=203（可加预期=200）,False,增殖+寄生@hurt_then_attack;增殖+寄生@player_attacks,HIGH
增殖,滑翔,1,17,0,,"同通道线性叠加：e_hp,p_mana,p_pow",False,增殖+滑翔@none,HIGH
增殖,坠落,1,17,0,,"同通道线性叠加：e_hp,p_mana,p_pow",False,增殖+坠落@none,HIGH
增殖,变形,1,17,0,,"同通道线性叠加：e_hp,p_mana,p_pow",False,增殖+变形@none,HIGH
增殖,定型,1,17,0,,"同通道线性叠加：e_hp,p_mana,p_pow",False,增殖+定型@none,HIGH
增殖,畸变,0,17,0,,所有探针/通道上均无可加偏离（各自独立）,False,增殖+畸变@none,MEDIUM
增殖,搏命,2,17,1,OUTPUT_ARITHMETIC,player_attacks / e_hp：基线=-550；增殖独发=-520；搏命独发=-232；并施 A→B=-220；B→A=-220（可加预期=348）,False,增殖+搏命@hurt_then_attack;增殖+搏命@player_attacks,HIGH
增殖,超频,1,17,0,,"同通道线性叠加：e_hp,p_mana,p_pow",False,增殖+超频@none,HIGH
增殖,坏死,1,17,0,,"同通道线性叠加：e_hp,p_mana,p_pow",False,增殖+坏死@none,HIGH
增殖,爆裂,1,17,0,,"同通道线性叠加：e_hp,p_mana,p_pow",False,增殖+爆裂@none,HIGH
增殖,退化,1,17,0,,"同通道线性叠加：e_hp,p_mana,p_pow",False,增殖+退化@none,HIGH
增殖,加害,1,17,0,,"同通道线性叠加：e_hp,p_mana,p_pow",False,增殖+加害@none,HIGH
增殖,失忆,1,17,0,,"同通道线性叠加：e_hp,p_mana,p_pow",False,增殖+失忆@none,HIGH
增殖,逼债,1,17,0,,"同通道线性叠加：e_hp,p_mana,p_pow",False,增殖+逼债@none,HIGH
增殖,豪夺,0,17,0,,所有探针/通道上均无可加偏离（各自独立）,False,增殖+豪夺@none,MEDIUM
增殖,清算,1,17,0,,"同通道线性叠加：e_hp,p_mana,p_pow",False,增殖+清算@none,HIGH
增殖,赎金,1,17,0,,"同通道线性叠加：e_hp,p_mana,p_pow",False,增殖+赎金@none,HIGH
增殖,假钞,1,17,0,,"同通道线性叠加：e_hp,p_mana,p_pow",False,增殖+假钞@none,HIGH
增殖,赌命,0,17,0,,所有探针/通道上均无可加偏离（各自独立）,False,增殖+赌命@none,MEDIUM
增殖,消灾,0,17,0,,所有探针/通道上均无可加偏离（各自独立）,False,增殖+消灾@none,MEDIUM
增殖,龙鳞,1,17,0,,"同通道线性叠加：e_hp,p_mana,p_pow",False,增殖+龙鳞@none,HIGH
增殖,逆鳞,1,17,0,,同通道线性叠加：e_hp,False,增殖+逆鳞@none,HIGH
增殖,活血,1,17,0,,"同通道线性叠加：e_hp,p_mana,p_pow",False,增殖+活血@none,HIGH
增殖,裂变,1,17,0,,"同通道线性叠加：e_hp,p_mana,p_pow",False,增殖+裂变@none,HIGH
增殖,嫁祸,1,17,0,,"同通道线性叠加：e_hp,p_mana,p_pow",False,增殖+嫁祸@none,HIGH
增殖,背负,1,17,0,,"同通道线性叠加：e_hp,p_mana,p_pow",False,增殖+背负@none,HIGH
增殖,伤痕,1,17,0,,"同通道线性叠加：e_hp,p_mana,p_pow",False,增殖+伤痕@none,HIGH
增殖,分裂,1,17,0,,同通道线性叠加：p_bl,False,增殖+分裂@none,HIGH
增殖,尸爆,2,17,0,CAST_EXECUTION|ORDER_SENSITIVE|OUTPUT_ARITHMETIC|RESOURCE_FEEDBACK,"[执行受限 {'B独发': '尸爆留下待裁定中断(死之传承)', 'A→B': '尸爆留下待裁定中断(死之传承)', 'B→A': '尸爆留下待裁定中断(死之传承)；增殖发动失败(有待处理的中断等待DM裁定)；增殖留下待裁定中断()'}] __cast__ / e_hp：基线=0；增殖独发=0；尸爆独发=-120；并施 A→B=-121；B→A=-120（可加预期=-120）",True,增殖+尸爆@__cast__;增殖+尸爆@hurt_then_attack;增殖+尸爆@player_attacks,UNVERIFIED
增殖,缄默,1,17,0,,"同通道线性叠加：e_hp,p_mana,p_pow",False,增殖+缄默@none,HIGH
增殖,瓦解,1,17,0,,"同通道线性叠加：e_hp,p_mana,p_pow",False,增殖+瓦解@none,HIGH
增殖,冥气,1,17,0,,"同通道线性叠加：e_hp,p_mana,p_pow",False,增殖+冥气@none,HIGH
增殖,勾魂,1,17,0,,"同通道线性叠加：e_hp,p_mana,p_pow",False,增殖+勾魂@none,HIGH
增殖,镇尸,1,17,0,,"同通道线性叠加：e_hp,p_mana,p_pow",False,增殖+镇尸@none,HIGH
增殖,招魂,1,17,0,,"同通道线性叠加：e_hp,p_mana,p_pow",False,增殖+招魂@none,HIGH
束缚,透支,0,17,0,,所有探针/通道上均无可加偏离（各自独立）,False,束缚+透支@none,MEDIUM
束缚,贯穿,0,17,0,,所有探针/通道上均无可加偏离（各自独立）,False,束缚+贯穿@none,MEDIUM
束缚,封印,2,17,0,CAST_EXECUTION|ORDER_SENSITIVE|OUTPUT_ARITHMETIC,[执行受限 {'B→A': '束缚发动失败(target_ref不是当前合法实体)'}] __cast__ / st+e:束缚：基线=0；束缚独发=3；封印独发=0；并施 A→B=3；B→A=0（可加预期=3）,True,束缚+封印@__cast__;束缚+封印@dodge_then_round;束缚+封印@enemy_phase,UNVERIFIED
束缚,狂暴,0,17,0,,所有探针/通道上均无可加偏离（各自独立）,False,束缚+狂暴@none,MEDIUM
束缚,全力,0,17,0,,所有探针/通道上均无可加偏离（各自独立）,False,束缚+全力@none,MEDIUM
束缚,疯狂,2,17,1,OUTPUT_ARITHMETIC,enemy_phase / p_died：基线=0；束缚独发=0；疯狂独发=1；并施 A→B=0；B→A=0（可加预期=1）,False,束缚+疯狂@dodge_then_round;束缚+疯狂@enemy_phase;束缚+疯狂@enemy_phase_dodge,HIGH
束缚,净化,0,17,0,,所有探针/通道上均无可加偏离（各自独立）,False,束缚+净化@none,MEDIUM
束缚,减速,0,17,0,,所有探针/通道上均无可加偏离（各自独立）,False,束缚+减速@none,MEDIUM
束缚,必中,0,17,0,,所有探针/通道上均无可加偏离（各自独立）,False,束缚+必中@none,MEDIUM
束缚,自愈,2,17,1,OUTPUT_ARITHMETIC,rounds / p_hp：基线=-180；束缚独发=0；自愈独发=180；并施 A→B=200；B→A=200（可加预期=540）,False,束缚+自愈@rounds,HIGH
束缚,飞行,2,17,1,OUTPUT_ARITHMETIC,enemy_phase / p_hp：基线=-60；束缚独发=0；飞行独发=0；并施 A→B=0；B→A=0（可加预期=120）,False,束缚+飞行@dodge_then_round;束缚+飞行@enemy_phase;束缚+飞行@enemy_phase_dodge,HIGH
束缚,愤怒,0,17,0,,所有探针/通道上均无可加偏离（各自独立）,False,束缚+愤怒@none,MEDIUM
束缚,自残,0,17,0,,所有探针/通道上均无可加偏离（各自独立）,False,束缚+自残@none,MEDIUM
束缚,无神,2,17,1,OUTPUT_ARITHMETIC,enemy_phase / e_hp：基线=0；束缚独发=0；无神独发=-60；并施 A→B=0；B→A=0（可加预期=-60）,False,束缚+无神@dodge_then_round;束缚+无神@enemy_phase;束缚+无神@enemy_phase_dodge,HIGH
束缚,借力,0,17,0,,所有探针/通道上均无可加偏离（各自独立）,False,束缚+借力@none,MEDIUM
束缚,弱化,2,17,1,OUTPUT_ARITHMETIC,enemy_phase / p_hp：基线=-60；束缚独发=0；弱化独发=-51；并施 A→B=0；B→A=0（可加预期=69）,False,束缚+弱化@enemy_phase;束缚+弱化@rounds,HIGH
束缚,自食,0,17,0,,所有探针/通道上均无可加偏离（各自独立）,False,束缚+自食@none,MEDIUM
束缚,兴奋,0,17,0,,所有探针/通道上均无可加偏离（各自独立）,False,束缚+兴奋@none,MEDIUM
束缚,无力,0,17,0,,所有探针/通道上均无可加偏离（各自独立）,False,束缚+无力@none,MEDIUM
束缚,全速,2,17,1,OUTPUT_ARITHMETIC,enemy_phase_dodge / p_atk：基线=-3；束缚独发=0；全速独发=0；并施 A→B=0；B→A=0（可加预期=6）,False,束缚+全速@dodge_then_round;束缚+全速@enemy_phase_dodge,HIGH
束缚,急速,2,17,1,OUTPUT_ARITHMETIC,enemy_phase_dodge / p_atk：基线=-3；束缚独发=0；急速独发=-2；并施 A→B=0；B→A=0（可加预期=4）,False,束缚+急速@dodge_then_round;束缚+急速@enemy_phase_dodge,HIGH
束缚,加速,0,17,0,,所有探针/通道上均无可加偏离（各自独立）,False,束缚+加速@none,MEDIUM
束缚,眩晕,2,17,1,OUTPUT_ARITHMETIC,enemy_phase / p_hp：基线=-60；束缚独发=0；眩晕独发=0；并施 A→B=0；B→A=0（可加预期=120）,False,束缚+眩晕@dodge_then_round;束缚+眩晕@enemy_phase;束缚+眩晕@enemy_phase_dodge,HIGH
束缚,洞察,2,17,1,OUTPUT_ARITHMETIC,enemy_phase_dodge / p_atk：基线=-3；束缚独发=0；洞察独发=0；并施 A→B=0；B→A=0（可加预期=6）,False,束缚+洞察@dodge_then_round;束缚+洞察@enemy_phase_dodge,HIGH
束缚,蒙蔽,2,17,1,OUTPUT_ARITHMETIC,enemy_phase / p_hp：基线=-60；束缚独发=0；蒙蔽独发=0；并施 A→B=0；B→A=0（可加预期=120）,False,束缚+蒙蔽@enemy_phase;束缚+蒙蔽@rounds,HIGH
束缚,滋养,0,17,0,,所有探针/通道上均无可加偏离（各自独立）,False,束缚+滋养@none,MEDIUM
束缚,衰败,0,17,0,,所有探针/通道上均无可加偏离（各自独立）,False,束缚+衰败@none,MEDIUM
束缚,寄生,0,17,0,,所有探针/通道上均无可加偏离（各自独立）,False,束缚+寄生@none,MEDIUM
束缚,滑翔,2,17,1,OUTPUT_ARITHMETIC,enemy_phase / p_hp：基线=-60；束缚独发=0；滑翔独发=0；并施 A→B=0；B→A=0（可加预期=120）,False,束缚+滑翔@dodge_then_round;束缚+滑翔@enemy_phase;束缚+滑翔@enemy_phase_dodge,HIGH
束缚,坠落,0,17,0,,所有探针/通道上均无可加偏离（各自独立）,False,束缚+坠落@none,MEDIUM
束缚,变形,2,17,1,OUTPUT_ARITHMETIC,enemy_phase / p_hp：基线=-60；束缚独发=0；变形独发=-9；并施 A→B=0；B→A=0（可加预期=111）,False,束缚+变形@enemy_phase;束缚+变形@rounds,HIGH
束缚,定型,0,17,0,,所有探针/通道上均无可加偏离（各自独立）,False,束缚+定型@none,MEDIUM
束缚,畸变,0,17,0,,所有探针/通道上均无可加偏离（各自独立）,False,束缚+畸变@none,MEDIUM
束缚,搏命,2,17,1,OUTPUT_ARITHMETIC,enemy_phase_dodge / p_atk：基线=-3；束缚独发=0；搏命独发=0；并施 A→B=0；B→A=0（可加预期=6）,False,束缚+搏命@dodge_then_round;束缚+搏命@enemy_phase_dodge,HIGH
束缚,超频,0,17,0,,所有探针/通道上均无可加偏离（各自独立）,False,束缚+超频@none,MEDIUM
束缚,坏死,0,17,0,,所有探针/通道上均无可加偏离（各自独立）,False,束缚+坏死@none,MEDIUM
束缚,爆裂,2,17,1,OUTPUT_ARITHMETIC,enemy_phase / e_hp：基线=0；束缚独发=0；爆裂独发=-60；并施 A→B=0；B→A=0（可加预期=-60）,False,束缚+爆裂@enemy_phase;束缚+爆裂@rounds,HIGH
束缚,退化,0,17,0,,所有探针/通道上均无可加偏离（各自独立）,False,束缚+退化@none,MEDIUM
束缚,加害,0,17,0,,所有探针/通道上均无可加偏离（各自独立）,False,束缚+加害@none,MEDIUM
束缚,失忆,0,17,0,,所有探针/通道上均无可加偏离（各自独立）,False,束缚+失忆@none,MEDIUM
束缚,逼债,0,17,0,,所有探针/通道上均无可加偏离（各自独立）,False,束缚+逼债@none,MEDIUM
束缚,豪夺,0,17,0,,所有探针/通道上均无可加偏离（各自独立）,False,束缚+豪夺@none,MEDIUM
束缚,清算,0,17,0,,所有探针/通道上均无可加偏离（各自独立）,False,束缚+清算@none,MEDIUM
束缚,赎金,0,17,0,,所有探针/通道上均无可加偏离（各自独立）,False,束缚+赎金@none,MEDIUM
束缚,假钞,0,17,0,,所有探针/通道上均无可加偏离（各自独立）,False,束缚+假钞@none,MEDIUM
束缚,赌命,2,17,1,EVENT_MULTIPLICATION|OUTPUT_ARITHMETIC,rounds / p_died：基线=0；束缚独发=0；赌命独发=1；并施 A→B=0；B→A=0（可加预期=1）,False,束缚+赌命@rounds,HIGH
束缚,消灾,0,17,0,,所有探针/通道上均无可加偏离（各自独立）,False,束缚+消灾@none,MEDIUM
束缚,龙鳞,2,17,1,OUTPUT_ARITHMETIC,enemy_phase / p_hp：基线=-60；束缚独发=0；龙鳞独发=-51；并施 A→B=0；B→A=0（可加预期=69）,False,束缚+龙鳞@enemy_phase;束缚+龙鳞@rounds,HIGH
束缚,逆鳞,0,17,0,,所有探针/通道上均无可加偏离（各自独立）,False,束缚+逆鳞@none,MEDIUM
束缚,活血,2,17,1,OUTPUT_ARITHMETIC,rounds / p_hp：基线=-180；束缚独发=0；活血独发=-120；并施 A→B=0；B→A=0（可加预期=240）,False,束缚+活血@rounds,HIGH
束缚,裂变,2,17,1,OUTPUT_ARITHMETIC,enemy_phase / p_hp：基线=-60；束缚独发=0；裂变独发=-63；并施 A→B=0；B→A=0（可加预期=57）,False,束缚+裂变@enemy_phase;束缚+裂变@rounds,HIGH
束缚,嫁祸,2,17,1,EVENT_MULTIPLICATION|OUTPUT_ARITHMETIC,enemy_phase / e_hp：基线=0；束缚独发=0；嫁祸独发=-60；并施 A→B=0；B→A=0（可加预期=-60）,False,束缚+嫁祸@enemy_phase;束缚+嫁祸@rounds,HIGH
束缚,背负,0,17,0,,所有探针/通道上均无可加偏离（各自独立）,False,束缚+背负@none,MEDIUM
束缚,伤痕,0,17,0,,所有探针/通道上均无可加偏离（各自独立）,False,束缚+伤痕@none,MEDIUM
束缚,分裂,0,17,0,,所有探针/通道上均无可加偏离（各自独立）,False,束缚+分裂@none,MEDIUM
束缚,尸爆,2,17,0,CAST_EXECUTION|ORDER_SENSITIVE|OUTPUT_ARITHMETIC,"[执行受限 {'B独发': '尸爆留下待裁定中断(死之传承)', 'A→B': '尸爆留下待裁定中断(死之传承)', 'B→A': '尸爆留下待裁定中断(死之传承)；束缚发动失败(有待处理的中断等待DM裁定)；束缚留下待裁定中断()'}] __cast__ / st+e:束缚：基线=0；束缚独发=3；尸爆独发=0；并施 A→B=3；B→A=0（可加预期=3）",True,束缚+尸爆@__cast__;束缚+尸爆@dodge_then_round;束缚+尸爆@enemy_phase,UNVERIFIED
束缚,缄默,0,17,0,,所有探针/通道上均无可加偏离（各自独立）,False,束缚+缄默@none,MEDIUM
束缚,瓦解,0,17,0,,所有探针/通道上均无可加偏离（各自独立）,False,束缚+瓦解@none,MEDIUM
束缚,冥气,0,17,0,,所有探针/通道上均无可加偏离（各自独立）,False,束缚+冥气@none,MEDIUM
束缚,勾魂,0,17,0,,所有探针/通道上均无可加偏离（各自独立）,False,束缚+勾魂@none,MEDIUM
束缚,镇尸,0,17,0,,所有探针/通道上均无可加偏离（各自独立）,False,束缚+镇尸@none,MEDIUM
束缚,招魂,0,17,0,,所有探针/通道上均无可加偏离（各自独立）,False,束缚+招魂@none,MEDIUM
透支,贯穿,1,17,0,,"同通道线性叠加：e_hp,p_mana,p_pow",False,透支+贯穿@none,HIGH
透支,封印,2,17,1,OUTPUT_ARITHMETIC,player_attacks / e_hp：基线=-550；透支独发=-580；封印独发=0；并施 A→B=0；B→A=0（可加预期=520）,False,透支+封印@hurt_then_attack;透支+封印@player_attacks,HIGH
透支,狂暴,0,17,0,,所有探针/通道上均无可加偏离（各自独立）,False,透支+狂暴@none,MEDIUM
透支,全力,2,17,1,CAST_EXECUTION|OUTPUT_ARITHMETIC,__cast__ / p_pow：基线=0；透支独发=3；全力独发=5；并施 A→B=5；B→A=5（可加预期=8）,False,透支+全力@__cast__;透支+全力@hurt_then_attack;透支+全力@player_attacks,HIGH
透支,疯狂,2,17,1,OUTPUT_ARITHMETIC,enemy_phase / p_hp：基线=-60；透支独发=-60；疯狂独发=-200；并施 A→B=-188；B→A=-188（可加预期=-140）,False,透支+疯狂@enemy_phase;透支+疯狂@rounds,HIGH
透支,净化,1,17,0,,"同通道线性叠加：e_hp,p_mana,p_pow",False,透支+净化@none,HIGH
透支,减速,0,17,0,,所有探针/通道上均无可加偏离（各自独立）,False,透支+减速@none,MEDIUM
透支,必中,0,17,0,,所有探针/通道上均无可加偏离（各自独立）,False,透支+必中@none,MEDIUM
透支,自愈,0,17,0,,所有探针/通道上均无可加偏离（各自独立）,False,透支+自愈@none,MEDIUM
透支,飞行,0,17,0,,所有探针/通道上均无可加偏离（各自独立）,False,透支+飞行@none,MEDIUM
透支,愤怒,1,17,0,,"同通道线性叠加：e_hp,p_mana,p_pow",False,透支+愤怒@none,HIGH
透支,自残,1,17,0,,"同通道线性叠加：e_hp,p_mana,p_pow",False,透支+自残@none,HIGH
透支,无神,1,17,0,,"同通道线性叠加：e_hp,p_mana,p_pow",False,透支+无神@none,HIGH
透支,借力,2,17,1,OUTPUT_ARITHMETIC,player_attacks / e_hp：基线=-550；透支独发=-580；借力独发=-600；并施 A→B=-640；B→A=-640（可加预期=-80）,False,透支+借力@hurt_then_attack;透支+借力@player_attacks,HIGH
透支,弱化,1,17,0,,"同通道线性叠加：e_hp,p_mana,p_pow",False,透支+弱化@none,HIGH
透支,自食,1,17,0,,"同通道线性叠加：e_hp,p_hp,p_mana,p_pow",False,透支+自食@none,HIGH
透支,兴奋,1,17,0,,"同通道线性叠加：e_hp,p_mana,p_pow",False,透支+兴奋@none,HIGH
透支,无力,1,17,0,,"同通道线性叠加：e_hp,p_mana,p_pow",False,透支+无力@none,HIGH
透支,全速,0,17,0,,所有探针/通道上均无可加偏离（各自独立）,False,透支+全速@none,MEDIUM
透支,急速,1,17,0,,"同通道线性叠加：e_hp,p_mana,p_pow",False,透支+急速@none,HIGH
透支,加速,1,17,0,,"同通道线性叠加：e_hp,p_mana,p_pow",False,透支+加速@none,HIGH
透支,眩晕,1,17,0,,"同通道线性叠加：e_hp,p_mana,p_pow",False,透支+眩晕@none,HIGH
透支,洞察,2,17,1,OUTPUT_ARITHMETIC,player_attacks / e_hp：基线=-550；透支独发=-580；洞察独发=-220；并施 A→B=-232；B→A=-232（可加预期=300）,False,透支+洞察@hurt_then_attack;透支+洞察@player_attacks,HIGH
透支,蒙蔽,1,17,0,,"同通道线性叠加：e_hp,p_mana,p_pow",False,透支+蒙蔽@none,HIGH
透支,滋养,1,17,0,,"同通道线性叠加：e_hp,p_hp,p_mana,p_pow",False,透支+滋养@none,HIGH
透支,衰败,1,17,0,,"同通道线性叠加：e_hp,p_mana,p_pow",False,透支+衰败@none,HIGH
透支,寄生,2,17,1,OUTPUT_ARITHMETIC,kill_enemy / p_hp：基线=0；透支独发=0；寄生独发=-200；并施 A→B=-188；B→A=-188（可加预期=-200）,False,透支+寄生@hurt_then_attack;透支+寄生@kill_enemy;透支+寄生@player_attacks,HIGH
透支,滑翔,1,17,0,,"同通道线性叠加：e_hp,p_mana,p_pow",False,透支+滑翔@none,HIGH
透支,坠落,1,17,0,,"同通道线性叠加：e_hp,p_mana,p_pow",False,透支+坠落@none,HIGH
透支,变形,1,17,0,,"同通道线性叠加：e_hp,p_mana,p_pow",False,透支+变形@none,HIGH
透支,定型,1,17,0,,"同通道线性叠加：e_hp,p_mana,p_pow",False,透支+定型@none,HIGH
透支,畸变,0,17,0,,所有探针/通道上均无可加偏离（各自独立）,False,透支+畸变@none,MEDIUM
透支,搏命,2,17,1,CAST_EXECUTION|OUTPUT_ARITHMETIC|RESOURCE_FEEDBACK,__cast__ / p_mana：基线=0；透支独发=3；搏命独发=3；并施 A→B=5；B→A=5（可加预期=6）,False,透支+搏命@__cast__;透支+搏命@hurt_then_attack;透支+搏命@player_attacks,HIGH
透支,超频,1,17,0,,"同通道线性叠加：e_hp,p_mana,p_pow",False,透支+超频@none,HIGH
透支,坏死,1,17,0,,"同通道线性叠加：e_hp,p_mana,p_pow",False,透支+坏死@none,HIGH
透支,爆裂,1,17,0,,"同通道线性叠加：e_hp,p_mana,p_pow",False,透支+爆裂@none,HIGH
透支,退化,1,17,0,,"同通道线性叠加：e_hp,p_mana,p_pow",False,透支+退化@none,HIGH
透支,加害,1,17,0,,"同通道线性叠加：e_hp,p_mana,p_pow",False,透支+加害@none,HIGH
透支,失忆,1,17,0,,"同通道线性叠加：e_hp,p_mana,p_pow",False,透支+失忆@none,HIGH
透支,逼债,1,17,0,,"同通道线性叠加：e_hp,p_mana,p_pow",False,透支+逼债@none,HIGH
透支,豪夺,0,17,0,,所有探针/通道上均无可加偏离（各自独立）,False,透支+豪夺@none,MEDIUM
透支,清算,1,17,0,,"同通道线性叠加：e_hp,p_mana,p_pow",False,透支+清算@none,HIGH
透支,赎金,1,17,0,,"同通道线性叠加：e_hp,p_mana,p_pow",False,透支+赎金@none,HIGH
透支,假钞,1,17,0,,"同通道线性叠加：e_hp,p_mana,p_pow",False,透支+假钞@none,HIGH
透支,赌命,2,17,1,OUTPUT_ARITHMETIC,rounds / p_hp：基线=-180；透支独发=-180；赌命独发=-200；并施 A→B=-188；B→A=-188（可加预期=-20）,False,透支+赌命@dodge_then_round;透支+赌命@rounds,HIGH
透支,消灾,0,17,0,,所有探针/通道上均无可加偏离（各自独立）,False,透支+消灾@none,MEDIUM
透支,龙鳞,1,17,0,,"同通道线性叠加：e_hp,p_mana,p_pow",False,透支+龙鳞@none,HIGH
透支,逆鳞,1,17,0,,"同通道线性叠加：e_hp,p_hp",False,透支+逆鳞@none,HIGH
透支,活血,2,17,1,EVENT_CONVERSION|OUTPUT_ARITHMETIC,rounds / p_hp：基线=-180；透支独发=-180；活血独发=-120；并施 A→B=-114；B→A=-114（可加预期=60）,False,透支+活血@dodge_then_round;透支+活血@rounds,HIGH
透支,裂变,2,17,1,OUTPUT_ARITHMETIC,rounds / p_died：基线=0；透支独发=0；裂变独发=0；并施 A→B=1；B→A=1（可加预期=0）,False,透支+裂变@rounds,HIGH
透支,嫁祸,1,17,0,,"同通道线性叠加：e_hp,p_mana,p_pow",False,透支+嫁祸@none,HIGH
透支,背负,1,17,0,,"同通道线性叠加：e_hp,p_mana,p_pow",False,透支+背负@none,HIGH
透支,伤痕,1,17,0,,"同通道线性叠加：e_hp,p_mana,p_pow",False,透支+伤痕@none,HIGH
透支,分裂,0,17,0,,所有探针/通道上均无可加偏离（各自独立）,False,透支+分裂@none,MEDIUM
透支,尸爆,2,17,0,CAST_EXECUTION|ORDER_SENSITIVE|OUTPUT_ARITHMETIC|RESOURCE_FEEDBACK,"[执行受限 {'B独发': '尸爆留下待裁定中断(死之传承)', 'A→B': '尸爆留下待裁定中断(死之传承)', 'B→A': '尸爆留下待裁定中断(死之传承)；透支发动失败(有待处理的中断等待DM裁定)；透支留下待裁定中断()'}] __cast__ / p_hp：基线=0；透支独发=-12；尸爆独发=0；并施 A→B=-12；B→A=0（可加预期=-12）",True,透支+尸爆@__cast__;透支+尸爆@hurt_then_attack;透支+尸爆@player_attacks,UNVERIFIED
透支,缄默,1,17,0,,"同通道线性叠加：e_hp,p_mana,p_pow",False,透支+缄默@none,HIGH
透支,瓦解,1,17,0,,"同通道线性叠加：e_hp,p_mana,p_pow",False,透支+瓦解@none,HIGH
透支,冥气,1,17,0,,"同通道线性叠加：e_hp,p_mana,p_pow",False,透支+冥气@none,HIGH
透支,勾魂,1,17,0,,"同通道线性叠加：e_hp,p_mana,p_pow",False,透支+勾魂@none,HIGH
透支,镇尸,1,17,0,,"同通道线性叠加：e_hp,p_mana,p_pow",False,透支+镇尸@none,HIGH
透支,招魂,1,17,0,,"同通道线性叠加：e_hp,p_mana,p_pow",False,透支+招魂@none,HIGH
贯穿,封印,2,17,1,OUTPUT_ARITHMETIC,rounds / st-p:贯穿：基线=0；贯穿独发=-3；封印独发=0；并施 A→B=0；B→A=0（可加预期=-3）,False,贯穿+封印@dodge_then_round;贯穿+封印@hurt_then_attack;贯穿+封印@player_attacks,HIGH
贯穿,狂暴,0,17,0,,所有探针/通道上均无可加偏离（各自独立）,False,贯穿+狂暴@none,MEDIUM
贯穿,全力,2,17,1,CAST_EXECUTION|OUTPUT_ARITHMETIC,__cast__ / p_pow：基线=0；贯穿独发=-6；全力独发=5；并施 A→B=5；B→A=5（可加预期=-1）,False,贯穿+全力@__cast__;贯穿+全力@hurt_then_attack;贯穿+全力@player_attacks,HIGH
贯穿,疯狂,2,17,1,OUTPUT_ARITHMETIC,rounds / st-p:贯穿：基线=0；贯穿独发=-3；疯狂独发=0；并施 A→B=0；B→A=0（可加预期=-3）,False,贯穿+疯狂@dodge_then_round;贯穿+疯狂@rounds,HIGH
贯穿,净化,1,17,0,,"同通道线性叠加：e_hp,p_mana,p_pow",False,贯穿+净化@none,HIGH
贯穿,减速,0,17,0,,所有探针/通道上均无可加偏离（各自独立）,False,贯穿+减速@none,MEDIUM
贯穿,必中,0,17,0,,所有探针/通道上均无可加偏离（各自独立）,False,贯穿+必中@none,MEDIUM
贯穿,自愈,0,17,0,,所有探针/通道上均无可加偏离（各自独立）,False,贯穿+自愈@none,MEDIUM
贯穿,飞行,0,17,0,,所有探针/通道上均无可加偏离（各自独立）,False,贯穿+飞行@none,MEDIUM
贯穿,愤怒,2,17,1,CAST_EXECUTION|ORDER_SENSITIVE|OUTPUT_ARITHMETIC|RESOURCE_FEEDBACK,__cast__ / p_mana：基线=0；贯穿独发=-6；愤怒独发=-6；并施 A→B=-12；B→A=-9（可加预期=-12）,True,贯穿+愤怒@__cast__;贯穿+愤怒@hurt_then_attack;贯穿+愤怒@player_attacks,HIGH
贯穿,自残,1,17,0,,"同通道线性叠加：e_hp,p_mana,p_pow",False,贯穿+自残@none,HIGH
贯穿,无神,1,17,0,,"同通道线性叠加：e_hp,p_mana,p_pow",False,贯穿+无神@none,HIGH
贯穿,借力,2,17,1,OUTPUT_ARITHMETIC,player_attacks / e_hp：基线=-550；贯穿独发=-490；借力独发=-600；并施 A→B=-520；B→A=-520（可加预期=10）,False,贯穿+借力@hurt_then_attack;贯穿+借力@player_attacks,HIGH
贯穿,弱化,1,17,0,,"同通道线性叠加：e_hp,p_mana,p_pow",False,贯穿+弱化@none,HIGH
贯穿,自食,1,17,0,,"同通道线性叠加：e_hp,p_mana,p_pow",False,贯穿+自食@none,HIGH
贯穿,兴奋,1,17,0,,"同通道线性叠加：e_hp,p_mana,p_pow",False,贯穿+兴奋@none,HIGH
贯穿,无力,1,17,0,,"同通道线性叠加：e_hp,p_mana,p_pow",False,贯穿+无力@none,HIGH
贯穿,全速,0,17,0,,所有探针/通道上均无可加偏离（各自独立）,False,贯穿+全速@none,MEDIUM
贯穿,急速,1,17,0,,"同通道线性叠加：e_hp,p_mana,p_pow",False,贯穿+急速@none,HIGH
贯穿,加速,1,17,0,,"同通道线性叠加：e_hp,p_mana,p_pow",False,贯穿+加速@none,HIGH
贯穿,眩晕,1,17,0,,"同通道线性叠加：e_hp,p_mana,p_pow",False,贯穿+眩晕@none,HIGH
贯穿,洞察,2,17,1,OUTPUT_ARITHMETIC,player_attacks / e_hp：基线=-550；贯穿独发=-490；洞察独发=-220；并施 A→B=-196；B→A=-196（可加预期=390）,False,贯穿+洞察@dodge_then_round;贯穿+洞察@hurt_then_attack;贯穿+洞察@player_attacks,HIGH
贯穿,蒙蔽,1,17,0,,"同通道线性叠加：e_hp,p_mana,p_pow",False,贯穿+蒙蔽@none,HIGH
贯穿,滋养,1,17,0,,"同通道线性叠加：e_hp,p_mana,p_pow",False,贯穿+滋养@none,HIGH
贯穿,衰败,1,17,0,,"同通道线性叠加：e_hp,p_mana,p_pow",False,贯穿+衰败@none,HIGH
贯穿,寄生,2,17,1,OUTPUT_ARITHMETIC,hurt_then_attack / p_hp：基线=-50；贯穿独发=-50；寄生独发=90；并施 A→B=70；B→A=70（可加预期=140）,False,贯穿+寄生@hurt_then_attack,HIGH
贯穿,滑翔,1,17,0,,"同通道线性叠加：e_hp,p_mana,p_pow",False,贯穿+滑翔@none,HIGH
贯穿,坠落,1,17,0,,"同通道线性叠加：e_hp,p_mana,p_pow",False,贯穿+坠落@none,HIGH
贯穿,变形,1,17,0,,"同通道线性叠加：e_hp,p_mana,p_pow",False,贯穿+变形@none,HIGH
贯穿,定型,1,17,0,,"同通道线性叠加：e_hp,p_mana,p_pow",False,贯穿+定型@none,HIGH
贯穿,畸变,0,17,0,,所有探针/通道上均无可加偏离（各自独立）,False,贯穿+畸变@none,MEDIUM
贯穿,搏命,2,17,1,OUTPUT_ARITHMETIC,player_attacks / e_hp：基线=-550；贯穿独发=-490；搏命独发=-232；并施 A→B=-208；B→A=-208（可加预期=378）,False,贯穿+搏命@dodge_then_round;贯穿+搏命@hurt_then_attack;贯穿+搏命@player_attacks,HIGH
贯穿,超频,1,17,0,,"同通道线性叠加：e_hp,p_mana,p_pow",False,贯穿+超频@none,HIGH
贯穿,坏死,1,17,0,,"同通道线性叠加：e_hp,p_mana,p_pow",False,贯穿+坏死@none,HIGH
贯穿,爆裂,1,17,0,,"同通道线性叠加：e_hp,p_mana,p_pow",False,贯穿+爆裂@none,HIGH
贯穿,退化,1,17,0,,"同通道线性叠加：e_hp,p_mana,p_pow",False,贯穿+退化@none,HIGH
贯穿,加害,1,17,0,,"同通道线性叠加：e_hp,p_mana,p_pow",False,贯穿+加害@none,HIGH
贯穿,失忆,1,17,0,,"同通道线性叠加：e_hp,p_mana,p_pow",False,贯穿+失忆@none,HIGH
贯穿,逼债,1,17,0,,"同通道线性叠加：e_hp,p_mana,p_pow",False,贯穿+逼债@none,HIGH
贯穿,豪夺,0,17,0,,所有探针/通道上均无可加偏离（各自独立）,False,贯穿+豪夺@none,MEDIUM
贯穿,清算,1,17,0,,"同通道线性叠加：e_hp,p_mana,p_pow",False,贯穿+清算@none,HIGH
贯穿,赎金,1,17,0,,"同通道线性叠加：e_hp,p_mana,p_pow",False,贯穿+赎金@none,HIGH
贯穿,假钞,1,17,0,,"同通道线性叠加：e_hp,p_mana,p_pow",False,贯穿+假钞@none,HIGH
贯穿,赌命,2,17,1,OUTPUT_ARITHMETIC,rounds / st-p:贯穿：基线=0；贯穿独发=-3；赌命独发=0；并施 A→B=0；B→A=0（可加预期=-3）,False,贯穿+赌命@rounds,HIGH
贯穿,消灾,0,17,0,,所有探针/通道上均无可加偏离（各自独立）,False,贯穿+消灾@none,MEDIUM
贯穿,龙鳞,1,17,0,,"同通道线性叠加：e_hp,p_mana,p_pow",False,贯穿+龙鳞@none,HIGH
贯穿,逆鳞,1,17,0,,同通道线性叠加：e_hp,False,贯穿+逆鳞@none,HIGH
贯穿,活血,1,17,0,,"同通道线性叠加：e_hp,p_mana,p_pow",False,贯穿+活血@none,HIGH
贯穿,裂变,1,17,0,,"同通道线性叠加：e_hp,p_mana,p_pow",False,贯穿+裂变@none,HIGH
贯穿,嫁祸,1,17,0,,"同通道线性叠加：e_hp,p_mana,p_pow",False,贯穿+嫁祸@none,HIGH
贯穿,背负,1,17,0,,"同通道线性叠加：e_hp,p_mana,p_pow",False,贯穿+背负@none,HIGH
贯穿,伤痕,1,17,0,,"同通道线性叠加：e_hp,p_mana,p_pow",False,贯穿+伤痕@none,HIGH
贯穿,分裂,0,17,0,,所有探针/通道上均无可加偏离（各自独立）,False,贯穿+分裂@none,MEDIUM
贯穿,尸爆,2,17,0,CAST_EXECUTION|ORDER_SENSITIVE|OUTPUT_ARITHMETIC|RESOURCE_FEEDBACK,"[执行受限 {'B独发': '尸爆留下待裁定中断(死之传承)', 'A→B': '尸爆留下待裁定中断(死之传承)', 'B→A': '尸爆留下待裁定中断(死之传承)；贯穿发动失败(有待处理的中断等待DM裁定)；贯穿留下待裁定中断()'}] __cast__ / p_mana：基线=0；贯穿独发=-6；尸爆独发=-9；并施 A→B=-15；B→A=-9（可加预期=-15）",True,贯穿+尸爆@__cast__;贯穿+尸爆@dodge_then_round;贯穿+尸爆@hurt_then_attack,UNVERIFIED
贯穿,缄默,1,17,0,,"同通道线性叠加：e_hp,p_mana,p_pow",False,贯穿+缄默@none,HIGH
贯穿,瓦解,1,17,0,,"同通道线性叠加：e_hp,p_mana,p_pow",False,贯穿+瓦解@none,HIGH
贯穿,冥气,1,17,0,,"同通道线性叠加：e_hp,p_mana,p_pow",False,贯穿+冥气@none,HIGH
贯穿,勾魂,1,17,0,,"同通道线性叠加：e_hp,p_mana,p_pow",False,贯穿+勾魂@none,HIGH
贯穿,镇尸,1,17,0,,"同通道线性叠加：e_hp,p_mana,p_pow",False,贯穿+镇尸@none,HIGH
贯穿,招魂,1,17,0,,"同通道线性叠加：e_hp,p_mana,p_pow",False,贯穿+招魂@none,HIGH
封印,狂暴,2,17,1,OUTPUT_ARITHMETIC,rounds / st-p:狂暴：基线=0；封印独发=0；狂暴独发=-3；并施 A→B=0；B→A=0（可加预期=-3）,False,封印+狂暴@dodge_then_round;封印+狂暴@rounds,HIGH
封印,全力,2,17,1,OUTPUT_ARITHMETIC,rounds / stRp:全力：基线=0；封印独发=0；全力独发=-3；并施 A→B=0；B→A=0（可加预期=-3）,False,封印+全力@dodge_then_round;封印+全力@hurt_then_attack;封印+全力@player_attacks,HIGH
封印,疯狂,2,17,1,CAST_EXECUTION|ORDER_SENSITIVE|OUTPUT_ARITHMETIC,__cast__ / st+e:疯狂：基线=0；封印独发=0；疯狂独发=3；并施 A→B=0；B→A=3（可加预期=3）,True,封印+疯狂@__cast__;封印+疯狂@dodge_then_round;封印+疯狂@enemy_phase,HIGH
封印,净化,2,17,1,OUTPUT_ARITHMETIC,player_attacks / e_hp：基线=-550；封印独发=0；净化独发=-490；并施 A→B=0；B→A=0（可加预期=610）,False,封印+净化@hurt_then_attack;封印+净化@player_attacks,HIGH
封印,减速,2,17,0,CAST_EXECUTION|ORDER_SENSITIVE|OUTPUT_ARITHMETIC,[执行受限 {'A→B': '减速发动失败(target_ref不是当前合法实体)'}] __cast__ / e_atk：基线=0；封印独发=-3；减速独发=-1；并施 A→B=-3；B→A=-3（可加预期=-4）,True,封印+减速@__cast__;封印+减速@dodge_then_round;封印+减速@rounds,UNVERIFIED
封印,必中,2,17,1,OUTPUT_ARITHMETIC,rounds / st-p:必中：基线=0；封印独发=0；必中独发=-3；并施 A→B=0；B→A=0（可加预期=-3）,False,封印+必中@dodge_then_round;封印+必中@rounds,HIGH
封印,自愈,2,17,1,OUTPUT_ARITHMETIC,rounds / p_hp：基线=-180；封印独发=0；自愈独发=180；并施 A→B=0；B→A=0（可加预期=540）,False,封印+自愈@dodge_then_round;封印+自愈@rounds,HIGH
封印,飞行,2,17,1,OUTPUT_ARITHMETIC,enemy_phase / p_hp：基线=-60；封印独发=0；飞行独发=0；并施 A→B=0；B→A=0（可加预期=120）,False,封印+飞行@dodge_then_round;封印+飞行@enemy_phase;封印+飞行@enemy_phase_dodge,HIGH
封印,愤怒,2,17,1,OUTPUT_ARITHMETIC,rounds / st-p:愤怒：基线=0；封印独发=0；愤怒独发=-3；并施 A→B=0；B→A=0（可加预期=-3）,False,封印+愤怒@dodge_then_round;封印+愤怒@hurt_then_attack;封印+愤怒@player_attacks,HIGH
封印,自残,2,17,0,CAST_EXECUTION|ORDER_SENSITIVE|OUTPUT_ARITHMETIC|RESOURCE_FEEDBACK,[执行受限 {'A→B': '自残发动失败(target_ref不是当前合法实体)'}] __cast__ / e_hp：基线=0；封印独发=-3000；自残独发=-60；并施 A→B=-3000；B→A=-3000（可加预期=-3060）,True,封印+自残@__cast__;封印+自残@hurt_then_attack;封印+自残@kill_enemy,UNVERIFIED
封印,无神,2,17,0,CAST_EXECUTION|ORDER_SENSITIVE|OUTPUT_ARITHMETIC|RESOURCE_FEEDBACK,[执行受限 {'A→B': '无神发动失败(target_ref不是当前合法实体)'}] __cast__ / p_mana：基线=0；封印独发=0；无神独发=-15；并施 A→B=0；B→A=-15（可加预期=-15）,True,封印+无神@__cast__;封印+无神@dodge_then_round;封印+无神@enemy_phase,UNVERIFIED
封印,借力,2,17,1,OUTPUT_ARITHMETIC,player_attacks / e_hp：基线=-550；封印独发=0；借力独发=-600；并施 A→B=0；B→A=0（可加预期=500）,False,封印+借力@hurt_then_attack;封印+借力@player_attacks,HIGH
封印,弱化,2,17,0,CAST_EXECUTION|ORDER_SENSITIVE|OUTPUT_ARITHMETIC|RESOURCE_FEEDBACK,[执行受限 {'A→B': '弱化发动失败(target_ref不是当前合法实体)'}] __cast__ / e_mana：基线=0；封印独发=-20；弱化独发=-3；并施 A→B=-20；B→A=-20（可加预期=-23）,True,封印+弱化@__cast__;封印+弱化@enemy_phase;封印+弱化@hurt_then_attack,UNVERIFIED
封印,自食,2,17,1,OUTPUT_ARITHMETIC,player_attacks / e_hp：基线=-550；封印独发=0；自食独发=-520；并施 A→B=0；B→A=0（可加预期=580）,False,封印+自食@hurt_then_attack;封印+自食@player_attacks,HIGH
封印,兴奋,2,17,1,OUTPUT_ARITHMETIC,rounds / st-p:兴奋：基线=0；封印独发=0；兴奋独发=-3；并施 A→B=0；B→A=0（可加预期=-3）,False,封印+兴奋@dodge_then_round;封印+兴奋@hurt_then_attack;封印+兴奋@player_attacks,HIGH
封印,无力,2,17,0,CAST_EXECUTION|ORDER_SENSITIVE|OUTPUT_ARITHMETIC|RESOURCE_FEEDBACK,[执行受限 {'A→B': '无力发动失败(target_ref不是当前合法实体)'}] __cast__ / p_mana：基线=0；封印独发=0；无力独发=-9；并施 A→B=0；B→A=-9（可加预期=-9）,True,封印+无力@__cast__;封印+无力@hurt_then_attack;封印+无力@player_attacks,UNVERIFIED
封印,全速,2,17,1,OUTPUT_ARITHMETIC,enemy_phase_dodge / p_atk：基线=-3；封印独发=0；全速独发=0；并施 A→B=0；B→A=0（可加预期=6）,False,封印+全速@dodge_then_round;封印+全速@enemy_phase_dodge;封印+全速@rounds,HIGH
封印,急速,2,17,1,OUTPUT_ARITHMETIC,enemy_phase_dodge / p_atk：基线=-3；封印独发=0；急速独发=-2；并施 A→B=0；B→A=0（可加预期=4）,False,封印+急速@dodge_then_round;封印+急速@enemy_phase_dodge;封印+急速@hurt_then_attack,HIGH
封印,加速,2,17,1,OUTPUT_ARITHMETIC,rounds / st-p:加速：基线=0；封印独发=0；加速独发=-3；并施 A→B=0；B→A=0（可加预期=-3）,False,封印+加速@dodge_then_round;封印+加速@hurt_then_attack;封印+加速@player_attacks,HIGH
封印,眩晕,2,17,0,CAST_EXECUTION|ORDER_SENSITIVE|OUTPUT_ARITHMETIC|RESOURCE_FEEDBACK,[执行受限 {'A→B': '眩晕发动失败(target_ref不是当前合法实体)'}] __cast__ / p_mana：基线=0；封印独发=0；眩晕独发=-15；并施 A→B=0；B→A=-15（可加预期=-15）,True,封印+眩晕@__cast__;封印+眩晕@dodge_then_round;封印+眩晕@enemy_phase,UNVERIFIED
封印,洞察,2,17,1,OUTPUT_ARITHMETIC,enemy_phase_dodge / p_atk：基线=-3；封印独发=0；洞察独发=0；并施 A→B=0；B→A=0（可加预期=6）,False,封印+洞察@dodge_then_round;封印+洞察@enemy_phase_dodge;封印+洞察@hurt_then_attack,HIGH
封印,蒙蔽,2,17,0,CAST_EXECUTION|ORDER_SENSITIVE|OUTPUT_ARITHMETIC|RESOURCE_FEEDBACK,[执行受限 {'A→B': '蒙蔽发动失败(target_ref不是当前合法实体)'}] __cast__ / p_mana：基线=0；封印独发=0；蒙蔽独发=-6；并施 A→B=0；B→A=-6（可加预期=-6）,True,封印+蒙蔽@__cast__;封印+蒙蔽@enemy_phase;封印+蒙蔽@hurt_then_attack,UNVERIFIED
封印,滋养,2,17,1,OUTPUT_ARITHMETIC,player_attacks / e_hp：基线=-550；封印独发=0；滋养独发=-490；并施 A→B=0；B→A=0（可加预期=610）,False,封印+滋养@hurt_then_attack;封印+滋养@player_attacks,HIGH
封印,衰败,2,17,0,CAST_EXECUTION|ORDER_SENSITIVE|OUTPUT_ARITHMETIC|RESOURCE_FEEDBACK,[执行受限 {'A→B': '衰败发动失败(target_ref不是当前合法实体)'}] __cast__ / p_mana：基线=0；封印独发=0；衰败独发=-12；并施 A→B=0；B→A=-12（可加预期=-12）,True,封印+衰败@__cast__;封印+衰败@dodge_then_round;封印+衰败@hurt_then_attack,UNVERIFIED
封印,寄生,2,17,0,CAST_EXECUTION|ORDER_SENSITIVE|OUTPUT_ARITHMETIC|RESOURCE_FEEDBACK,[执行受限 {'A→B': '寄生发动失败(target_ref不是当前合法实体)'}] __cast__ / p_mana：基线=0；封印独发=0；寄生独发=-9；并施 A→B=0；B→A=-9（可加预期=-9）,True,封印+寄生@__cast__;封印+寄生@hurt_then_attack;封印+寄生@kill_enemy,UNVERIFIED
封印,滑翔,2,17,1,OUTPUT_ARITHMETIC,enemy_phase / p_hp：基线=-60；封印独发=0；滑翔独发=0；并施 A→B=0；B→A=0（可加预期=120）,False,封印+滑翔@dodge_then_round;封印+滑翔@enemy_phase;封印+滑翔@enemy_phase_dodge,HIGH
封印,坠落,2,17,0,CAST_EXECUTION|ORDER_SENSITIVE|OUTPUT_ARITHMETIC|RESOURCE_FEEDBACK,[执行受限 {'A→B': '坠落发动失败(target_ref不是当前合法实体)'}] __cast__ / p_mana：基线=0；封印独发=0；坠落独发=-3；并施 A→B=0；B→A=-3（可加预期=-3）,True,封印+坠落@__cast__;封印+坠落@hurt_then_attack;封印+坠落@player_attacks,UNVERIFIED
封印,变形,2,17,0,CAST_EXECUTION|ORDER_SENSITIVE|OUTPUT_ARITHMETIC|RESOURCE_FEEDBACK,[执行受限 {'A→B': '变形发动失败(target_ref不是当前合法实体)'}] __cast__ / e_mana：基线=0；封印独发=-20；变形独发=-17；并施 A→B=-20；B→A=-20（可加预期=-37）,True,封印+变形@__cast__;封印+变形@dodge_then_round;封印+变形@enemy_phase,UNVERIFIED
封印,定型,2,17,1,OUTPUT_ARITHMETIC,rounds / st-p:定型：基线=0；封印独发=0；定型独发=-3；并施 A→B=0；B→A=0（可加预期=-3）,False,封印+定型@dodge_then_round;封印+定型@hurt_then_attack;封印+定型@player_attacks,HIGH
封印,畸变,2,17,0,CAST_EXECUTION|ORDER_SENSITIVE|OUTPUT_ARITHMETIC,[执行受限 {'A→B': '畸变发动失败(target_ref不是当前合法实体)'}] __cast__ / st+e:畸变：基线=0；封印独发=0；畸变独发=3；并施 A→B=0；B→A=3（可加预期=3）,True,封印+畸变@__cast__;封印+畸变@dodge_then_round;封印+畸变@rounds,UNVERIFIED
封印,搏命,2,17,1,OUTPUT_ARITHMETIC,enemy_phase_dodge / p_atk：基线=-3；封印独发=0；搏命独发=0；并施 A→B=0；B→A=0（可加预期=6）,False,封印+搏命@dodge_then_round;封印+搏命@enemy_phase_dodge;封印+搏命@hurt_then_attack,HIGH
封印,超频,2,17,1,OUTPUT_ARITHMETIC,player_attacks / e_hp：基线=-550；封印独发=0；超频独发=-490；并施 A→B=0；B→A=0（可加预期=610）,False,封印+超频@hurt_then_attack;封印+超频@player_attacks,HIGH
封印,坏死,2,17,0,CAST_EXECUTION|ORDER_SENSITIVE|OUTPUT_ARITHMETIC|RESOURCE_FEEDBACK,[执行受限 {'A→B': '坏死发动失败(target_ref不是当前合法实体)'}] __cast__ / p_mana：基线=0；封印独发=0；坏死独发=-6；并施 A→B=0；B→A=-6（可加预期=-6）,True,封印+坏死@__cast__;封印+坏死@dodge_then_round;封印+坏死@hurt_then_attack,UNVERIFIED
封印,爆裂,2,17,1,OUTPUT_ARITHMETIC,incoming_big / e_hp：基线=0；封印独发=0；爆裂独发=-100；并施 A→B=0；B→A=0（可加预期=-100）,False,封印+爆裂@dodge_then_round;封印+爆裂@enemy_phase;封印+爆裂@hurt_then_attack,HIGH
封印,退化,2,17,0,CAST_EXECUTION|ORDER_SENSITIVE|OUTPUT_ARITHMETIC|RESOURCE_FEEDBACK,[执行受限 {'A→B': '退化发动失败(target_ref不是当前合法实体)'}] __cast__ / p_mana：基线=0；封印独发=0；退化独发=-6；并施 A→B=0；B→A=-6（可加预期=-6）,True,封印+退化@__cast__;封印+退化@hurt_then_attack;封印+退化@player_attacks,UNVERIFIED
封印,加害,2,17,0,CAST_EXECUTION|ORDER_SENSITIVE|OUTPUT_ARITHMETIC|RESOURCE_FEEDBACK,[执行受限 {'A→B': '加害发动失败(target_ref不是当前合法实体)'}] __cast__ / p_mana：基线=0；封印独发=0；加害独发=-6；并施 A→B=0；B→A=-6（可加预期=-6）,True,封印+加害@__cast__;封印+加害@hurt_then_attack;封印+加害@outgoing_big,UNVERIFIED
封印,失忆,2,17,1,OUTPUT_ARITHMETIC,player_attacks / e_hp：基线=-550；封印独发=0；失忆独发=-310；并施 A→B=0；B→A=0（可加预期=790）,False,封印+失忆@hurt_then_attack;封印+失忆@player_attacks,HIGH
封印,逼债,2,17,0,CAST_EXECUTION|ORDER_SENSITIVE|OUTPUT_ARITHMETIC|RESOURCE_FEEDBACK,[执行受限 {'A→B': '逼债发动失败(target_ref不是当前合法实体)'}] __cast__ / p_mana：基线=0；封印独发=0；逼债独发=-3；并施 A→B=0；B→A=-3（可加预期=-3）,True,封印+逼债@__cast__;封印+逼债@hurt_then_attack;封印+逼债@player_attacks,UNVERIFIED
封印,豪夺,2,17,0,CAST_EXECUTION|ORDER_SENSITIVE|OUTPUT_ARITHMETIC|RESOURCE_FEEDBACK,[执行受限 {'A→B': '豪夺发动失败(target_ref不是当前合法实体)'}] __cast__ / fake：基线=0；封印独发=0；豪夺独发=-15；并施 A→B=0；B→A=-15（可加预期=-15）,True,封印+豪夺@__cast__;封印+豪夺@dodge_then_round;封印+豪夺@rounds,UNVERIFIED
封印,清算,2,17,0,CAST_EXECUTION|ORDER_SENSITIVE|OUTPUT_ARITHMETIC|RESOURCE_FEEDBACK,[执行受限 {'A→B': '清算发动失败(target_ref不是当前合法实体)'}] __cast__ / p_mana：基线=0；封印独发=0；清算独发=-6；并施 A→B=0；B→A=-6（可加预期=-6）,True,封印+清算@__cast__;封印+清算@dodge_then_round;封印+清算@hurt_then_attack,UNVERIFIED
封印,赎金,2,17,0,CAST_EXECUTION|ORDER_SENSITIVE|OUTPUT_ARITHMETIC|RESOURCE_FEEDBACK,[执行受限 {'A→B': '赎金发动失败(target_ref不是当前合法实体)'}] __cast__ / e_atk：基线=0；封印独发=-3；赎金独发=-3；并施 A→B=-3；B→A=-3（可加预期=-6）,True,封印+赎金@__cast__;封印+赎金@hurt_then_attack;封印+赎金@player_attacks,UNVERIFIED
封印,假钞,2,17,1,OUTPUT_ARITHMETIC,player_attacks / e_hp：基线=-550；封印独发=0；假钞独发=-520；并施 A→B=0；B→A=0（可加预期=580）,False,封印+假钞@hurt_then_attack;封印+假钞@player_attacks,HIGH
封印,赌命,2,17,1,OUTPUT_ARITHMETIC,rounds / e_hp：基线=0；封印独发=0；赌命独发=-900；并施 A→B=0；B→A=0（可加预期=-900）,False,封印+赌命@dodge_then_round;封印+赌命@rounds,HIGH
封印,消灾,0,17,0,,所有探针/通道上均无可加偏离（各自独立）,False,封印+消灾@none,MEDIUM
封印,龙鳞,2,17,1,OUTPUT_ARITHMETIC,incoming_big / p_hp：基线=-100；封印独发=0；龙鳞独发=-97；并施 A→B=0；B→A=0（可加预期=103）,False,封印+龙鳞@enemy_phase;封印+龙鳞@hurt_then_attack;封印+龙鳞@incoming_big,HIGH
封印,逆鳞,2,17,1,OUTPUT_ARITHMETIC,rounds / st-p:逆鳞：基线=0；封印独发=0；逆鳞独发=-3；并施 A→B=0；B→A=0（可加预期=-3）,False,封印+逆鳞@dodge_then_round;封印+逆鳞@hurt_then_attack;封印+逆鳞@rounds,HIGH
封印,活血,2,17,1,OUTPUT_ARITHMETIC,rounds / p_hp：基线=-180；封印独发=0；活血独发=-120；并施 A→B=0；B→A=0（可加预期=240）,False,封印+活血@dodge_then_round;封印+活血@hurt_then_attack;封印+活血@player_attacks,HIGH
封印,裂变,2,17,1,OUTPUT_ARITHMETIC,enemy_phase / p_hp：基线=-60；封印独发=0；裂变独发=-63；并施 A→B=0；B→A=0（可加预期=57）,False,封印+裂变@enemy_phase;封印+裂变@hurt_then_attack;封印+裂变@player_attacks,HIGH
封印,嫁祸,2,17,0,CAST_EXECUTION|ORDER_SENSITIVE|OUTPUT_ARITHMETIC|RESOURCE_FEEDBACK,[执行受限 {'A→B': '嫁祸发动失败(target_ref不是当前合法实体)'}] __cast__ / p_mana：基线=0；封印独发=0；嫁祸独发=-12；并施 A→B=0；B→A=-12（可加预期=-12）,True,封印+嫁祸@__cast__;封印+嫁祸@dodge_then_round;封印+嫁祸@enemy_phase,UNVERIFIED
封印,背负,2,17,1,OUTPUT_ARITHMETIC,player_attacks / e_hp：基线=-550；封印独发=0；背负独发=-490；并施 A→B=0；B→A=0（可加预期=610）,False,封印+背负@hurt_then_attack;封印+背负@player_attacks,HIGH
封印,伤痕,2,17,0,CAST_EXECUTION|ORDER_SENSITIVE|OUTPUT_ARITHMETIC|RESOURCE_FEEDBACK,[执行受限 {'A→B': '伤痕发动失败(target_ref不是当前合法实体)'}] __cast__ / p_mana：基线=0；封印独发=0；伤痕独发=-6；并施 A→B=0；B→A=-6（可加预期=-6）,True,封印+伤痕@__cast__;封印+伤痕@hurt_then_attack;封印+伤痕@kill_enemy,UNVERIFIED
封印,分裂,0,17,0,,所有探针/通道上均无可加偏离（各自独立）,False,封印+分裂@none,MEDIUM
封印,尸爆,2,17,0,CAST_EXECUTION|ORDER_SENSITIVE|OUTPUT_ARITHMETIC|RESOURCE_FEEDBACK,"[执行受限 {'B独发': '尸爆留下待裁定中断(死之传承)', 'A→B': '尸爆留下待裁定中断(死之传承)', 'B→A': '尸爆留下待裁定中断(死之传承)；封印发动失败(有待处理的中断等待DM裁定)；封印留下待裁定中断()'}] __cast__ / e_atk：基线=0；封印独发=-3；尸爆独发=0；并施 A→B=-3；B→A=0（可加预期=-3）",True,封印+尸爆@__cast__;封印+尸爆@dodge_then_round;封印+尸爆@enemy_phase,UNVERIFIED
封印,缄默,2,17,1,OUTPUT_ARITHMETIC,rounds / st-p:缄默：基线=0；封印独发=0；缄默独发=-1；并施 A→B=0；B→A=0（可加预期=-1）,False,封印+缄默@dodge_then_round;封印+缄默@hurt_then_attack;封印+缄默@player_attacks,HIGH
封印,瓦解,2,17,0,CAST_EXECUTION|ORDER_SENSITIVE|OUTPUT_ARITHMETIC|RESOURCE_FEEDBACK,[执行受限 {'A→B': '瓦解发动失败(target_ref不是当前合法实体)'}] __cast__ / e_bl：基线=0；封印独发=-3000；瓦解独发=-900；并施 A→B=-3000；B→A=-3000（可加预期=-3900）,True,封印+瓦解@__cast__;封印+瓦解@hurt_then_attack;封印+瓦解@kill_enemy,UNVERIFIED
封印,冥气,2,17,0,CAST_EXECUTION|ORDER_SENSITIVE|OUTPUT_ARITHMETIC|RESOURCE_FEEDBACK,[执行受限 {'A→B': '冥气发动失败(target_ref不是当前合法实体)'}] __cast__ / p_mana：基线=0；封印独发=0；冥气独发=-6；并施 A→B=0；B→A=-6（可加预期=-6）,True,封印+冥气@__cast__;封印+冥气@dodge_then_round;封印+冥气@hurt_then_attack,UNVERIFIED
封印,勾魂,2,17,0,CAST_EXECUTION|ORDER_SENSITIVE|OUTPUT_ARITHMETIC|RESOURCE_FEEDBACK,[执行受限 {'A→B': '勾魂发动失败(target_ref不是当前合法实体)'}] __cast__ / p_mana：基线=0；封印独发=0；勾魂独发=-3；并施 A→B=0；B→A=-3（可加预期=-3）,True,封印+勾魂@__cast__;封印+勾魂@dodge_then_round;封印+勾魂@hurt_then_attack,UNVERIFIED
封印,镇尸,2,17,0,CAST_EXECUTION|ORDER_SENSITIVE|OUTPUT_ARITHMETIC|RESOURCE_FEEDBACK,[执行受限 {'A→B': '镇尸发动失败(target_ref不是当前合法实体)'}] __cast__ / p_mana：基线=0；封印独发=0；镇尸独发=-6；并施 A→B=0；B→A=-6（可加预期=-6）,True,封印+镇尸@__cast__;封印+镇尸@dodge_then_round;封印+镇尸@hurt_then_attack,UNVERIFIED
封印,招魂,2,17,1,OUTPUT_ARITHMETIC,player_attacks / e_hp：基线=-550；封印独发=0；招魂独发=-460；并施 A→B=0；B→A=0（可加预期=640）,False,封印+招魂@hurt_then_attack;封印+招魂@player_attacks,HIGH
狂暴,全力,1,17,0,,同通道线性叠加：p_mut,False,狂暴+全力@none,HIGH
狂暴,疯狂,2,17,1,OUTPUT_ARITHMETIC,rounds / st-p:狂暴：基线=0；狂暴独发=-3；疯狂独发=0；并施 A→B=0；B→A=0（可加预期=-3）,False,狂暴+疯狂@dodge_then_round;狂暴+疯狂@rounds,HIGH
狂暴,净化,1,17,0,,同通道线性叠加：p_mut,False,狂暴+净化@none,HIGH
狂暴,减速,1,17,0,,同通道线性叠加：p_mut,False,狂暴+减速@none,HIGH
狂暴,必中,1,17,0,,同通道线性叠加：p_mut,False,狂暴+必中@none,HIGH
狂暴,自愈,1,17,0,,同通道线性叠加：p_mut,False,狂暴+自愈@none,HIGH
狂暴,飞行,1,17,0,,同通道线性叠加：p_mut,False,狂暴+飞行@none,HIGH
狂暴,愤怒,0,17,0,,所有探针/通道上均无可加偏离（各自独立）,False,狂暴+愤怒@none,MEDIUM
狂暴,自残,0,17,0,,所有探针/通道上均无可加偏离（各自独立）,False,狂暴+自残@none,MEDIUM
狂暴,无神,0,17,0,,所有探针/通道上均无可加偏离（各自独立）,False,狂暴+无神@none,MEDIUM
狂暴,借力,0,17,0,,所有探针/通道上均无可加偏离（各自独立）,False,狂暴+借力@none,MEDIUM
狂暴,弱化,0,17,0,,所有探针/通道上均无可加偏离（各自独立）,False,狂暴+弱化@none,MEDIUM
狂暴,自食,0,17,0,,所有探针/通道上均无可加偏离（各自独立）,False,狂暴+自食@none,MEDIUM
狂暴,兴奋,0,17,0,,所有探针/通道上均无可加偏离（各自独立）,False,狂暴+兴奋@none,MEDIUM
狂暴,无力,0,17,0,,所有探针/通道上均无可加偏离（各自独立）,False,狂暴+无力@none,MEDIUM
狂暴,全速,0,17,0,,所有探针/通道上均无可加偏离（各自独立）,False,狂暴+全速@none,MEDIUM
狂暴,急速,0,17,0,,所有探针/通道上均无可加偏离（各自独立）,False,狂暴+急速@none,MEDIUM
狂暴,加速,0,17,0,,所有探针/通道上均无可加偏离（各自独立）,False,狂暴+加速@none,MEDIUM
狂暴,眩晕,0,17,0,,所有探针/通道上均无可加偏离（各自独立）,False,狂暴+眩晕@none,MEDIUM
狂暴,洞察,2,17,1,OUTPUT_ARITHMETIC,dodge_then_round / stRp:狂暴：基线=0；狂暴独发=-1；洞察独发=0；并施 A→B=0；B→A=0（可加预期=-1）,False,狂暴+洞察@dodge_then_round,HIGH
狂暴,蒙蔽,0,17,0,,所有探针/通道上均无可加偏离（各自独立）,False,狂暴+蒙蔽@none,MEDIUM
狂暴,滋养,0,17,0,,所有探针/通道上均无可加偏离（各自独立）,False,狂暴+滋养@none,MEDIUM
狂暴,衰败,0,17,0,,所有探针/通道上均无可加偏离（各自独立）,False,狂暴+衰败@none,MEDIUM
狂暴,寄生,0,17,0,,所有探针/通道上均无可加偏离（各自独立）,False,狂暴+寄生@none,MEDIUM
狂暴,滑翔,0,17,0,,所有探针/通道上均无可加偏离（各自独立）,False,狂暴+滑翔@none,MEDIUM
狂暴,坠落,0,17,0,,所有探针/通道上均无可加偏离（各自独立）,False,狂暴+坠落@none,MEDIUM
狂暴,变形,0,17,0,,所有探针/通道上均无可加偏离（各自独立）,False,狂暴+变形@none,MEDIUM
狂暴,定型,0,17,0,,所有探针/通道上均无可加偏离（各自独立）,False,狂暴+定型@none,MEDIUM
狂暴,畸变,0,17,0,,所有探针/通道上均无可加偏离（各自独立）,False,狂暴+畸变@none,MEDIUM
狂暴,搏命,2,17,1,OUTPUT_ARITHMETIC,dodge_then_round / stRp:狂暴：基线=0；狂暴独发=-1；搏命独发=0；并施 A→B=0；B→A=0（可加预期=-1）,False,狂暴+搏命@dodge_then_round,HIGH
狂暴,超频,0,17,0,,所有探针/通道上均无可加偏离（各自独立）,False,狂暴+超频@none,MEDIUM
狂暴,坏死,0,17,0,,所有探针/通道上均无可加偏离（各自独立）,False,狂暴+坏死@none,MEDIUM
狂暴,爆裂,0,17,0,,所有探针/通道上均无可加偏离（各自独立）,False,狂暴+爆裂@none,MEDIUM
狂暴,退化,0,17,0,,所有探针/通道上均无可加偏离（各自独立）,False,狂暴+退化@none,MEDIUM
狂暴,加害,0,17,0,,所有探针/通道上均无可加偏离（各自独立）,False,狂暴+加害@none,MEDIUM
狂暴,失忆,0,17,0,,所有探针/通道上均无可加偏离（各自独立）,False,狂暴+失忆@none,MEDIUM
狂暴,逼债,0,17,0,,所有探针/通道上均无可加偏离（各自独立）,False,狂暴+逼债@none,MEDIUM
狂暴,豪夺,0,17,0,,所有探针/通道上均无可加偏离（各自独立）,False,狂暴+豪夺@none,MEDIUM
狂暴,清算,0,17,0,,所有探针/通道上均无可加偏离（各自独立）,False,狂暴+清算@none,MEDIUM
狂暴,赎金,0,17,0,,所有探针/通道上均无可加偏离（各自独立）,False,狂暴+赎金@none,MEDIUM
狂暴,假钞,0,17,0,,所有探针/通道上均无可加偏离（各自独立）,False,狂暴+假钞@none,MEDIUM
狂暴,赌命,2,17,1,OUTPUT_ARITHMETIC,rounds / st-p:狂暴：基线=0；狂暴独发=-3；赌命独发=0；并施 A→B=0；B→A=0（可加预期=-3）,False,狂暴+赌命@rounds,HIGH
狂暴,消灾,0,17,0,,所有探针/通道上均无可加偏离（各自独立）,False,狂暴+消灾@none,MEDIUM
狂暴,龙鳞,0,17,0,,所有探针/通道上均无可加偏离（各自独立）,False,狂暴+龙鳞@none,MEDIUM
狂暴,逆鳞,0,17,0,,所有探针/通道上均无可加偏离（各自独立）,False,狂暴+逆鳞@none,MEDIUM
狂暴,活血,0,17,0,,所有探针/通道上均无可加偏离（各自独立）,False,狂暴+活血@none,MEDIUM
狂暴,裂变,0,17,0,,所有探针/通道上均无可加偏离（各自独立）,False,狂暴+裂变@none,MEDIUM
狂暴,嫁祸,0,17,0,,所有探针/通道上均无可加偏离（各自独立）,False,狂暴+嫁祸@none,MEDIUM
狂暴,背负,0,17,0,,所有探针/通道上均无可加偏离（各自独立）,False,狂暴+背负@none,MEDIUM
狂暴,伤痕,0,17,0,,所有探针/通道上均无可加偏离（各自独立）,False,狂暴+伤痕@none,MEDIUM
狂暴,分裂,0,17,0,,所有探针/通道上均无可加偏离（各自独立）,False,狂暴+分裂@none,MEDIUM
狂暴,尸爆,2,17,0,CAST_EXECUTION|ORDER_SENSITIVE|OUTPUT_ARITHMETIC,"[执行受限 {'B独发': '尸爆留下待裁定中断(死之传承)', 'A→B': '尸爆留下待裁定中断(死之传承)', 'B→A': '尸爆留下待裁定中断(死之传承)；狂暴发动失败(有待处理的中断等待DM裁定)；狂暴留下待裁定中断()'}] __cast__ / p_mut：基线=0；狂暴独发=15；尸爆独发=0；并施 A→B=15；B→A=0（可加预期=15）",True,狂暴+尸爆@__cast__;狂暴+尸爆@dodge_then_round;狂暴+尸爆@rounds,UNVERIFIED
狂暴,缄默,0,17,0,,所有探针/通道上均无可加偏离（各自独立）,False,狂暴+缄默@none,MEDIUM
狂暴,瓦解,0,17,0,,所有探针/通道上均无可加偏离（各自独立）,False,狂暴+瓦解@none,MEDIUM
狂暴,冥气,0,17,0,,所有探针/通道上均无可加偏离（各自独立）,False,狂暴+冥气@none,MEDIUM
狂暴,勾魂,0,17,0,,所有探针/通道上均无可加偏离（各自独立）,False,狂暴+勾魂@none,MEDIUM
狂暴,镇尸,0,17,0,,所有探针/通道上均无可加偏离（各自独立）,False,狂暴+镇尸@none,MEDIUM
狂暴,招魂,0,17,0,,所有探针/通道上均无可加偏离（各自独立）,False,狂暴+招魂@none,MEDIUM
全力,疯狂,2,17,1,OUTPUT_ARITHMETIC,rounds / stRp:全力：基线=0；全力独发=-3；疯狂独发=0；并施 A→B=0；B→A=0（可加预期=-3）,False,全力+疯狂@dodge_then_round;全力+疯狂@rounds,HIGH
全力,净化,2,17,1,CAST_EXECUTION|OUTPUT_ARITHMETIC,__cast__ / p_pow：基线=0；全力独发=5；净化独发=-6；并施 A→B=5；B→A=5（可加预期=-1）,False,全力+净化@__cast__;全力+净化@hurt_then_attack;全力+净化@player_attacks,HIGH
全力,减速,1,17,0,,同通道线性叠加：p_mut,False,全力+减速@none,HIGH
全力,必中,1,17,0,,同通道线性叠加：p_mut,False,全力+必中@none,HIGH
全力,自愈,1,17,0,,同通道线性叠加：p_mut,False,全力+自愈@none,HIGH
全力,飞行,1,17,0,,同通道线性叠加：p_mut,False,全力+飞行@none,HIGH
全力,愤怒,2,17,1,CAST_EXECUTION|OUTPUT_ARITHMETIC,__cast__ / p_pow：基线=0；全力独发=5；愤怒独发=-6；并施 A→B=5；B→A=5（可加预期=-1）,False,全力+愤怒@__cast__;全力+愤怒@hurt_then_attack;全力+愤怒@mana_cycle,HIGH
全力,自残,2,17,1,CAST_EXECUTION|OUTPUT_ARITHMETIC,__cast__ / p_pow：基线=0；全力独发=5；自残独发=-9；并施 A→B=5；B→A=5（可加预期=-4）,False,全力+自残@__cast__;全力+自残@hurt_then_attack;全力+自残@player_attacks,HIGH
全力,无神,2,17,1,CAST_EXECUTION|OUTPUT_ARITHMETIC,__cast__ / p_pow：基线=0；全力独发=5；无神独发=-15；并施 A→B=5；B→A=5（可加预期=-10）,False,全力+无神@__cast__;全力+无神@hurt_then_attack;全力+无神@player_attacks,HIGH
全力,借力,2,17,1,CAST_EXECUTION|OUTPUT_ARITHMETIC,__cast__ / p_pow：基线=0；全力独发=5；借力独发=-9；并施 A→B=5；B→A=5（可加预期=-4）,False,全力+借力@__cast__;全力+借力@hurt_then_attack;全力+借力@player_attacks,HIGH
全力,弱化,2,17,1,CAST_EXECUTION|OUTPUT_ARITHMETIC,__cast__ / p_pow：基线=0；全力独发=5；弱化独发=-6；并施 A→B=5；B→A=5（可加预期=-1）,False,全力+弱化@__cast__;全力+弱化@hurt_then_attack;全力+弱化@player_attacks,HIGH
全力,自食,2,17,1,CAST_EXECUTION|OUTPUT_ARITHMETIC,__cast__ / p_pow：基线=0；全力独发=5；自食独发=-3；并施 A→B=5；B→A=5（可加预期=2）,False,全力+自食@__cast__;全力+自食@hurt_then_attack;全力+自食@player_attacks,HIGH
全力,兴奋,2,17,1,CAST_EXECUTION|OUTPUT_ARITHMETIC,__cast__ / p_pow：基线=0；全力独发=5；兴奋独发=-6；并施 A→B=5；B→A=5（可加预期=-1）,False,全力+兴奋@__cast__;全力+兴奋@hurt_then_attack;全力+兴奋@player_attacks,HIGH
全力,无力,2,17,1,CAST_EXECUTION|OUTPUT_ARITHMETIC,__cast__ / p_pow：基线=0；全力独发=5；无力独发=-9；并施 A→B=5；B→A=5（可加预期=-4）,False,全力+无力@__cast__;全力+无力@hurt_then_attack;全力+无力@player_attacks,HIGH
全力,全速,0,17,0,,所有探针/通道上均无可加偏离（各自独立）,False,全力+全速@none,MEDIUM
全力,急速,2,17,1,CAST_EXECUTION|OUTPUT_ARITHMETIC,__cast__ / p_pow：基线=0；全力独发=5；急速独发=-15；并施 A→B=5；B→A=5（可加预期=-10）,False,全力+急速@__cast__;全力+急速@hurt_then_attack;全力+急速@player_attacks,HIGH
全力,加速,2,17,1,CAST_EXECUTION|OUTPUT_ARITHMETIC,__cast__ / p_pow：基线=0；全力独发=5；加速独发=-15；并施 A→B=5；B→A=5（可加预期=-10）,False,全力+加速@__cast__;全力+加速@hurt_then_attack;全力+加速@player_attacks,HIGH
全力,眩晕,2,17,1,CAST_EXECUTION|OUTPUT_ARITHMETIC,__cast__ / p_pow：基线=0；全力独发=5；眩晕独发=-15；并施 A→B=5；B→A=5（可加预期=-10）,False,全力+眩晕@__cast__;全力+眩晕@hurt_then_attack;全力+眩晕@player_attacks,HIGH
全力,洞察,2,17,1,OUTPUT_ARITHMETIC,player_attacks / e_hp：基线=-550；全力独发=-600；洞察独发=-220；并施 A→B=-240；B→A=-240（可加预期=280）,False,全力+洞察@dodge_then_round;全力+洞察@hurt_then_attack;全力+洞察@player_attacks,HIGH
全力,蒙蔽,2,17,1,CAST_EXECUTION|OUTPUT_ARITHMETIC,__cast__ / p_pow：基线=0；全力独发=5；蒙蔽独发=-6；并施 A→B=5；B→A=5（可加预期=-1）,False,全力+蒙蔽@__cast__;全力+蒙蔽@hurt_then_attack;全力+蒙蔽@player_attacks,HIGH
全力,滋养,2,17,1,CAST_EXECUTION|OUTPUT_ARITHMETIC,__cast__ / p_pow：基线=0；全力独发=5；滋养独发=-6；并施 A→B=5；B→A=5（可加预期=-1）,False,全力+滋养@__cast__;全力+滋养@hurt_then_attack;全力+滋养@player_attacks,HIGH
全力,衰败,2,17,1,CAST_EXECUTION|OUTPUT_ARITHMETIC,__cast__ / p_pow：基线=0；全力独发=5；衰败独发=-12；并施 A→B=5；B→A=5（可加预期=-7）,False,全力+衰败@__cast__;全力+衰败@hurt_then_attack;全力+衰败@player_attacks,HIGH
全力,寄生,2,17,1,CAST_EXECUTION|OUTPUT_ARITHMETIC,__cast__ / p_pow：基线=0；全力独发=5；寄生独发=-9；并施 A→B=5；B→A=5（可加预期=-4）,False,全力+寄生@__cast__;全力+寄生@hurt_then_attack;全力+寄生@player_attacks,HIGH
全力,滑翔,2,17,1,CAST_EXECUTION|OUTPUT_ARITHMETIC,__cast__ / p_pow：基线=0；全力独发=5；滑翔独发=-6；并施 A→B=5；B→A=5（可加预期=-1）,False,全力+滑翔@__cast__;全力+滑翔@hurt_then_attack;全力+滑翔@player_attacks,HIGH
全力,坠落,2,17,1,CAST_EXECUTION|OUTPUT_ARITHMETIC,__cast__ / p_pow：基线=0；全力独发=5；坠落独发=-3；并施 A→B=5；B→A=5（可加预期=2）,False,全力+坠落@__cast__;全力+坠落@hurt_then_attack;全力+坠落@player_attacks,HIGH
全力,变形,2,17,1,CAST_EXECUTION|OUTPUT_ARITHMETIC,__cast__ / p_pow：基线=0；全力独发=5；变形独发=-3；并施 A→B=5；B→A=5（可加预期=2）,False,全力+变形@__cast__;全力+变形@hurt_then_attack;全力+变形@player_attacks,HIGH
全力,定型,2,17,1,CAST_EXECUTION|OUTPUT_ARITHMETIC,__cast__ / p_pow：基线=0；全力独发=5；定型独发=-6；并施 A→B=5；B→A=5（可加预期=-1）,False,全力+定型@__cast__;全力+定型@hurt_then_attack;全力+定型@player_attacks,HIGH
全力,畸变,0,17,0,,所有探针/通道上均无可加偏离（各自独立）,False,全力+畸变@none,MEDIUM
全力,搏命,2,17,1,CAST_EXECUTION|OUTPUT_ARITHMETIC,__cast__ / p_pow：基线=0；全力独发=5；搏命独发=3；并施 A→B=5；B→A=5（可加预期=8）,False,全力+搏命@__cast__;全力+搏命@dodge_then_round;全力+搏命@hurt_then_attack,HIGH
全力,超频,2,17,1,CAST_EXECUTION|OUTPUT_ARITHMETIC,__cast__ / p_pow：基线=0；全力独发=5；超频独发=-6；并施 A→B=5；B→A=5（可加预期=-1）,False,全力+超频@__cast__;全力+超频@hurt_then_attack;全力+超频@player_attacks,HIGH
全力,坏死,2,17,1,CAST_EXECUTION|OUTPUT_ARITHMETIC,__cast__ / p_pow：基线=0；全力独发=5；坏死独发=-6；并施 A→B=5；B→A=5（可加预期=-1）,False,全力+坏死@__cast__;全力+坏死@hurt_then_attack;全力+坏死@player_attacks,HIGH
全力,爆裂,2,17,1,CAST_EXECUTION|OUTPUT_ARITHMETIC,__cast__ / p_pow：基线=0；全力独发=5；爆裂独发=-6；并施 A→B=5；B→A=5（可加预期=-1）,False,全力+爆裂@__cast__;全力+爆裂@hurt_then_attack;全力+爆裂@player_attacks,HIGH
全力,退化,2,17,1,CAST_EXECUTION|OUTPUT_ARITHMETIC,__cast__ / p_pow：基线=0；全力独发=5；退化独发=-6；并施 A→B=5；B→A=5（可加预期=-1）,False,全力+退化@__cast__;全力+退化@hurt_then_attack;全力+退化@player_attacks,HIGH
全力,加害,2,17,1,CAST_EXECUTION|OUTPUT_ARITHMETIC,__cast__ / p_pow：基线=0；全力独发=5；加害独发=-6；并施 A→B=5；B→A=5（可加预期=-1）,False,全力+加害@__cast__;全力+加害@hurt_then_attack;全力+加害@player_attacks,HIGH
全力,失忆,2,17,1,CAST_EXECUTION|OUTPUT_ARITHMETIC,__cast__ / p_pow：基线=0；全力独发=5；失忆独发=-24；并施 A→B=5；B→A=5（可加预期=-19）,False,全力+失忆@__cast__;全力+失忆@hurt_then_attack;全力+失忆@player_attacks,HIGH
全力,逼债,2,17,1,CAST_EXECUTION|OUTPUT_ARITHMETIC,__cast__ / p_pow：基线=0；全力独发=5；逼债独发=-3；并施 A→B=5；B→A=5（可加预期=2）,False,全力+逼债@__cast__;全力+逼债@hurt_then_attack;全力+逼债@player_attacks,HIGH
全力,豪夺,0,17,0,,所有探针/通道上均无可加偏离（各自独立）,False,全力+豪夺@none,MEDIUM
全力,清算,2,17,1,CAST_EXECUTION|OUTPUT_ARITHMETIC,__cast__ / p_pow：基线=0；全力独发=5；清算独发=-6；并施 A→B=5；B→A=5（可加预期=-1）,False,全力+清算@__cast__;全力+清算@hurt_then_attack;全力+清算@player_attacks,HIGH
全力,赎金,2,17,1,CAST_EXECUTION|OUTPUT_ARITHMETIC,__cast__ / p_pow：基线=0；全力独发=5；赎金独发=-9；并施 A→B=5；B→A=5（可加预期=-4）,False,全力+赎金@__cast__;全力+赎金@hurt_then_attack;全力+赎金@player_attacks,HIGH
全力,假钞,2,17,1,CAST_EXECUTION|OUTPUT_ARITHMETIC,__cast__ / p_pow：基线=0；全力独发=5；假钞独发=-3；并施 A→B=5；B→A=5（可加预期=2）,False,全力+假钞@__cast__;全力+假钞@hurt_then_attack;全力+假钞@player_attacks,HIGH
全力,赌命,2,17,1,OUTPUT_ARITHMETIC,rounds / stRp:全力：基线=0；全力独发=-3；赌命独发=0；并施 A→B=-2；B→A=-2（可加预期=-3）,False,全力+赌命@rounds,HIGH
全力,消灾,0,17,0,,所有探针/通道上均无可加偏离（各自独立）,False,全力+消灾@none,MEDIUM
全力,龙鳞,2,17,1,CAST_EXECUTION|OUTPUT_ARITHMETIC,__cast__ / p_pow：基线=0；全力独发=5；龙鳞独发=-6；并施 A→B=5；B→A=5（可加预期=-1）,False,全力+龙鳞@__cast__;全力+龙鳞@hurt_then_attack;全力+龙鳞@player_attacks,HIGH
全力,逆鳞,1,17,0,,同通道线性叠加：e_hp,False,全力+逆鳞@none,HIGH
全力,活血,2,17,1,CAST_EXECUTION|OUTPUT_ARITHMETIC,__cast__ / p_pow：基线=0；全力独发=5；活血独发=-3；并施 A→B=5；B→A=5（可加预期=2）,False,全力+活血@__cast__;全力+活血@hurt_then_attack;全力+活血@player_attacks,HIGH
全力,裂变,2,17,1,CAST_EXECUTION|OUTPUT_ARITHMETIC,__cast__ / p_pow：基线=0；全力独发=5；裂变独发=-6；并施 A→B=5；B→A=5（可加预期=-1）,False,全力+裂变@__cast__;全力+裂变@hurt_then_attack;全力+裂变@player_attacks,HIGH
全力,嫁祸,2,17,1,CAST_EXECUTION|OUTPUT_ARITHMETIC,__cast__ / p_pow：基线=0；全力独发=5；嫁祸独发=-12；并施 A→B=5；B→A=5（可加预期=-7）,False,全力+嫁祸@__cast__;全力+嫁祸@hurt_then_attack;全力+嫁祸@player_attacks,HIGH
全力,背负,2,17,1,CAST_EXECUTION|OUTPUT_ARITHMETIC,__cast__ / p_pow：基线=0；全力独发=5；背负独发=-6；并施 A→B=5；B→A=5（可加预期=-1）,False,全力+背负@__cast__;全力+背负@hurt_then_attack;全力+背负@player_attacks,HIGH
全力,伤痕,2,17,1,CAST_EXECUTION|OUTPUT_ARITHMETIC,__cast__ / p_pow：基线=0；全力独发=5；伤痕独发=-6；并施 A→B=5；B→A=5（可加预期=-1）,False,全力+伤痕@__cast__;全力+伤痕@hurt_then_attack;全力+伤痕@player_attacks,HIGH
全力,分裂,0,17,0,,所有探针/通道上均无可加偏离（各自独立）,False,全力+分裂@none,MEDIUM
全力,尸爆,2,17,0,CAST_EXECUTION|ORDER_SENSITIVE|OUTPUT_ARITHMETIC,"[执行受限 {'B独发': '尸爆留下待裁定中断(死之传承)', 'A→B': '尸爆留下待裁定中断(死之传承)', 'B→A': '尸爆留下待裁定中断(死之传承)；全力发动失败(有待处理的中断等待DM裁定)；全力留下待裁定中断()'}] __cast__ / p_mut：基线=0；全力独发=15；尸爆独发=0；并施 A→B=15；B→A=0（可加预期=15）",True,全力+尸爆@__cast__;全力+尸爆@dodge_then_round;全力+尸爆@hurt_then_attack,UNVERIFIED
全力,缄默,2,17,1,CAST_EXECUTION|OUTPUT_ARITHMETIC,__cast__ / p_pow：基线=0；全力独发=5；缄默独发=-3；并施 A→B=5；B→A=5（可加预期=2）,False,全力+缄默@__cast__;全力+缄默@hurt_then_attack;全力+缄默@player_attacks,HIGH
全力,瓦解,2,17,1,CAST_EXECUTION|OUTPUT_ARITHMETIC,__cast__ / p_pow：基线=0；全力独发=5；瓦解独发=-9；并施 A→B=5；B→A=5（可加预期=-4）,False,全力+瓦解@__cast__;全力+瓦解@hurt_then_attack;全力+瓦解@player_attacks,HIGH
全力,冥气,2,17,1,CAST_EXECUTION|OUTPUT_ARITHMETIC,__cast__ / p_pow：基线=0；全力独发=5；冥气独发=-6；并施 A→B=5；B→A=5（可加预期=-1）,False,全力+冥气@__cast__;全力+冥气@hurt_then_attack;全力+冥气@player_attacks,HIGH
全力,勾魂,2,17,1,CAST_EXECUTION|OUTPUT_ARITHMETIC,__cast__ / p_pow：基线=0；全力独发=5；勾魂独发=-3；并施 A→B=5；B→A=5（可加预期=2）,False,全力+勾魂@__cast__;全力+勾魂@hurt_then_attack;全力+勾魂@player_attacks,HIGH
全力,镇尸,2,17,1,CAST_EXECUTION|OUTPUT_ARITHMETIC,__cast__ / p_pow：基线=0；全力独发=5；镇尸独发=-6；并施 A→B=5；B→A=5（可加预期=-1）,False,全力+镇尸@__cast__;全力+镇尸@hurt_then_attack;全力+镇尸@player_attacks,HIGH
全力,招魂,2,17,1,CAST_EXECUTION|OUTPUT_ARITHMETIC,__cast__ / p_pow：基线=0；全力独发=5；招魂独发=-9；并施 A→B=5；B→A=5（可加预期=-4）,False,全力+招魂@__cast__;全力+招魂@hurt_then_attack;全力+招魂@player_attacks,HIGH
疯狂,净化,1,17,0,,同通道线性叠加：p_mut,False,疯狂+净化@none,HIGH
疯狂,减速,2,17,1,OUTPUT_ARITHMETIC,rounds / st-e:减速：基线=0；疯狂独发=0；减速独发=-3；并施 A→B=0；B→A=0（可加预期=-3）,False,疯狂+减速@dodge_then_round;疯狂+减速@rounds,HIGH
疯狂,必中,2,17,1,OUTPUT_ARITHMETIC,rounds / st-p:必中：基线=0；疯狂独发=0；必中独发=-3；并施 A→B=0；B→A=0（可加预期=-3）,False,疯狂+必中@dodge_then_round;疯狂+必中@rounds,HIGH
疯狂,自愈,2,17,1,OUTPUT_ARITHMETIC,rounds / p_hp：基线=-180；疯狂独发=-200；自愈独发=180；并施 A→B=-200；B→A=-200（可加预期=340）,False,疯狂+自愈@dodge_then_round;疯狂+自愈@rounds,HIGH
疯狂,飞行,2,17,1,OUTPUT_ARITHMETIC,enemy_phase / p_died：基线=0；疯狂独发=1；飞行独发=0；并施 A→B=0；B→A=0（可加预期=1）,False,疯狂+飞行@dodge_then_round;疯狂+飞行@enemy_phase;疯狂+飞行@enemy_phase_dodge,HIGH
疯狂,愤怒,2,17,1,OUTPUT_ARITHMETIC,rounds / st-p:愤怒：基线=0；疯狂独发=0；愤怒独发=-3；并施 A→B=0；B→A=0（可加预期=-3）,False,疯狂+愤怒@dodge_then_round;疯狂+愤怒@rounds,HIGH
疯狂,自残,0,17,0,,所有探针/通道上均无可加偏离（各自独立）,False,疯狂+自残@none,MEDIUM
疯狂,无神,2,17,1,EVENT_MULTIPLICATION|OUTPUT_ARITHMETIC,enemy_phase / e_hp：基线=0；疯狂独发=0；无神独发=-60；并施 A→B=-240；B→A=-240（可加预期=-60）,False,疯狂+无神@dodge_then_round;疯狂+无神@enemy_phase;疯狂+无神@enemy_phase_dodge,HIGH
疯狂,借力,0,17,0,,所有探针/通道上均无可加偏离（各自独立）,False,疯狂+借力@none,MEDIUM
疯狂,弱化,2,17,1,OUTPUT_ARITHMETIC,enemy_phase / p_hp：基线=-60；疯狂独发=-200；弱化独发=-51；并施 A→B=-200；B→A=-200（可加预期=-131）,False,疯狂+弱化@enemy_phase;疯狂+弱化@rounds,HIGH
疯狂,自食,2,17,1,OUTPUT_ARITHMETIC,enemy_phase / p_hp：基线=-60；疯狂独发=-200；自食独发=-60；并施 A→B=-203；B→A=-203（可加预期=-140）,False,疯狂+自食@enemy_phase;疯狂+自食@rounds,HIGH
疯狂,兴奋,2,17,1,OUTPUT_ARITHMETIC,rounds / st-p:兴奋：基线=0；疯狂独发=0；兴奋独发=-3；并施 A→B=0；B→A=0（可加预期=-3）,False,疯狂+兴奋@dodge_then_round;疯狂+兴奋@rounds,HIGH
疯狂,无力,0,17,0,,所有探针/通道上均无可加偏离（各自独立）,False,疯狂+无力@none,MEDIUM
疯狂,全速,2,17,1,OUTPUT_ARITHMETIC,enemy_phase_dodge / p_atk：基线=-3；疯狂独发=0；全速独发=0；并施 A→B=0；B→A=0（可加预期=6）,False,疯狂+全速@dodge_then_round;疯狂+全速@enemy_phase_dodge;疯狂+全速@rounds,HIGH
疯狂,急速,2,17,1,OUTPUT_ARITHMETIC,enemy_phase_dodge / p_atk：基线=-3；疯狂独发=0；急速独发=-2；并施 A→B=0；B→A=0（可加预期=4）,False,疯狂+急速@dodge_then_round;疯狂+急速@enemy_phase_dodge;疯狂+急速@rounds,HIGH
疯狂,加速,2,17,1,OUTPUT_ARITHMETIC,rounds / st-p:加速：基线=0；疯狂独发=0；加速独发=-3；并施 A→B=0；B→A=0（可加预期=-3）,False,疯狂+加速@dodge_then_round;疯狂+加速@rounds,HIGH
疯狂,眩晕,2,17,1,OUTPUT_ARITHMETIC,enemy_phase / p_died：基线=0；疯狂独发=1；眩晕独发=0；并施 A→B=0；B→A=0（可加预期=1）,False,疯狂+眩晕@dodge_then_round;疯狂+眩晕@enemy_phase;疯狂+眩晕@enemy_phase_dodge,HIGH
疯狂,洞察,2,17,1,OUTPUT_ARITHMETIC,enemy_phase_dodge / p_atk：基线=-3；疯狂独发=0；洞察独发=0；并施 A→B=0；B→A=0（可加预期=6）,False,疯狂+洞察@dodge_then_round;疯狂+洞察@enemy_phase_dodge;疯狂+洞察@rounds,HIGH
疯狂,蒙蔽,2,17,1,EVENT_MULTIPLICATION|OUTPUT_ARITHMETIC,enemy_phase / p_died：基线=0；疯狂独发=1；蒙蔽独发=0；并施 A→B=0；B→A=0（可加预期=1）,False,疯狂+蒙蔽@enemy_phase;疯狂+蒙蔽@rounds,HIGH
疯狂,滋养,2,17,1,EVENT_MULTIPLICATION|OUTPUT_ARITHMETIC,enemy_phase / p_died：基线=0；疯狂独发=1；滋养独发=0；并施 A→B=0；B→A=0（可加预期=1）,False,疯狂+滋养@enemy_phase;疯狂+滋养@rounds,HIGH
疯狂,衰败,2,17,1,OUTPUT_ARITHMETIC,rounds / e_hp：基线=0；疯狂独发=0；衰败独发=-1971；并施 A→B=0；B→A=0（可加预期=-1971）,False,疯狂+衰败@dodge_then_round;疯狂+衰败@rounds,HIGH
疯狂,寄生,0,17,0,,所有探针/通道上均无可加偏离（各自独立）,False,疯狂+寄生@none,MEDIUM
疯狂,滑翔,2,17,1,OUTPUT_ARITHMETIC,enemy_phase / p_died：基线=0；疯狂独发=1；滑翔独发=0；并施 A→B=0；B→A=0（可加预期=1）,False,疯狂+滑翔@dodge_then_round;疯狂+滑翔@enemy_phase;疯狂+滑翔@enemy_phase_dodge,HIGH
疯狂,坠落,0,17,0,,所有探针/通道上均无可加偏离（各自独立）,False,疯狂+坠落@none,MEDIUM
疯狂,变形,2,17,1,EVENT_MULTIPLICATION|OUTPUT_ARITHMETIC|RESOURCE_FEEDBACK,enemy_phase / p_died：基线=0；疯狂独发=1；变形独发=0；并施 A→B=0；B→A=0（可加预期=1）,False,疯狂+变形@dodge_then_round;疯狂+变形@enemy_phase;疯狂+变形@rounds,HIGH
疯狂,定型,2,17,1,OUTPUT_ARITHMETIC,rounds / st-p:定型：基线=0；疯狂独发=0；定型独发=-3；并施 A→B=0；B→A=0（可加预期=-3）,False,疯狂+定型@dodge_then_round;疯狂+定型@rounds,HIGH
疯狂,畸变,2,17,1,OUTPUT_ARITHMETIC,rounds / e_bl：基线=0；疯狂独发=0；畸变独发=-180；并施 A→B=0；B→A=0（可加预期=-180）,False,疯狂+畸变@dodge_then_round;疯狂+畸变@rounds,HIGH
疯狂,搏命,2,17,1,OUTPUT_ARITHMETIC,enemy_phase_dodge / p_atk：基线=-3；疯狂独发=0；搏命独发=0；并施 A→B=0；B→A=0（可加预期=6）,False,疯狂+搏命@dodge_then_round;疯狂+搏命@enemy_phase_dodge,HIGH
疯狂,超频,0,17,0,,所有探针/通道上均无可加偏离（各自独立）,False,疯狂+超频@none,MEDIUM
疯狂,坏死,2,17,1,OUTPUT_ARITHMETIC,rounds / st-e:坏死：基线=0；疯狂独发=0；坏死独发=-3；并施 A→B=0；B→A=0（可加预期=-3）,False,疯狂+坏死@dodge_then_round;疯狂+坏死@rounds,HIGH
疯狂,爆裂,2,17,1,OUTPUT_ARITHMETIC,enemy_phase / e_hp：基线=0；疯狂独发=0；爆裂独发=-60；并施 A→B=-200；B→A=-200（可加预期=-60）,False,疯狂+爆裂@dodge_then_round;疯狂+爆裂@enemy_phase;疯狂+爆裂@rounds,HIGH
疯狂,退化,0,17,0,,所有探针/通道上均无可加偏离（各自独立）,False,疯狂+退化@none,MEDIUM
疯狂,加害,0,17,0,,所有探针/通道上均无可加偏离（各自独立）,False,疯狂+加害@none,MEDIUM
疯狂,失忆,0,17,0,,所有探针/通道上均无可加偏离（各自独立）,False,疯狂+失忆@none,MEDIUM
疯狂,逼债,0,17,0,,所有探针/通道上均无可加偏离（各自独立）,False,疯狂+逼债@none,MEDIUM
疯狂,豪夺,2,17,1,OUTPUT_ARITHMETIC,rounds / st-e:豪夺：基线=0；疯狂独发=0；豪夺独发=-3；并施 A→B=0；B→A=0（可加预期=-3）,False,疯狂+豪夺@dodge_then_round;疯狂+豪夺@rounds,HIGH
疯狂,清算,2,17,1,OUTPUT_ARITHMETIC,rounds / st-e:清算：基线=0；疯狂独发=0；清算独发=-3；并施 A→B=0；B→A=0（可加预期=-3）,False,疯狂+清算@dodge_then_round;疯狂+清算@rounds,HIGH
疯狂,赎金,0,17,0,,所有探针/通道上均无可加偏离（各自独立）,False,疯狂+赎金@none,MEDIUM
疯狂,假钞,0,17,0,,所有探针/通道上均无可加偏离（各自独立）,False,疯狂+假钞@none,MEDIUM
疯狂,赌命,2,17,1,OUTPUT_ARITHMETIC,rounds / e_hp：基线=0；疯狂独发=0；赌命独发=-900；并施 A→B=0；B→A=0（可加预期=-900）,False,疯狂+赌命@dodge_then_round;疯狂+赌命@rounds,HIGH
疯狂,消灾,0,17,0,,所有探针/通道上均无可加偏离（各自独立）,False,疯狂+消灾@none,MEDIUM
疯狂,龙鳞,2,17,1,OUTPUT_ARITHMETIC,enemy_phase / p_hp：基线=-60；疯狂独发=-200；龙鳞独发=-51；并施 A→B=-200；B→A=-200（可加预期=-131）,False,疯狂+龙鳞@enemy_phase;疯狂+龙鳞@rounds,HIGH
疯狂,逆鳞,2,17,1,OUTPUT_ARITHMETIC,enemy_phase / p_hp：基线=-60；疯狂独发=-200；逆鳞独发=-60；并施 A→B=-197；B→A=-197（可加预期=-140）,False,疯狂+逆鳞@dodge_then_round;疯狂+逆鳞@enemy_phase;疯狂+逆鳞@rounds,HIGH
疯狂,活血,2,17,1,OUTPUT_ARITHMETIC,rounds / p_hp：基线=-180；疯狂独发=-200；活血独发=-120；并施 A→B=-200；B→A=-200（可加预期=40）,False,疯狂+活血@dodge_then_round;疯狂+活血@rounds,HIGH
疯狂,裂变,2,17,1,OUTPUT_ARITHMETIC,enemy_phase / p_hp：基线=-60；疯狂独发=-200；裂变独发=-63；并施 A→B=-200；B→A=-200（可加预期=-143）,False,疯狂+裂变@enemy_phase;疯狂+裂变@rounds,HIGH
疯狂,嫁祸,2,17,1,EVENT_MULTIPLICATION|OUTPUT_ARITHMETIC,enemy_phase / p_died：基线=0；疯狂独发=1；嫁祸独发=0；并施 A→B=0；B→A=0（可加预期=1）,False,疯狂+嫁祸@dodge_then_round;疯狂+嫁祸@enemy_phase;疯狂+嫁祸@rounds,HIGH
疯狂,背负,0,17,0,,所有探针/通道上均无可加偏离（各自独立）,False,疯狂+背负@none,MEDIUM
疯狂,伤痕,0,17,0,,所有探针/通道上均无可加偏离（各自独立）,False,疯狂+伤痕@none,MEDIUM
疯狂,分裂,0,17,0,,所有探针/通道上均无可加偏离（各自独立）,False,疯狂+分裂@none,MEDIUM
疯狂,尸爆,2,17,0,CAST_EXECUTION|ORDER_SENSITIVE|OUTPUT_ARITHMETIC,"[执行受限 {'B独发': '尸爆留下待裁定中断(死之传承)', 'A→B': '尸爆留下待裁定中断(死之传承)', 'B→A': '尸爆留下待裁定中断(死之传承)；疯狂发动失败(有待处理的中断等待DM裁定)；疯狂留下待裁定中断()'}] __cast__ / p_mut：基线=0；疯狂独发=15；尸爆独发=0；并施 A→B=15；B→A=0（可加预期=15）",True,疯狂+尸爆@__cast__;疯狂+尸爆@dodge_then_round;疯狂+尸爆@enemy_phase,UNVERIFIED
疯狂,缄默,2,17,1,OUTPUT_ARITHMETIC,rounds / st-p:缄默：基线=0；疯狂独发=0；缄默独发=-1；并施 A→B=0；B→A=0（可加预期=-1）,False,疯狂+缄默@dodge_then_round;疯狂+缄默@rounds,HIGH
疯狂,瓦解,0,17,0,,所有探针/通道上均无可加偏离（各自独立）,False,疯狂+瓦解@none,MEDIUM
疯狂,冥气,2,17,1,OUTPUT_ARITHMETIC,rounds / st-e:冥气：基线=0；疯狂独发=0；冥气独发=-2；并施 A→B=0；B→A=0（可加预期=-2）,False,疯狂+冥气@dodge_then_round;疯狂+冥气@rounds,HIGH
疯狂,勾魂,2,17,1,OUTPUT_ARITHMETIC,rounds / st-e:勾魂：基线=0；疯狂独发=0；勾魂独发=-1；并施 A→B=0；B→A=0（可加预期=-1）,False,疯狂+勾魂@dodge_then_round;疯狂+勾魂@rounds,HIGH
疯狂,镇尸,2,17,1,OUTPUT_ARITHMETIC,rounds / st-e:镇尸：基线=0；疯狂独发=0；镇尸独发=-1；并施 A→B=0；B→A=0（可加预期=-1）,False,疯狂+镇尸@dodge_then_round;疯狂+镇尸@rounds,HIGH
疯狂,招魂,0,17,0,,所有探针/通道上均无可加偏离（各自独立）,False,疯狂+招魂@none,MEDIUM
净化,减速,1,17,0,,同通道线性叠加：p_mut,False,净化+减速@none,HIGH
净化,必中,1,17,0,,同通道线性叠加：p_mut,False,净化+必中@none,HIGH
净化,自愈,1,17,0,,同通道线性叠加：p_mut,False,净化+自愈@none,HIGH
净化,飞行,1,17,0,,同通道线性叠加：p_mut,False,净化+飞行@none,HIGH
净化,愤怒,2,17,1,CAST_EXECUTION|ORDER_SENSITIVE|OUTPUT_ARITHMETIC|RESOURCE_FEEDBACK,__cast__ / p_mana：基线=0；净化独发=-6；愤怒独发=-6；并施 A→B=-12；B→A=-9（可加预期=-12）,True,净化+愤怒@__cast__;净化+愤怒@hurt_then_attack;净化+愤怒@player_attacks,HIGH
净化,自残,1,17,0,,"同通道线性叠加：e_hp,p_mana,p_pow",False,净化+自残@none,HIGH
净化,无神,1,17,0,,"同通道线性叠加：e_hp,p_mana,p_pow",False,净化+无神@none,HIGH
净化,借力,2,17,1,OUTPUT_ARITHMETIC,player_attacks / e_hp：基线=-550；净化独发=-490；借力独发=-600；并施 A→B=-520；B→A=-520（可加预期=10）,False,净化+借力@hurt_then_attack;净化+借力@player_attacks,HIGH
净化,弱化,1,17,0,,"同通道线性叠加：e_hp,p_mana,p_pow",False,净化+弱化@none,HIGH
净化,自食,1,17,0,,"同通道线性叠加：e_hp,p_mana,p_pow",False,净化+自食@none,HIGH
净化,兴奋,1,17,0,,"同通道线性叠加：e_hp,p_mana,p_pow",False,净化+兴奋@none,HIGH
净化,无力,1,17,0,,"同通道线性叠加：e_hp,p_mana,p_pow",False,净化+无力@none,HIGH
净化,全速,0,17,0,,所有探针/通道上均无可加偏离（各自独立）,False,净化+全速@none,MEDIUM
净化,急速,1,17,0,,"同通道线性叠加：e_hp,p_mana,p_pow",False,净化+急速@none,HIGH
净化,加速,1,17,0,,"同通道线性叠加：e_hp,p_mana,p_pow",False,净化+加速@none,HIGH
净化,眩晕,1,17,0,,"同通道线性叠加：e_hp,p_mana,p_pow",False,净化+眩晕@none,HIGH
净化,洞察,2,17,1,OUTPUT_ARITHMETIC,player_attacks / e_hp：基线=-550；净化独发=-490；洞察独发=-220；并施 A→B=-196；B→A=-196（可加预期=390）,False,净化+洞察@hurt_then_attack;净化+洞察@player_attacks,HIGH
净化,蒙蔽,1,17,0,,"同通道线性叠加：e_hp,p_mana,p_pow",False,净化+蒙蔽@none,HIGH
净化,滋养,1,17,0,,"同通道线性叠加：e_hp,p_mana,p_pow",False,净化+滋养@none,HIGH
净化,衰败,1,17,0,,"同通道线性叠加：e_hp,p_mana,p_pow",False,净化+衰败@none,HIGH
净化,寄生,2,17,1,OUTPUT_ARITHMETIC,hurt_then_attack / p_hp：基线=-50；净化独发=-50；寄生独发=90；并施 A→B=70；B→A=70（可加预期=140）,False,净化+寄生@hurt_then_attack,HIGH
净化,滑翔,1,17,0,,"同通道线性叠加：e_hp,p_mana,p_pow",False,净化+滑翔@none,HIGH
净化,坠落,1,17,0,,"同通道线性叠加：e_hp,p_mana,p_pow",False,净化+坠落@none,HIGH
净化,变形,1,17,0,,"同通道线性叠加：e_hp,p_mana,p_pow",False,净化+变形@none,HIGH
净化,定型,1,17,0,,"同通道线性叠加：e_hp,p_mana,p_pow",False,净化+定型@none,HIGH
净化,畸变,0,17,0,,所有探针/通道上均无可加偏离（各自独立）,False,净化+畸变@none,MEDIUM
净化,搏命,2,17,1,OUTPUT_ARITHMETIC,player_attacks / e_hp：基线=-550；净化独发=-490；搏命独发=-232；并施 A→B=-208；B→A=-208（可加预期=378）,False,净化+搏命@hurt_then_attack;净化+搏命@player_attacks,HIGH
净化,超频,1,17,0,,"同通道线性叠加：e_hp,p_mana,p_pow",False,净化+超频@none,HIGH
净化,坏死,1,17,0,,"同通道线性叠加：e_hp,p_mana,p_pow",False,净化+坏死@none,HIGH
净化,爆裂,1,17,0,,"同通道线性叠加：e_hp,p_mana,p_pow",False,净化+爆裂@none,HIGH
净化,退化,1,17,0,,"同通道线性叠加：e_hp,p_mana,p_pow",False,净化+退化@none,HIGH
净化,加害,1,17,0,,"同通道线性叠加：e_hp,p_mana,p_pow",False,净化+加害@none,HIGH
净化,失忆,1,17,0,,"同通道线性叠加：e_hp,p_mana,p_pow",False,净化+失忆@none,HIGH
净化,逼债,1,17,0,,"同通道线性叠加：e_hp,p_mana,p_pow",False,净化+逼债@none,HIGH
净化,豪夺,0,17,0,,所有探针/通道上均无可加偏离（各自独立）,False,净化+豪夺@none,MEDIUM
净化,清算,1,17,0,,"同通道线性叠加：e_hp,p_mana,p_pow",False,净化+清算@none,HIGH
净化,赎金,1,17,0,,"同通道线性叠加：e_hp,p_mana,p_pow",False,净化+赎金@none,HIGH
净化,假钞,1,17,0,,"同通道线性叠加：e_hp,p_mana,p_pow",False,净化+假钞@none,HIGH
净化,赌命,0,17,0,,所有探针/通道上均无可加偏离（各自独立）,False,净化+赌命@none,MEDIUM
净化,消灾,0,17,0,,所有探针/通道上均无可加偏离（各自独立）,False,净化+消灾@none,MEDIUM
净化,龙鳞,1,17,0,,"同通道线性叠加：e_hp,p_mana,p_pow",False,净化+龙鳞@none,HIGH
净化,逆鳞,1,17,0,,同通道线性叠加：e_hp,False,净化+逆鳞@none,HIGH
净化,活血,1,17,0,,"同通道线性叠加：e_hp,p_mana,p_pow",False,净化+活血@none,HIGH
净化,裂变,1,17,0,,"同通道线性叠加：e_hp,p_mana,p_pow",False,净化+裂变@none,HIGH
净化,嫁祸,1,17,0,,"同通道线性叠加：e_hp,p_mana,p_pow",False,净化+嫁祸@none,HIGH
净化,背负,1,17,0,,"同通道线性叠加：e_hp,p_mana,p_pow",False,净化+背负@none,HIGH
净化,伤痕,1,17,0,,"同通道线性叠加：e_hp,p_mana,p_pow",False,净化+伤痕@none,HIGH
净化,分裂,0,17,0,,所有探针/通道上均无可加偏离（各自独立）,False,净化+分裂@none,MEDIUM
净化,尸爆,2,17,0,CAST_EXECUTION|ORDER_SENSITIVE|OUTPUT_ARITHMETIC|RESOURCE_FEEDBACK,"[执行受限 {'B独发': '尸爆留下待裁定中断(死之传承)', 'A→B': '尸爆留下待裁定中断(死之传承)', 'B→A': '尸爆留下待裁定中断(死之传承)；净化发动失败(有待处理的中断等待DM裁定)；净化留下待裁定中断()'}] __cast__ / p_mana：基线=0；净化独发=-6；尸爆独发=-9；并施 A→B=-15；B→A=-9（可加预期=-15）",True,净化+尸爆@__cast__;净化+尸爆@hurt_then_attack;净化+尸爆@player_attacks,UNVERIFIED
净化,缄默,1,17,0,,"同通道线性叠加：e_hp,p_mana,p_pow",False,净化+缄默@none,HIGH
净化,瓦解,1,17,0,,"同通道线性叠加：e_hp,p_mana,p_pow",False,净化+瓦解@none,HIGH
净化,冥气,1,17,0,,"同通道线性叠加：e_hp,p_mana,p_pow",False,净化+冥气@none,HIGH
净化,勾魂,1,17,0,,"同通道线性叠加：e_hp,p_mana,p_pow",False,净化+勾魂@none,HIGH
净化,镇尸,1,17,0,,"同通道线性叠加：e_hp,p_mana,p_pow",False,净化+镇尸@none,HIGH
净化,招魂,1,17,0,,"同通道线性叠加：e_hp,p_mana,p_pow",False,净化+招魂@none,HIGH
减速,必中,1,17,0,,同通道线性叠加：p_mut,False,减速+必中@none,HIGH
减速,自愈,1,17,0,,同通道线性叠加：p_mut,False,减速+自愈@none,HIGH
减速,飞行,1,17,0,,同通道线性叠加：p_mut,False,减速+飞行@none,HIGH
减速,愤怒,0,17,0,,所有探针/通道上均无可加偏离（各自独立）,False,减速+愤怒@none,MEDIUM
减速,自残,0,17,0,,所有探针/通道上均无可加偏离（各自独立）,False,减速+自残@none,MEDIUM
减速,无神,2,17,1,OUTPUT_ARITHMETIC,enemy_phase_dodge / e_atk：基线=0；减速独发=0；无神独发=-3；并施 A→B=-2；B→A=-2（可加预期=-3）,False,减速+无神@dodge_then_round;减速+无神@enemy_phase_dodge,HIGH
减速,借力,0,17,0,,所有探针/通道上均无可加偏离（各自独立）,False,减速+借力@none,MEDIUM
减速,弱化,0,17,0,,所有探针/通道上均无可加偏离（各自独立）,False,减速+弱化@none,MEDIUM
减速,自食,0,17,0,,所有探针/通道上均无可加偏离（各自独立）,False,减速+自食@none,MEDIUM
减速,兴奋,0,17,0,,所有探针/通道上均无可加偏离（各自独立）,False,减速+兴奋@none,MEDIUM
减速,无力,0,17,0,,所有探针/通道上均无可加偏离（各自独立）,False,减速+无力@none,MEDIUM
减速,全速,0,17,0,,所有探针/通道上均无可加偏离（各自独立）,False,减速+全速@none,MEDIUM
减速,急速,0,17,0,,所有探针/通道上均无可加偏离（各自独立）,False,减速+急速@none,MEDIUM
减速,加速,0,17,0,,所有探针/通道上均无可加偏离（各自独立）,False,减速+加速@none,MEDIUM
减速,眩晕,0,17,0,,所有探针/通道上均无可加偏离（各自独立）,False,减速+眩晕@none,MEDIUM
减速,洞察,2,17,1,OUTPUT_ARITHMETIC,dodge_then_round / stRe:减速：基线=0；减速独发=-1；洞察独发=0；并施 A→B=0；B→A=0（可加预期=-1）,False,减速+洞察@dodge_then_round,HIGH
减速,蒙蔽,0,17,0,,所有探针/通道上均无可加偏离（各自独立）,False,减速+蒙蔽@none,MEDIUM
减速,滋养,0,17,0,,所有探针/通道上均无可加偏离（各自独立）,False,减速+滋养@none,MEDIUM
减速,衰败,0,17,0,,所有探针/通道上均无可加偏离（各自独立）,False,减速+衰败@none,MEDIUM
减速,寄生,0,17,0,,所有探针/通道上均无可加偏离（各自独立）,False,减速+寄生@none,MEDIUM
减速,滑翔,0,17,0,,所有探针/通道上均无可加偏离（各自独立）,False,减速+滑翔@none,MEDIUM
减速,坠落,0,17,0,,所有探针/通道上均无可加偏离（各自独立）,False,减速+坠落@none,MEDIUM
减速,变形,2,17,1,CAST_EXECUTION|ORDER_SENSITIVE|OUTPUT_ARITHMETIC|RESOURCE_FEEDBACK,__cast__ / e_atk：基线=0；减速独发=-1；变形独发=0；并施 A→B=0；B→A=-1（可加预期=-1）,True,减速+变形@__cast__;减速+变形@dodge_then_round;减速+变形@enemy_phase,HIGH
减速,定型,0,17,0,,所有探针/通道上均无可加偏离（各自独立）,False,减速+定型@none,MEDIUM
减速,畸变,0,17,0,,所有探针/通道上均无可加偏离（各自独立）,False,减速+畸变@none,MEDIUM
减速,搏命,2,17,1,OUTPUT_ARITHMETIC,dodge_then_round / stRe:减速：基线=0；减速独发=-1；搏命独发=0；并施 A→B=0；B→A=0（可加预期=-1）,False,减速+搏命@dodge_then_round,HIGH
减速,超频,0,17,0,,所有探针/通道上均无可加偏离（各自独立）,False,减速+超频@none,MEDIUM
减速,坏死,0,17,0,,所有探针/通道上均无可加偏离（各自独立）,False,减速+坏死@none,MEDIUM
减速,爆裂,0,17,0,,所有探针/通道上均无可加偏离（各自独立）,False,减速+爆裂@none,MEDIUM
减速,退化,0,17,0,,所有探针/通道上均无可加偏离（各自独立）,False,减速+退化@none,MEDIUM
减速,加害,0,17,0,,所有探针/通道上均无可加偏离（各自独立）,False,减速+加害@none,MEDIUM
减速,失忆,0,17,0,,所有探针/通道上均无可加偏离（各自独立）,False,减速+失忆@none,MEDIUM
减速,逼债,0,17,0,,所有探针/通道上均无可加偏离（各自独立）,False,减速+逼债@none,MEDIUM
减速,豪夺,0,17,0,,所有探针/通道上均无可加偏离（各自独立）,False,减速+豪夺@none,MEDIUM
减速,清算,0,17,0,,所有探针/通道上均无可加偏离（各自独立）,False,减速+清算@none,MEDIUM
减速,赎金,2,17,1,CAST_EXECUTION,__cast__ / e_atk：基线=0；减速独发=-1；赎金独发=-3；并施 A→B=-3；B→A=-3（可加预期=-4）,False,减速+赎金@__cast__,HIGH
减速,假钞,0,17,0,,所有探针/通道上均无可加偏离（各自独立）,False,减速+假钞@none,MEDIUM
减速,赌命,2,17,1,OUTPUT_ARITHMETIC,rounds / st-e:减速：基线=0；减速独发=-3；赌命独发=0；并施 A→B=0；B→A=0（可加预期=-3）,False,减速+赌命@rounds,HIGH
减速,消灾,0,17,0,,所有探针/通道上均无可加偏离（各自独立）,False,减速+消灾@none,MEDIUM
减速,龙鳞,0,17,0,,所有探针/通道上均无可加偏离（各自独立）,False,减速+龙鳞@none,MEDIUM
减速,逆鳞,0,17,0,,所有探针/通道上均无可加偏离（各自独立）,False,减速+逆鳞@none,MEDIUM
减速,活血,0,17,0,,所有探针/通道上均无可加偏离（各自独立）,False,减速+活血@none,MEDIUM
减速,裂变,0,17,0,,所有探针/通道上均无可加偏离（各自独立）,False,减速+裂变@none,MEDIUM
减速,嫁祸,0,17,0,,所有探针/通道上均无可加偏离（各自独立）,False,减速+嫁祸@none,MEDIUM
减速,背负,0,17,0,,所有探针/通道上均无可加偏离（各自独立）,False,减速+背负@none,MEDIUM
减速,伤痕,0,17,0,,所有探针/通道上均无可加偏离（各自独立）,False,减速+伤痕@none,MEDIUM
减速,分裂,0,17,0,,所有探针/通道上均无可加偏离（各自独立）,False,减速+分裂@none,MEDIUM
减速,尸爆,2,17,0,CAST_EXECUTION|ORDER_SENSITIVE|OUTPUT_ARITHMETIC,"[执行受限 {'B独发': '尸爆留下待裁定中断(死之传承)', 'A→B': '尸爆留下待裁定中断(死之传承)', 'B→A': '尸爆留下待裁定中断(死之传承)；减速发动失败(有待处理的中断等待DM裁定)；减速留下待裁定中断()'}] __cast__ / e_atk：基线=0；减速独发=-1；尸爆独发=0；并施 A→B=-1；B→A=0（可加预期=-1）",True,减速+尸爆@__cast__;减速+尸爆@dodge_then_round;减速+尸爆@rounds,UNVERIFIED
减速,缄默,0,17,0,,所有探针/通道上均无可加偏离（各自独立）,False,减速+缄默@none,MEDIUM
减速,瓦解,0,17,0,,所有探针/通道上均无可加偏离（各自独立）,False,减速+瓦解@none,MEDIUM
减速,冥气,2,17,1,CAST_EXECUTION|ORDER_SENSITIVE,__cast__ / e_atk：基线=0；减速独发=-1；冥气独发=0；并施 A→B=-1；B→A=-2（可加预期=-1）,True,减速+冥气@__cast__,HIGH
减速,勾魂,0,17,0,,所有探针/通道上均无可加偏离（各自独立）,False,减速+勾魂@none,MEDIUM
减速,镇尸,0,17,0,,所有探针/通道上均无可加偏离（各自独立）,False,减速+镇尸@none,MEDIUM
减速,招魂,0,17,0,,所有探针/通道上均无可加偏离（各自独立）,False,减速+招魂@none,MEDIUM
必中,自愈,1,17,0,,同通道线性叠加：p_mut,False,必中+自愈@none,HIGH
必中,飞行,1,17,0,,同通道线性叠加：p_mut,False,必中+飞行@none,HIGH
必中,愤怒,0,17,0,,所有探针/通道上均无可加偏离（各自独立）,False,必中+愤怒@none,MEDIUM
必中,自残,0,17,0,,所有探针/通道上均无可加偏离（各自独立）,False,必中+自残@none,MEDIUM
必中,无神,0,17,0,,所有探针/通道上均无可加偏离（各自独立）,False,必中+无神@none,MEDIUM
必中,借力,0,17,0,,所有探针/通道上均无可加偏离（各自独立）,False,必中+借力@none,MEDIUM
必中,弱化,0,17,0,,所有探针/通道上均无可加偏离（各自独立）,False,必中+弱化@none,MEDIUM
必中,自食,0,17,0,,所有探针/通道上均无可加偏离（各自独立）,False,必中+自食@none,MEDIUM
必中,兴奋,0,17,0,,所有探针/通道上均无可加偏离（各自独立）,False,必中+兴奋@none,MEDIUM
必中,无力,0,17,0,,所有探针/通道上均无可加偏离（各自独立）,False,必中+无力@none,MEDIUM
必中,全速,0,17,0,,所有探针/通道上均无可加偏离（各自独立）,False,必中+全速@none,MEDIUM
必中,急速,0,17,0,,所有探针/通道上均无可加偏离（各自独立）,False,必中+急速@none,MEDIUM
必中,加速,0,17,0,,所有探针/通道上均无可加偏离（各自独立）,False,必中+加速@none,MEDIUM
必中,眩晕,0,17,0,,所有探针/通道上均无可加偏离（各自独立）,False,必中+眩晕@none,MEDIUM
必中,洞察,2,17,1,OUTPUT_ARITHMETIC,player_attacks_dodged / e_atk：基线=0；必中独发=0；洞察独发=-2；并施 A→B=0；B→A=0（可加预期=-2）,False,必中+洞察@dodge_then_round;必中+洞察@player_attacks_dodged,HIGH
必中,蒙蔽,0,17,0,,所有探针/通道上均无可加偏离（各自独立）,False,必中+蒙蔽@none,MEDIUM
必中,滋养,0,17,0,,所有探针/通道上均无可加偏离（各自独立）,False,必中+滋养@none,MEDIUM
必中,衰败,0,17,0,,所有探针/通道上均无可加偏离（各自独立）,False,必中+衰败@none,MEDIUM
必中,寄生,0,17,0,,所有探针/通道上均无可加偏离（各自独立）,False,必中+寄生@none,MEDIUM
必中,滑翔,0,17,0,,所有探针/通道上均无可加偏离（各自独立）,False,必中+滑翔@none,MEDIUM
必中,坠落,0,17,0,,所有探针/通道上均无可加偏离（各自独立）,False,必中+坠落@none,MEDIUM
必中,变形,0,17,0,,所有探针/通道上均无可加偏离（各自独立）,False,必中+变形@none,MEDIUM
必中,定型,0,17,0,,所有探针/通道上均无可加偏离（各自独立）,False,必中+定型@none,MEDIUM
必中,畸变,0,17,0,,所有探针/通道上均无可加偏离（各自独立）,False,必中+畸变@none,MEDIUM
必中,搏命,2,17,1,OUTPUT_ARITHMETIC,player_attacks_dodged / e_atk：基线=0；必中独发=0；搏命独发=-2；并施 A→B=0；B→A=0（可加预期=-2）,False,必中+搏命@dodge_then_round;必中+搏命@player_attacks_dodged,HIGH
必中,超频,0,17,0,,所有探针/通道上均无可加偏离（各自独立）,False,必中+超频@none,MEDIUM
必中,坏死,0,17,0,,所有探针/通道上均无可加偏离（各自独立）,False,必中+坏死@none,MEDIUM
必中,爆裂,0,17,0,,所有探针/通道上均无可加偏离（各自独立）,False,必中+爆裂@none,MEDIUM
必中,退化,0,17,0,,所有探针/通道上均无可加偏离（各自独立）,False,必中+退化@none,MEDIUM
必中,加害,0,17,0,,所有探针/通道上均无可加偏离（各自独立）,False,必中+加害@none,MEDIUM
必中,失忆,0,17,0,,所有探针/通道上均无可加偏离（各自独立）,False,必中+失忆@none,MEDIUM
必中,逼债,0,17,0,,所有探针/通道上均无可加偏离（各自独立）,False,必中+逼债@none,MEDIUM
必中,豪夺,0,17,0,,所有探针/通道上均无可加偏离（各自独立）,False,必中+豪夺@none,MEDIUM
必中,清算,0,17,0,,所有探针/通道上均无可加偏离（各自独立）,False,必中+清算@none,MEDIUM
必中,赎金,0,17,0,,所有探针/通道上均无可加偏离（各自独立）,False,必中+赎金@none,MEDIUM
必中,假钞,0,17,0,,所有探针/通道上均无可加偏离（各自独立）,False,必中+假钞@none,MEDIUM
必中,赌命,2,17,1,OUTPUT_ARITHMETIC,rounds / st-p:必中：基线=0；必中独发=-3；赌命独发=0；并施 A→B=0；B→A=0（可加预期=-3）,False,必中+赌命@rounds,HIGH
必中,消灾,0,17,0,,所有探针/通道上均无可加偏离（各自独立）,False,必中+消灾@none,MEDIUM
必中,龙鳞,0,17,0,,所有探针/通道上均无可加偏离（各自独立）,False,必中+龙鳞@none,MEDIUM
必中,逆鳞,0,17,0,,所有探针/通道上均无可加偏离（各自独立）,False,必中+逆鳞@none,MEDIUM
必中,活血,0,17,0,,所有探针/通道上均无可加偏离（各自独立）,False,必中+活血@none,MEDIUM
必中,裂变,0,17,0,,所有探针/通道上均无可加偏离（各自独立）,False,必中+裂变@none,MEDIUM
必中,嫁祸,0,17,0,,所有探针/通道上均无可加偏离（各自独立）,False,必中+嫁祸@none,MEDIUM
必中,背负,0,17,0,,所有探针/通道上均无可加偏离（各自独立）,False,必中+背负@none,MEDIUM
必中,伤痕,0,17,0,,所有探针/通道上均无可加偏离（各自独立）,False,必中+伤痕@none,MEDIUM
必中,分裂,0,17,0,,所有探针/通道上均无可加偏离（各自独立）,False,必中+分裂@none,MEDIUM
必中,尸爆,2,17,0,CAST_EXECUTION|ORDER_SENSITIVE|OUTPUT_ARITHMETIC,"[执行受限 {'B独发': '尸爆留下待裁定中断(死之传承)', 'A→B': '尸爆留下待裁定中断(死之传承)', 'B→A': '尸爆留下待裁定中断(死之传承)；必中发动失败(有待处理的中断等待DM裁定)；必中留下待裁定中断()'}] __cast__ / p_mut：基线=0；必中独发=3；尸爆独发=0；并施 A→B=3；B→A=0（可加预期=3）",True,必中+尸爆@__cast__;必中+尸爆@dodge_then_round;必中+尸爆@rounds,UNVERIFIED
必中,缄默,0,17,0,,所有探针/通道上均无可加偏离（各自独立）,False,必中+缄默@none,MEDIUM
必中,瓦解,0,17,0,,所有探针/通道上均无可加偏离（各自独立）,False,必中+瓦解@none,MEDIUM
必中,冥气,0,17,0,,所有探针/通道上均无可加偏离（各自独立）,False,必中+冥气@none,MEDIUM
必中,勾魂,0,17,0,,所有探针/通道上均无可加偏离（各自独立）,False,必中+勾魂@none,MEDIUM
必中,镇尸,0,17,0,,所有探针/通道上均无可加偏离（各自独立）,False,必中+镇尸@none,MEDIUM
必中,招魂,0,17,0,,所有探针/通道上均无可加偏离（各自独立）,False,必中+招魂@none,MEDIUM
自愈,飞行,2,17,1,OUTPUT_ARITHMETIC,rounds / p_hp：基线=-180；自愈独发=180；飞行独发=0；并施 A→B=200；B→A=200（可加预期=540）,False,自愈+飞行@rounds,HIGH
自愈,愤怒,0,17,0,,所有探针/通道上均无可加偏离（各自独立）,False,自愈+愤怒@none,MEDIUM
自愈,自残,0,17,0,,所有探针/通道上均无可加偏离（各自独立）,False,自愈+自残@none,MEDIUM
自愈,无神,2,17,1,OUTPUT_ARITHMETIC,rounds / p_hp：基线=-180；自愈独发=180；无神独发=0；并施 A→B=200；B→A=200（可加预期=540）,False,自愈+无神@rounds,HIGH
自愈,借力,0,17,0,,所有探针/通道上均无可加偏离（各自独立）,False,自愈+借力@none,MEDIUM
自愈,弱化,2,17,1,OUTPUT_ARITHMETIC,rounds / p_hp：基线=-180；自愈独发=180；弱化独发=-153；并施 A→B=200；B→A=200（可加预期=387）,False,自愈+弱化@rounds,HIGH
自愈,自食,0,17,0,,所有探针/通道上均无可加偏离（各自独立）,False,自愈+自食@none,MEDIUM
自愈,兴奋,0,17,0,,所有探针/通道上均无可加偏离（各自独立）,False,自愈+兴奋@none,MEDIUM
自愈,无力,0,17,0,,所有探针/通道上均无可加偏离（各自独立）,False,自愈+无力@none,MEDIUM
自愈,全速,0,17,0,,所有探针/通道上均无可加偏离（各自独立）,False,自愈+全速@none,MEDIUM
自愈,急速,0,17,0,,所有探针/通道上均无可加偏离（各自独立）,False,自愈+急速@none,MEDIUM
自愈,加速,0,17,0,,所有探针/通道上均无可加偏离（各自独立）,False,自愈+加速@none,MEDIUM
自愈,眩晕,2,17,1,OUTPUT_ARITHMETIC,rounds / p_hp：基线=-180；自愈独发=180；眩晕独发=0；并施 A→B=200；B→A=200（可加预期=540）,False,自愈+眩晕@rounds,HIGH
自愈,洞察,2,17,1,OUTPUT_ARITHMETIC,dodge_then_round / p_hp：基线=0；自愈独发=120；洞察独发=0；并施 A→B=0；B→A=0（可加预期=120）,False,自愈+洞察@dodge_then_round,HIGH
自愈,蒙蔽,2,17,1,OUTPUT_ARITHMETIC,rounds / p_hp：基线=-180；自愈独发=180；蒙蔽独发=-120；并施 A→B=200；B→A=200（可加预期=420）,False,自愈+蒙蔽@rounds,HIGH
自愈,滋养,2,17,1,OUTPUT_ARITHMETIC,rounds / p_hp：基线=-180；自愈独发=180；滋养独发=-180；并施 A→B=80；B→A=80（可加预期=360）,False,自愈+滋养@dodge_then_round;自愈+滋养@rounds,HIGH
自愈,衰败,0,17,0,,所有探针/通道上均无可加偏离（各自独立）,False,自愈+衰败@none,MEDIUM
自愈,寄生,0,17,0,,所有探针/通道上均无可加偏离（各自独立）,False,自愈+寄生@none,MEDIUM
自愈,滑翔,2,17,1,OUTPUT_ARITHMETIC,rounds / p_hp：基线=-180；自愈独发=180；滑翔独发=0；并施 A→B=200；B→A=200（可加预期=540）,False,自愈+滑翔@rounds,HIGH
自愈,坠落,0,17,0,,所有探针/通道上均无可加偏离（各自独立）,False,自愈+坠落@none,MEDIUM
自愈,变形,2,17,1,OUTPUT_ARITHMETIC,rounds / p_hp：基线=-180；自愈独发=180；变形独发=-129；并施 A→B=200；B→A=200（可加预期=411）,False,自愈+变形@rounds,HIGH
自愈,定型,0,17,0,,所有探针/通道上均无可加偏离（各自独立）,False,自愈+定型@none,MEDIUM
自愈,畸变,0,17,0,,所有探针/通道上均无可加偏离（各自独立）,False,自愈+畸变@none,MEDIUM
自愈,搏命,2,17,1,OUTPUT_ARITHMETIC,dodge_then_round / p_hp：基线=0；自愈独发=120；搏命独发=0；并施 A→B=0；B→A=0（可加预期=120）,False,自愈+搏命@dodge_then_round,HIGH
自愈,超频,0,17,0,,所有探针/通道上均无可加偏离（各自独立）,False,自愈+超频@none,MEDIUM
自愈,坏死,0,17,0,,所有探针/通道上均无可加偏离（各自独立）,False,自愈+坏死@none,MEDIUM
自愈,爆裂,0,17,0,,所有探针/通道上均无可加偏离（各自独立）,False,自愈+爆裂@none,MEDIUM
自愈,退化,0,17,0,,所有探针/通道上均无可加偏离（各自独立）,False,自愈+退化@none,MEDIUM
自愈,加害,0,17,0,,所有探针/通道上均无可加偏离（各自独立）,False,自愈+加害@none,MEDIUM
自愈,失忆,0,17,0,,所有探针/通道上均无可加偏离（各自独立）,False,自愈+失忆@none,MEDIUM
自愈,逼债,0,17,0,,所有探针/通道上均无可加偏离（各自独立）,False,自愈+逼债@none,MEDIUM
自愈,豪夺,0,17,0,,所有探针/通道上均无可加偏离（各自独立）,False,自愈+豪夺@none,MEDIUM
自愈,清算,0,17,0,,所有探针/通道上均无可加偏离（各自独立）,False,自愈+清算@none,MEDIUM
自愈,赎金,0,17,0,,所有探针/通道上均无可加偏离（各自独立）,False,自愈+赎金@none,MEDIUM
自愈,假钞,0,17,0,,所有探针/通道上均无可加偏离（各自独立）,False,自愈+假钞@none,MEDIUM
自愈,赌命,2,17,1,EVENT_CONVERSION|OUTPUT_ARITHMETIC,rounds / p_died：基线=0；自愈独发=0；赌命独发=1；并施 A→B=0；B→A=0（可加预期=1）,False,自愈+赌命@dodge_then_round;自愈+赌命@rounds,HIGH
自愈,消灾,0,17,0,,所有探针/通道上均无可加偏离（各自独立）,False,自愈+消灾@none,MEDIUM
自愈,龙鳞,2,17,1,OUTPUT_ARITHMETIC,rounds / p_hp：基线=-180；自愈独发=180；龙鳞独发=-153；并施 A→B=200；B→A=200（可加预期=387）,False,自愈+龙鳞@rounds,HIGH
自愈,逆鳞,0,17,0,,所有探针/通道上均无可加偏离（各自独立）,False,自愈+逆鳞@none,MEDIUM
自愈,活血,2,17,1,OUTPUT_ARITHMETIC,rounds / p_hp：基线=-180；自愈独发=180；活血独发=-120；并施 A→B=200；B→A=200（可加预期=420）,False,自愈+活血@rounds,HIGH
自愈,裂变,1,17,0,,同通道线性叠加：p_hp,False,自愈+裂变@none,HIGH
自愈,嫁祸,2,17,1,OUTPUT_ARITHMETIC,rounds / p_hp：基线=-180；自愈独发=180；嫁祸独发=-120；并施 A→B=200；B→A=200（可加预期=420）,False,自愈+嫁祸@rounds,HIGH
自愈,背负,0,17,0,,所有探针/通道上均无可加偏离（各自独立）,False,自愈+背负@none,MEDIUM
自愈,伤痕,0,17,0,,所有探针/通道上均无可加偏离（各自独立）,False,自愈+伤痕@none,MEDIUM
自愈,分裂,2,17,1,OUTPUT_ARITHMETIC,rounds / p_hp：基线=-180；自愈独发=180；分裂独发=-180；并施 A→B=153；B→A=153（可加预期=360）,False,自愈+分裂@dodge_then_round;自愈+分裂@rounds,HIGH
自愈,尸爆,2,17,0,CAST_EXECUTION|ORDER_SENSITIVE|OUTPUT_ARITHMETIC,"[执行受限 {'B独发': '尸爆留下待裁定中断(死之传承)', 'A→B': '尸爆留下待裁定中断(死之传承)', 'B→A': '尸爆留下待裁定中断(死之传承)；自愈发动失败(有待处理的中断等待DM裁定)；自愈留下待裁定中断()'}] __cast__ / p_mut：基线=0；自愈独发=15；尸爆独发=0；并施 A→B=15；B→A=0（可加预期=15）",True,自愈+尸爆@__cast__;自愈+尸爆@dodge_then_round;自愈+尸爆@rounds,UNVERIFIED
自愈,缄默,0,17,0,,所有探针/通道上均无可加偏离（各自独立）,False,自愈+缄默@none,MEDIUM
自愈,瓦解,0,17,0,,所有探针/通道上均无可加偏离（各自独立）,False,自愈+瓦解@none,MEDIUM
自愈,冥气,0,17,0,,所有探针/通道上均无可加偏离（各自独立）,False,自愈+冥气@none,MEDIUM
自愈,勾魂,0,17,0,,所有探针/通道上均无可加偏离（各自独立）,False,自愈+勾魂@none,MEDIUM
自愈,镇尸,0,17,0,,所有探针/通道上均无可加偏离（各自独立）,False,自愈+镇尸@none,MEDIUM
自愈,招魂,0,17,0,,所有探针/通道上均无可加偏离（各自独立）,False,自愈+招魂@none,MEDIUM
飞行,愤怒,0,17,0,,所有探针/通道上均无可加偏离（各自独立）,False,飞行+愤怒@none,MEDIUM
飞行,自残,0,17,0,,所有探针/通道上均无可加偏离（各自独立）,False,飞行+自残@none,MEDIUM
飞行,无神,2,17,1,OUTPUT_ARITHMETIC,enemy_phase / e_hp：基线=0；飞行独发=0；无神独发=-60；并施 A→B=0；B→A=0（可加预期=-60）,False,飞行+无神@dodge_then_round;飞行+无神@enemy_phase;飞行+无神@enemy_phase_dodge,HIGH
飞行,借力,0,17,0,,所有探针/通道上均无可加偏离（各自独立）,False,飞行+借力@none,MEDIUM
飞行,弱化,2,17,1,OUTPUT_ARITHMETIC,enemy_phase / p_hp：基线=-60；飞行独发=0；弱化独发=-51；并施 A→B=0；B→A=0（可加预期=69）,False,飞行+弱化@enemy_phase;飞行+弱化@rounds,HIGH
飞行,自食,0,17,0,,所有探针/通道上均无可加偏离（各自独立）,False,飞行+自食@none,MEDIUM
飞行,兴奋,0,17,0,,所有探针/通道上均无可加偏离（各自独立）,False,飞行+兴奋@none,MEDIUM
飞行,无力,0,17,0,,所有探针/通道上均无可加偏离（各自独立）,False,飞行+无力@none,MEDIUM
飞行,全速,2,17,1,OUTPUT_ARITHMETIC,enemy_phase_dodge / p_atk：基线=-3；飞行独发=0；全速独发=0；并施 A→B=0；B→A=0（可加预期=6）,False,飞行+全速@dodge_then_round;飞行+全速@enemy_phase_dodge,HIGH
飞行,急速,2,17,1,OUTPUT_ARITHMETIC,enemy_phase_dodge / p_atk：基线=-3；飞行独发=0；急速独发=-2；并施 A→B=0；B→A=0（可加预期=4）,False,飞行+急速@dodge_then_round;飞行+急速@enemy_phase_dodge,HIGH
飞行,加速,0,17,0,,所有探针/通道上均无可加偏离（各自独立）,False,飞行+加速@none,MEDIUM
飞行,眩晕,2,17,1,OUTPUT_ARITHMETIC,enemy_phase / p_hp：基线=-60；飞行独发=0；眩晕独发=0；并施 A→B=0；B→A=0（可加预期=120）,False,飞行+眩晕@dodge_then_round;飞行+眩晕@enemy_phase;飞行+眩晕@enemy_phase_dodge,HIGH
飞行,洞察,2,17,1,OUTPUT_ARITHMETIC,enemy_phase_dodge / p_atk：基线=-3；飞行独发=0；洞察独发=0；并施 A→B=0；B→A=0（可加预期=6）,False,飞行+洞察@dodge_then_round;飞行+洞察@enemy_phase_dodge,HIGH
飞行,蒙蔽,2,17,1,OUTPUT_ARITHMETIC,enemy_phase / p_hp：基线=-60；飞行独发=0；蒙蔽独发=0；并施 A→B=0；B→A=0（可加预期=120）,False,飞行+蒙蔽@enemy_phase;飞行+蒙蔽@rounds,HIGH
飞行,滋养,0,17,0,,所有探针/通道上均无可加偏离（各自独立）,False,飞行+滋养@none,MEDIUM
飞行,衰败,0,17,0,,所有探针/通道上均无可加偏离（各自独立）,False,飞行+衰败@none,MEDIUM
飞行,寄生,0,17,0,,所有探针/通道上均无可加偏离（各自独立）,False,飞行+寄生@none,MEDIUM
飞行,滑翔,2,17,1,OUTPUT_ARITHMETIC,enemy_phase / p_hp：基线=-60；飞行独发=0；滑翔独发=0；并施 A→B=0；B→A=0（可加预期=120）,False,飞行+滑翔@dodge_then_round;飞行+滑翔@enemy_phase;飞行+滑翔@enemy_phase_dodge,HIGH
飞行,坠落,2,17,1,CAST_EXECUTION|ORDER_SENSITIVE|OUTPUT_ARITHMETIC,__cast__ / st+p:坠落：基线=0；飞行独发=0；坠落独发=0；并施 A→B=3；B→A=0（可加预期=0）,True,飞行+坠落@__cast__;飞行+坠落@dodge_then_round;飞行+坠落@enemy_phase,HIGH
飞行,变形,2,17,1,OUTPUT_ARITHMETIC,enemy_phase / p_hp：基线=-60；飞行独发=0；变形独发=-9；并施 A→B=0；B→A=0（可加预期=111）,False,飞行+变形@enemy_phase;飞行+变形@rounds,HIGH
飞行,定型,0,17,0,,所有探针/通道上均无可加偏离（各自独立）,False,飞行+定型@none,MEDIUM
飞行,畸变,0,17,0,,所有探针/通道上均无可加偏离（各自独立）,False,飞行+畸变@none,MEDIUM
飞行,搏命,2,17,1,OUTPUT_ARITHMETIC,enemy_phase_dodge / p_atk：基线=-3；飞行独发=0；搏命独发=0；并施 A→B=0；B→A=0（可加预期=6）,False,飞行+搏命@dodge_then_round;飞行+搏命@enemy_phase_dodge,HIGH
飞行,超频,0,17,0,,所有探针/通道上均无可加偏离（各自独立）,False,飞行+超频@none,MEDIUM
飞行,坏死,0,17,0,,所有探针/通道上均无可加偏离（各自独立）,False,飞行+坏死@none,MEDIUM
飞行,爆裂,2,17,1,OUTPUT_ARITHMETIC,enemy_phase / e_hp：基线=0；飞行独发=0；爆裂独发=-60；并施 A→B=0；B→A=0（可加预期=-60）,False,飞行+爆裂@enemy_phase;飞行+爆裂@rounds,HIGH
飞行,退化,0,17,0,,所有探针/通道上均无可加偏离（各自独立）,False,飞行+退化@none,MEDIUM
飞行,加害,0,17,0,,所有探针/通道上均无可加偏离（各自独立）,False,飞行+加害@none,MEDIUM
飞行,失忆,0,17,0,,所有探针/通道上均无可加偏离（各自独立）,False,飞行+失忆@none,MEDIUM
飞行,逼债,0,17,0,,所有探针/通道上均无可加偏离（各自独立）,False,飞行+逼债@none,MEDIUM
飞行,豪夺,0,17,0,,所有探针/通道上均无可加偏离（各自独立）,False,飞行+豪夺@none,MEDIUM
飞行,清算,0,17,0,,所有探针/通道上均无可加偏离（各自独立）,False,飞行+清算@none,MEDIUM
飞行,赎金,0,17,0,,所有探针/通道上均无可加偏离（各自独立）,False,飞行+赎金@none,MEDIUM
飞行,假钞,0,17,0,,所有探针/通道上均无可加偏离（各自独立）,False,飞行+假钞@none,MEDIUM
飞行,赌命,2,17,1,OUTPUT_ARITHMETIC,rounds / p_died：基线=0；飞行独发=0；赌命独发=1；并施 A→B=0；B→A=0（可加预期=1）,False,飞行+赌命@rounds,HIGH
飞行,消灾,0,17,0,,所有探针/通道上均无可加偏离（各自独立）,False,飞行+消灾@none,MEDIUM
飞行,龙鳞,2,17,1,OUTPUT_ARITHMETIC,enemy_phase / p_hp：基线=-60；飞行独发=0；龙鳞独发=-51；并施 A→B=0；B→A=0（可加预期=69）,False,飞行+龙鳞@enemy_phase;飞行+龙鳞@rounds,HIGH
飞行,逆鳞,0,17,0,,所有探针/通道上均无可加偏离（各自独立）,False,飞行+逆鳞@none,MEDIUM
飞行,活血,2,17,1,OUTPUT_ARITHMETIC,rounds / p_hp：基线=-180；飞行独发=0；活血独发=-120；并施 A→B=0；B→A=0（可加预期=240）,False,飞行+活血@rounds,HIGH
飞行,裂变,2,17,1,OUTPUT_ARITHMETIC,enemy_phase / p_hp：基线=-60；飞行独发=0；裂变独发=-63；并施 A→B=0；B→A=0（可加预期=57）,False,飞行+裂变@enemy_phase;飞行+裂变@rounds,HIGH
飞行,嫁祸,2,17,1,OUTPUT_ARITHMETIC,enemy_phase / e_hp：基线=0；飞行独发=0；嫁祸独发=-60；并施 A→B=0；B→A=0（可加预期=-60）,False,飞行+嫁祸@enemy_phase;飞行+嫁祸@rounds,HIGH
飞行,背负,0,17,0,,所有探针/通道上均无可加偏离（各自独立）,False,飞行+背负@none,MEDIUM
飞行,伤痕,0,17,0,,所有探针/通道上均无可加偏离（各自独立）,False,飞行+伤痕@none,MEDIUM
飞行,分裂,2,17,1,OUTPUT_ARITHMETIC,rounds / st-p:飞行：基线=0；飞行独发=-3；分裂独发=0；并施 A→B=0；B→A=0（可加预期=-3）,False,飞行+分裂@dodge_then_round;飞行+分裂@rounds,HIGH
飞行,尸爆,2,17,0,CAST_EXECUTION|ORDER_SENSITIVE|OUTPUT_ARITHMETIC,"[执行受限 {'B独发': '尸爆留下待裁定中断(死之传承)', 'A→B': '尸爆留下待裁定中断(死之传承)', 'B→A': '尸爆留下待裁定中断(死之传承)；飞行发动失败(有待处理的中断等待DM裁定)；飞行留下待裁定中断()'}] __cast__ / p_mut：基线=0；飞行独发=15；尸爆独发=0；并施 A→B=15；B→A=0（可加预期=15）",True,飞行+尸爆@__cast__;飞行+尸爆@dodge_then_round;飞行+尸爆@enemy_phase,UNVERIFIED
飞行,缄默,0,17,0,,所有探针/通道上均无可加偏离（各自独立）,False,飞行+缄默@none,MEDIUM
飞行,瓦解,0,17,0,,所有探针/通道上均无可加偏离（各自独立）,False,飞行+瓦解@none,MEDIUM
飞行,冥气,0,17,0,,所有探针/通道上均无可加偏离（各自独立）,False,飞行+冥气@none,MEDIUM
飞行,勾魂,0,17,0,,所有探针/通道上均无可加偏离（各自独立）,False,飞行+勾魂@none,MEDIUM
飞行,镇尸,0,17,0,,所有探针/通道上均无可加偏离（各自独立）,False,飞行+镇尸@none,MEDIUM
飞行,招魂,0,17,0,,所有探针/通道上均无可加偏离（各自独立）,False,飞行+招魂@none,MEDIUM
愤怒,自残,2,17,1,CAST_EXECUTION|ORDER_SENSITIVE|OUTPUT_ARITHMETIC|RESOURCE_FEEDBACK,__cast__ / p_mana：基线=0；愤怒独发=-6；自残独发=-9；并施 A→B=-11；B→A=-15（可加预期=-15）,True,愤怒+自残@__cast__;愤怒+自残@hurt_then_attack;愤怒+自残@player_attacks,HIGH
愤怒,无神,2,17,1,CAST_EXECUTION|ORDER_SENSITIVE|OUTPUT_ARITHMETIC|RESOURCE_FEEDBACK,__cast__ / p_mana：基线=0；愤怒独发=-6；无神独发=-15；并施 A→B=-14；B→A=-21（可加预期=-21）,True,愤怒+无神@__cast__;愤怒+无神@hurt_then_attack;愤怒+无神@player_attacks,HIGH
愤怒,借力,2,17,1,CAST_EXECUTION|ORDER_SENSITIVE|OUTPUT_ARITHMETIC|RESOURCE_FEEDBACK,__cast__ / p_mana：基线=0；愤怒独发=-6；借力独发=-9；并施 A→B=-11；B→A=-15（可加预期=-15）,True,愤怒+借力@__cast__;愤怒+借力@hurt_then_attack;愤怒+借力@player_attacks,HIGH
愤怒,弱化,2,17,1,CAST_EXECUTION|ORDER_SENSITIVE|OUTPUT_ARITHMETIC|RESOURCE_FEEDBACK,__cast__ / p_mana：基线=0；愤怒独发=-6；弱化独发=-6；并施 A→B=-9；B→A=-12（可加预期=-12）,True,愤怒+弱化@__cast__;愤怒+弱化@hurt_then_attack;愤怒+弱化@player_attacks,HIGH
愤怒,自食,2,17,1,CAST_EXECUTION|ORDER_SENSITIVE|OUTPUT_ARITHMETIC|RESOURCE_FEEDBACK,__cast__ / p_mana：基线=0；愤怒独发=-6；自食独发=-3；并施 A→B=-8；B→A=-9（可加预期=-9）,True,愤怒+自食@__cast__;愤怒+自食@hurt_then_attack;愤怒+自食@player_attacks,HIGH
愤怒,兴奋,2,17,1,CAST_EXECUTION|ORDER_SENSITIVE|OUTPUT_ARITHMETIC|RESOURCE_FEEDBACK,__cast__ / p_mana：基线=0；愤怒独发=-6；兴奋独发=-6；并施 A→B=-9；B→A=-12（可加预期=-12）,True,愤怒+兴奋@__cast__;愤怒+兴奋@hurt_then_attack;愤怒+兴奋@player_attacks,HIGH
愤怒,无力,2,17,1,CAST_EXECUTION|ORDER_SENSITIVE|OUTPUT_ARITHMETIC|RESOURCE_FEEDBACK,__cast__ / p_mana：基线=0；愤怒独发=-6；无力独发=-9；并施 A→B=-11；B→A=-15（可加预期=-15）,True,愤怒+无力@__cast__;愤怒+无力@hurt_then_attack;愤怒+无力@player_attacks,HIGH
愤怒,全速,0,17,0,,所有探针/通道上均无可加偏离（各自独立）,False,愤怒+全速@none,MEDIUM
愤怒,急速,2,17,1,CAST_EXECUTION|ORDER_SENSITIVE|OUTPUT_ARITHMETIC|RESOURCE_FEEDBACK,__cast__ / p_mana：基线=0；愤怒独发=-6；急速独发=-15；并施 A→B=-14；B→A=-21（可加预期=-21）,True,愤怒+急速@__cast__;愤怒+急速@hurt_then_attack;愤怒+急速@player_attacks,HIGH
愤怒,加速,2,17,1,CAST_EXECUTION|ORDER_SENSITIVE|OUTPUT_ARITHMETIC|RESOURCE_FEEDBACK,__cast__ / p_mana：基线=0；愤怒独发=-6；加速独发=-15；并施 A→B=-14；B→A=-21（可加预期=-21）,True,愤怒+加速@__cast__;愤怒+加速@hurt_then_attack;愤怒+加速@player_attacks,HIGH
愤怒,眩晕,2,17,1,CAST_EXECUTION|ORDER_SENSITIVE|OUTPUT_ARITHMETIC|RESOURCE_FEEDBACK,__cast__ / p_mana：基线=0；愤怒独发=-6；眩晕独发=-15；并施 A→B=-14；B→A=-21（可加预期=-21）,True,愤怒+眩晕@__cast__;愤怒+眩晕@hurt_then_attack;愤怒+眩晕@player_attacks,HIGH
愤怒,洞察,2,17,1,OUTPUT_ARITHMETIC,player_attacks / e_hp：基线=-550；愤怒独发=-490；洞察独发=-220；并施 A→B=-196；B→A=-196（可加预期=390）,False,愤怒+洞察@dodge_then_round;愤怒+洞察@hurt_then_attack;愤怒+洞察@player_attacks,HIGH
愤怒,蒙蔽,2,17,1,CAST_EXECUTION|ORDER_SENSITIVE|OUTPUT_ARITHMETIC|RESOURCE_FEEDBACK,__cast__ / p_mana：基线=0；愤怒独发=-6；蒙蔽独发=-6；并施 A→B=-9；B→A=-12（可加预期=-12）,True,愤怒+蒙蔽@__cast__;愤怒+蒙蔽@hurt_then_attack;愤怒+蒙蔽@player_attacks,HIGH
愤怒,滋养,2,17,1,CAST_EXECUTION|ORDER_SENSITIVE|OUTPUT_ARITHMETIC|RESOURCE_FEEDBACK,__cast__ / p_mana：基线=0；愤怒独发=-6；滋养独发=-6；并施 A→B=-9；B→A=-12（可加预期=-12）,True,愤怒+滋养@__cast__;愤怒+滋养@hurt_then_attack;愤怒+滋养@player_attacks,HIGH
愤怒,衰败,2,17,1,CAST_EXECUTION|ORDER_SENSITIVE|OUTPUT_ARITHMETIC|RESOURCE_FEEDBACK,__cast__ / p_mana：基线=0；愤怒独发=-6；衰败独发=-12；并施 A→B=-12；B→A=-18（可加预期=-18）,True,愤怒+衰败@__cast__;愤怒+衰败@hurt_then_attack;愤怒+衰败@player_attacks,HIGH
愤怒,寄生,2,17,1,CAST_EXECUTION|ORDER_SENSITIVE|OUTPUT_ARITHMETIC|RESOURCE_FEEDBACK,__cast__ / p_mana：基线=0；愤怒独发=-6；寄生独发=-9；并施 A→B=-11；B→A=-15（可加预期=-15）,True,愤怒+寄生@__cast__;愤怒+寄生@hurt_then_attack;愤怒+寄生@player_attacks,HIGH
愤怒,滑翔,2,17,1,CAST_EXECUTION|ORDER_SENSITIVE|OUTPUT_ARITHMETIC|RESOURCE_FEEDBACK,__cast__ / p_mana：基线=0；愤怒独发=-6；滑翔独发=-6；并施 A→B=-9；B→A=-12（可加预期=-12）,True,愤怒+滑翔@__cast__;愤怒+滑翔@hurt_then_attack;愤怒+滑翔@player_attacks,HIGH
愤怒,坠落,2,17,1,CAST_EXECUTION|ORDER_SENSITIVE|OUTPUT_ARITHMETIC|RESOURCE_FEEDBACK,__cast__ / p_mana：基线=0；愤怒独发=-6；坠落独发=-3；并施 A→B=-8；B→A=-9（可加预期=-9）,True,愤怒+坠落@__cast__;愤怒+坠落@hurt_then_attack;愤怒+坠落@player_attacks,HIGH
愤怒,变形,2,17,1,CAST_EXECUTION|ORDER_SENSITIVE|OUTPUT_ARITHMETIC|RESOURCE_FEEDBACK,__cast__ / p_mana：基线=0；愤怒独发=-6；变形独发=-3；并施 A→B=-8；B→A=-9（可加预期=-9）,True,愤怒+变形@__cast__;愤怒+变形@hurt_then_attack;愤怒+变形@player_attacks,HIGH
愤怒,定型,2,17,1,CAST_EXECUTION|ORDER_SENSITIVE|OUTPUT_ARITHMETIC|RESOURCE_FEEDBACK,__cast__ / p_mana：基线=0；愤怒独发=-6；定型独发=-6；并施 A→B=-9；B→A=-12（可加预期=-12）,True,愤怒+定型@__cast__;愤怒+定型@hurt_then_attack;愤怒+定型@player_attacks,HIGH
愤怒,畸变,0,17,0,,所有探针/通道上均无可加偏离（各自独立）,False,愤怒+畸变@none,MEDIUM
愤怒,搏命,2,17,1,OUTPUT_ARITHMETIC,player_attacks / e_hp：基线=-550；愤怒独发=-490；搏命独发=-232；并施 A→B=-208；B→A=-208（可加预期=378）,False,愤怒+搏命@dodge_then_round;愤怒+搏命@hurt_then_attack;愤怒+搏命@player_attacks,HIGH
愤怒,超频,2,17,1,CAST_EXECUTION|ORDER_SENSITIVE|OUTPUT_ARITHMETIC|RESOURCE_FEEDBACK,__cast__ / p_mana：基线=0；愤怒独发=-6；超频独发=-6；并施 A→B=-9；B→A=-12（可加预期=-12）,True,愤怒+超频@__cast__;愤怒+超频@hurt_then_attack;愤怒+超频@player_attacks,HIGH
愤怒,坏死,2,17,1,CAST_EXECUTION|ORDER_SENSITIVE|OUTPUT_ARITHMETIC|RESOURCE_FEEDBACK,__cast__ / p_mana：基线=0；愤怒独发=-6；坏死独发=-6；并施 A→B=-9；B→A=-12（可加预期=-12）,True,愤怒+坏死@__cast__;愤怒+坏死@hurt_then_attack;愤怒+坏死@player_attacks,HIGH
愤怒,爆裂,2,17,1,CAST_EXECUTION|ORDER_SENSITIVE|OUTPUT_ARITHMETIC|RESOURCE_FEEDBACK,__cast__ / p_mana：基线=0；愤怒独发=-6；爆裂独发=-6；并施 A→B=-9；B→A=-12（可加预期=-12）,True,愤怒+爆裂@__cast__;愤怒+爆裂@hurt_then_attack;愤怒+爆裂@player_attacks,HIGH
愤怒,退化,2,17,1,CAST_EXECUTION|ORDER_SENSITIVE|OUTPUT_ARITHMETIC|RESOURCE_FEEDBACK,__cast__ / p_mana：基线=0；愤怒独发=-6；退化独发=-6；并施 A→B=-9；B→A=-12（可加预期=-12）,True,愤怒+退化@__cast__;愤怒+退化@hurt_then_attack;愤怒+退化@player_attacks,HIGH
愤怒,加害,2,17,1,CAST_EXECUTION|ORDER_SENSITIVE|OUTPUT_ARITHMETIC|RESOURCE_FEEDBACK,__cast__ / p_mana：基线=0；愤怒独发=-6；加害独发=-6；并施 A→B=-9；B→A=-12（可加预期=-12）,True,愤怒+加害@__cast__;愤怒+加害@hurt_then_attack;愤怒+加害@player_attacks,HIGH
愤怒,失忆,2,17,1,CAST_EXECUTION|ORDER_SENSITIVE|OUTPUT_ARITHMETIC|RESOURCE_FEEDBACK,__cast__ / p_mana：基线=0；愤怒独发=-6；失忆独发=-24；并施 A→B=-18；B→A=-30（可加预期=-30）,True,愤怒+失忆@__cast__;愤怒+失忆@hurt_then_attack;愤怒+失忆@player_attacks,HIGH
愤怒,逼债,2,17,1,CAST_EXECUTION|ORDER_SENSITIVE|OUTPUT_ARITHMETIC|RESOURCE_FEEDBACK,__cast__ / p_mana：基线=0；愤怒独发=-6；逼债独发=-3；并施 A→B=-8；B→A=-9（可加预期=-9）,True,愤怒+逼债@__cast__;愤怒+逼债@hurt_then_attack;愤怒+逼债@player_attacks,HIGH
愤怒,豪夺,0,17,0,,所有探针/通道上均无可加偏离（各自独立）,False,愤怒+豪夺@none,MEDIUM
愤怒,清算,2,17,1,CAST_EXECUTION|ORDER_SENSITIVE|OUTPUT_ARITHMETIC|RESOURCE_FEEDBACK,__cast__ / p_mana：基线=0；愤怒独发=-6；清算独发=-6；并施 A→B=-9；B→A=-12（可加预期=-12）,True,愤怒+清算@__cast__;愤怒+清算@hurt_then_attack;愤怒+清算@player_attacks,HIGH
愤怒,赎金,2,17,1,CAST_EXECUTION|ORDER_SENSITIVE|OUTPUT_ARITHMETIC|RESOURCE_FEEDBACK,__cast__ / p_mana：基线=0；愤怒独发=-6；赎金独发=-9；并施 A→B=-11；B→A=-15（可加预期=-15）,True,愤怒+赎金@__cast__;愤怒+赎金@hurt_then_attack;愤怒+赎金@player_attacks,HIGH
愤怒,假钞,2,17,1,CAST_EXECUTION|ORDER_SENSITIVE|OUTPUT_ARITHMETIC|RESOURCE_FEEDBACK,__cast__ / p_mana：基线=0；愤怒独发=-6；假钞独发=-3；并施 A→B=-8；B→A=-9（可加预期=-9）,True,愤怒+假钞@__cast__;愤怒+假钞@hurt_then_attack;愤怒+假钞@player_attacks,HIGH
愤怒,赌命,2,17,1,OUTPUT_ARITHMETIC,rounds / st-p:愤怒：基线=0；愤怒独发=-3；赌命独发=0；并施 A→B=0；B→A=0（可加预期=-3）,False,愤怒+赌命@rounds,HIGH
愤怒,消灾,0,17,0,,所有探针/通道上均无可加偏离（各自独立）,False,愤怒+消灾@none,MEDIUM
愤怒,龙鳞,2,17,1,CAST_EXECUTION|ORDER_SENSITIVE|OUTPUT_ARITHMETIC|RESOURCE_FEEDBACK,__cast__ / p_mana：基线=0；愤怒独发=-6；龙鳞独发=-6；并施 A→B=-9；B→A=-12（可加预期=-12）,True,愤怒+龙鳞@__cast__;愤怒+龙鳞@hurt_then_attack;愤怒+龙鳞@player_attacks,HIGH
愤怒,逆鳞,1,17,0,,同通道线性叠加：e_hp,False,愤怒+逆鳞@none,HIGH
愤怒,活血,2,17,1,CAST_EXECUTION|ORDER_SENSITIVE|OUTPUT_ARITHMETIC|RESOURCE_FEEDBACK,__cast__ / p_mana：基线=0；愤怒独发=-6；活血独发=-3；并施 A→B=-8；B→A=-9（可加预期=-9）,True,愤怒+活血@__cast__;愤怒+活血@hurt_then_attack;愤怒+活血@player_attacks,HIGH
愤怒,裂变,2,17,1,CAST_EXECUTION|ORDER_SENSITIVE|OUTPUT_ARITHMETIC|RESOURCE_FEEDBACK,__cast__ / p_mana：基线=0；愤怒独发=-6；裂变独发=-6；并施 A→B=-9；B→A=-12（可加预期=-12）,True,愤怒+裂变@__cast__;愤怒+裂变@hurt_then_attack;愤怒+裂变@player_attacks,HIGH
愤怒,嫁祸,2,17,1,CAST_EXECUTION|ORDER_SENSITIVE|OUTPUT_ARITHMETIC|RESOURCE_FEEDBACK,__cast__ / p_mana：基线=0；愤怒独发=-6；嫁祸独发=-12；并施 A→B=-12；B→A=-18（可加预期=-18）,True,愤怒+嫁祸@__cast__;愤怒+嫁祸@hurt_then_attack;愤怒+嫁祸@player_attacks,HIGH
愤怒,背负,2,17,1,CAST_EXECUTION|ORDER_SENSITIVE|OUTPUT_ARITHMETIC|RESOURCE_FEEDBACK,__cast__ / p_mana：基线=0；愤怒独发=-6；背负独发=-6；并施 A→B=-9；B→A=-12（可加预期=-12）,True,愤怒+背负@__cast__;愤怒+背负@hurt_then_attack;愤怒+背负@player_attacks,HIGH
愤怒,伤痕,2,17,1,CAST_EXECUTION|ORDER_SENSITIVE|OUTPUT_ARITHMETIC|RESOURCE_FEEDBACK,__cast__ / p_mana：基线=0；愤怒独发=-6；伤痕独发=-6；并施 A→B=-9；B→A=-12（可加预期=-12）,True,愤怒+伤痕@__cast__;愤怒+伤痕@hurt_then_attack;愤怒+伤痕@player_attacks,HIGH
愤怒,分裂,0,17,0,,所有探针/通道上均无可加偏离（各自独立）,False,愤怒+分裂@none,MEDIUM
愤怒,尸爆,2,17,0,CAST_EXECUTION|ORDER_SENSITIVE|OUTPUT_ARITHMETIC|RESOURCE_FEEDBACK,"[执行受限 {'B独发': '尸爆留下待裁定中断(死之传承)', 'A→B': '尸爆留下待裁定中断(死之传承)', 'B→A': '尸爆留下待裁定中断(死之传承)；愤怒发动失败(有待处理的中断等待DM裁定)；愤怒留下待裁定中断()'}] __cast__ / p_mana：基线=0；愤怒独发=-6；尸爆独发=-9；并施 A→B=-11；B→A=-9（可加预期=-15）",True,愤怒+尸爆@__cast__;愤怒+尸爆@dodge_then_round;愤怒+尸爆@hurt_then_attack,UNVERIFIED
愤怒,缄默,2,17,1,CAST_EXECUTION|ORDER_SENSITIVE|OUTPUT_ARITHMETIC|RESOURCE_FEEDBACK,__cast__ / p_mana：基线=0；愤怒独发=-6；缄默独发=-3；并施 A→B=-8；B→A=-9（可加预期=-9）,True,愤怒+缄默@__cast__;愤怒+缄默@hurt_then_attack;愤怒+缄默@player_attacks,HIGH
愤怒,瓦解,2,17,1,CAST_EXECUTION|ORDER_SENSITIVE|OUTPUT_ARITHMETIC|RESOURCE_FEEDBACK,__cast__ / p_mana：基线=0；愤怒独发=-6；瓦解独发=-9；并施 A→B=-11；B→A=-15（可加预期=-15）,True,愤怒+瓦解@__cast__;愤怒+瓦解@hurt_then_attack;愤怒+瓦解@player_attacks,HIGH
愤怒,冥气,2,17,1,CAST_EXECUTION|ORDER_SENSITIVE|OUTPUT_ARITHMETIC|RESOURCE_FEEDBACK,__cast__ / p_mana：基线=0；愤怒独发=-6；冥气独发=-6；并施 A→B=-9；B→A=-12（可加预期=-12）,True,愤怒+冥气@__cast__;愤怒+冥气@hurt_then_attack;愤怒+冥气@player_attacks,HIGH
愤怒,勾魂,2,17,1,CAST_EXECUTION|ORDER_SENSITIVE|OUTPUT_ARITHMETIC|RESOURCE_FEEDBACK,__cast__ / p_mana：基线=0；愤怒独发=-6；勾魂独发=-3；并施 A→B=-8；B→A=-9（可加预期=-9）,True,愤怒+勾魂@__cast__;愤怒+勾魂@hurt_then_attack;愤怒+勾魂@player_attacks,HIGH
愤怒,镇尸,2,17,1,CAST_EXECUTION|ORDER_SENSITIVE|OUTPUT_ARITHMETIC|RESOURCE_FEEDBACK,__cast__ / p_mana：基线=0；愤怒独发=-6；镇尸独发=-6；并施 A→B=-9；B→A=-12（可加预期=-12）,True,愤怒+镇尸@__cast__;愤怒+镇尸@hurt_then_attack;愤怒+镇尸@player_attacks,HIGH
愤怒,招魂,2,17,1,CAST_EXECUTION|ORDER_SENSITIVE|OUTPUT_ARITHMETIC|RESOURCE_FEEDBACK,__cast__ / p_mana：基线=0；愤怒独发=-6；招魂独发=-9；并施 A→B=-11；B→A=-15（可加预期=-15）,True,愤怒+招魂@__cast__;愤怒+招魂@hurt_then_attack;愤怒+招魂@player_attacks,HIGH
自残,无神,1,17,0,,"同通道线性叠加：e_hp,p_mana,p_pow",False,自残+无神@none,HIGH
自残,借力,2,17,1,OUTPUT_ARITHMETIC,player_attacks / e_hp：基线=-550；自残独发=-460；借力独发=-600；并施 A→B=-490；B→A=-490（可加预期=40）,False,自残+借力@hurt_then_attack;自残+借力@player_attacks,HIGH
自残,弱化,2,17,1,CAST_EXECUTION|ORDER_SENSITIVE|OUTPUT_ARITHMETIC,__cast__ / e_hp：基线=0；自残独发=-60；弱化独发=0；并施 A→B=-60；B→A=-51（可加预期=-60）,True,自残+弱化@__cast__;自残+弱化@kill_enemy,HIGH
自残,自食,1,17,0,,"同通道线性叠加：e_hp,p_mana,p_pow",False,自残+自食@none,HIGH
自残,兴奋,1,17,0,,"同通道线性叠加：e_hp,p_mana,p_pow",False,自残+兴奋@none,HIGH
自残,无力,1,17,0,,"同通道线性叠加：e_hp,p_mana,p_pow",False,自残+无力@none,HIGH
自残,全速,0,17,0,,所有探针/通道上均无可加偏离（各自独立）,False,自残+全速@none,MEDIUM
自残,急速,1,17,0,,"同通道线性叠加：e_hp,p_mana,p_pow",False,自残+急速@none,HIGH
自残,加速,1,17,0,,"同通道线性叠加：e_hp,p_mana,p_pow",False,自残+加速@none,HIGH
自残,眩晕,2,17,1,ORDER_SENSITIVE|OUTPUT_ARITHMETIC,enemy_phase / p_hp：基线=-60；自残独发=-60；眩晕独发=0；并施 A→B=0；B→A=-60（可加预期=60）,True,自残+眩晕@dodge_then_round;自残+眩晕@enemy_phase;自残+眩晕@enemy_phase_dodge,HIGH
自残,洞察,2,17,1,OUTPUT_ARITHMETIC,player_attacks / e_hp：基线=-550；自残独发=-460；洞察独发=-220；并施 A→B=-184；B→A=-184（可加预期=420）,False,自残+洞察@hurt_then_attack;自残+洞察@player_attacks,HIGH
自残,蒙蔽,1,17,0,,"同通道线性叠加：e_hp,p_mana,p_pow",False,自残+蒙蔽@none,HIGH
自残,滋养,1,17,0,,"同通道线性叠加：e_hp,p_mana,p_pow",False,自残+滋养@none,HIGH
自残,衰败,2,17,1,OUTPUT_ARITHMETIC,rounds / e_hp：基线=0；自残独发=0；衰败独发=-1971；并施 A→B=-1932；B→A=-1932（可加预期=-1971）,False,自残+衰败@dodge_then_round;自残+衰败@rounds,HIGH
自残,寄生,2,17,1,ORDER_SENSITIVE|OUTPUT_ARITHMETIC,kill_enemy / p_hp：基线=0；自残独发=0；寄生独发=-200；并施 A→B=-200；B→A=-236（可加预期=-200）,True,自残+寄生@hurt_then_attack;自残+寄生@kill_enemy;自残+寄生@player_attacks,HIGH
自残,滑翔,1,17,0,,"同通道线性叠加：e_hp,p_mana,p_pow",False,自残+滑翔@none,HIGH
自残,坠落,1,17,0,,"同通道线性叠加：e_hp,p_mana,p_pow",False,自残+坠落@none,HIGH
自残,变形,1,17,0,,"同通道线性叠加：e_hp,p_mana,p_pow",False,自残+变形@none,HIGH
自残,定型,1,17,0,,"同通道线性叠加：e_hp,p_mana,p_pow",False,自残+定型@none,HIGH
自残,畸变,2,17,1,OUTPUT_ARITHMETIC,rounds / e_hp：基线=0；自残独发=0；畸变独发=-180；并施 A→B=-120；B→A=-120（可加预期=-180）,False,自残+畸变@dodge_then_round;自残+畸变@rounds,HIGH
自残,搏命,2,17,1,OUTPUT_ARITHMETIC,player_attacks / e_hp：基线=-550；自残独发=-460；搏命独发=-232；并施 A→B=-196；B→A=-196（可加预期=408）,False,自残+搏命@hurt_then_attack;自残+搏命@player_attacks,HIGH
自残,超频,1,17,0,,"同通道线性叠加：e_hp,p_mana,p_pow",False,自残+超频@none,HIGH
自残,坏死,1,17,0,,"同通道线性叠加：e_hp,p_mana,p_pow",False,自残+坏死@none,HIGH
自残,爆裂,1,17,0,,"同通道线性叠加：e_hp,p_mana,p_pow",False,自残+爆裂@none,HIGH
自残,退化,1,17,0,,"同通道线性叠加：e_hp,p_mana,p_pow",False,自残+退化@none,HIGH
自残,加害,2,17,1,CAST_EXECUTION|ORDER_SENSITIVE|OUTPUT_ARITHMETIC,__cast__ / e_hp：基线=0；自残独发=-60；加害独发=0；并施 A→B=-60；B→A=-69（可加预期=-60）,True,自残+加害@__cast__;自残+加害@kill_enemy,HIGH
自残,失忆,1,17,0,,"同通道线性叠加：e_hp,p_mana,p_pow",False,自残+失忆@none,HIGH
自残,逼债,1,17,0,,"同通道线性叠加：e_hp,p_mana,p_pow",False,自残+逼债@none,HIGH
自残,豪夺,0,17,0,,所有探针/通道上均无可加偏离（各自独立）,False,自残+豪夺@none,MEDIUM
自残,清算,1,17,0,,"同通道线性叠加：e_hp,p_mana,p_pow",False,自残+清算@none,HIGH
自残,赎金,1,17,0,,"同通道线性叠加：e_hp,p_mana,p_pow",False,自残+赎金@none,HIGH
自残,假钞,1,17,0,,"同通道线性叠加：e_hp,p_mana,p_pow",False,自残+假钞@none,HIGH
自残,赌命,2,17,1,OUTPUT_ARITHMETIC,rounds / e_hp：基线=0；自残独发=0；赌命独发=-900；并施 A→B=-882；B→A=-882（可加预期=-900）,False,自残+赌命@rounds,HIGH
自残,消灾,0,17,0,,所有探针/通道上均无可加偏离（各自独立）,False,自残+消灾@none,MEDIUM
自残,龙鳞,1,17,0,,"同通道线性叠加：e_hp,p_mana,p_pow",False,自残+龙鳞@none,HIGH
自残,逆鳞,1,17,0,,同通道线性叠加：e_hp,False,自残+逆鳞@none,HIGH
自残,活血,1,17,0,,"同通道线性叠加：e_hp,p_mana,p_pow",False,自残+活血@none,HIGH
自残,裂变,1,17,0,,"同通道线性叠加：e_hp,p_mana,p_pow",False,自残+裂变@none,HIGH
自残,嫁祸,1,17,0,,"同通道线性叠加：e_hp,p_mana,p_pow",False,自残+嫁祸@none,HIGH
自残,背负,1,17,0,,"同通道线性叠加：e_hp,p_mana,p_pow",False,自残+背负@none,HIGH
自残,伤痕,1,17,0,,"同通道线性叠加：e_hp,p_mana,p_pow",True,自残+伤痕@none,HIGH
自残,分裂,0,17,0,,所有探针/通道上均无可加偏离（各自独立）,False,自残+分裂@none,MEDIUM
自残,尸爆,2,17,0,CAST_EXECUTION|ORDER_SENSITIVE|OUTPUT_ARITHMETIC|RESOURCE_FEEDBACK,"[执行受限 {'B独发': '尸爆留下待裁定中断(死之传承)', 'A→B': '尸爆留下待裁定中断(死之传承)', 'B→A': '尸爆留下待裁定中断(死之传承)；自残发动失败(有待处理的中断等待DM裁定)；自残留下待裁定中断()'}] __cast__ / e_hp：基线=0；自残独发=-60；尸爆独发=-120；并施 A→B=-180；B→A=-120（可加预期=-180）",True,自残+尸爆@__cast__;自残+尸爆@hurt_then_attack;自残+尸爆@kill_enemy,UNVERIFIED
自残,缄默,1,17,0,,"同通道线性叠加：e_hp,p_mana,p_pow",False,自残+缄默@none,HIGH
自残,瓦解,2,17,1,CAST_EXECUTION|ORDER_SENSITIVE|OUTPUT_ARITHMETIC,__cast__ / e_hp：基线=0；自残独发=-60；瓦解独发=-900；并施 A→B=-900；B→A=-960（可加预期=-960）,True,自残+瓦解@__cast__;自残+瓦解@kill_enemy,HIGH
自残,冥气,1,17,0,,"同通道线性叠加：e_hp,p_mana,p_pow",False,自残+冥气@none,HIGH
自残,勾魂,1,17,0,,"同通道线性叠加：e_hp,p_mana,p_pow",False,自残+勾魂@none,HIGH
自残,镇尸,1,17,0,,"同通道线性叠加：e_hp,p_mana,p_pow",False,自残+镇尸@none,HIGH
自残,招魂,1,17,0,,"同通道线性叠加：e_hp,p_mana,p_pow",False,自残+招魂@none,HIGH
无神,借力,2,17,1,OUTPUT_ARITHMETIC,player_attacks / e_hp：基线=-550；无神独发=-400；借力独发=-600；并施 A→B=-410；B→A=-410（可加预期=100）,False,无神+借力@hurt_then_attack;无神+借力@player_attacks,HIGH
无神,弱化,2,17,1,OUTPUT_ARITHMETIC,enemy_phase / e_hp：基线=0；无神独发=-60；弱化独发=0；并施 A→B=-51；B→A=-51（可加预期=-60）,False,无神+弱化@enemy_phase;无神+弱化@rounds,HIGH
无神,自食,1,17,0,,"同通道线性叠加：e_hp,p_mana,p_pow",False,无神+自食@none,HIGH
无神,兴奋,1,17,0,,"同通道线性叠加：e_hp,p_mana,p_pow",False,无神+兴奋@none,HIGH
无神,无力,1,17,0,,"同通道线性叠加：e_hp,p_mana,p_pow",False,无神+无力@none,HIGH
无神,全速,2,17,1,OUTPUT_ARITHMETIC,enemy_phase_dodge / p_atk：基线=-3；无神独发=0；全速独发=0；并施 A→B=0；B→A=0（可加预期=6）,False,无神+全速@dodge_then_round;无神+全速@enemy_phase_dodge,HIGH
无神,急速,2,17,1,OUTPUT_ARITHMETIC,enemy_phase_dodge / p_atk：基线=-3；无神独发=0；急速独发=-2；并施 A→B=0；B→A=0（可加预期=4）,False,无神+急速@dodge_then_round;无神+急速@enemy_phase_dodge,HIGH
无神,加速,1,17,0,,"同通道线性叠加：e_hp,p_mana,p_pow",False,无神+加速@none,HIGH
无神,眩晕,2,17,1,OUTPUT_ARITHMETIC,enemy_phase / e_hp：基线=0；无神独发=-60；眩晕独发=0；并施 A→B=0；B→A=0（可加预期=-60）,False,无神+眩晕@dodge_then_round;无神+眩晕@enemy_phase;无神+眩晕@enemy_phase_dodge,HIGH
无神,洞察,2,17,1,OUTPUT_ARITHMETIC,enemy_phase_dodge / p_atk：基线=-3；无神独发=0；洞察独发=0；并施 A→B=0；B→A=0（可加预期=6）,False,无神+洞察@dodge_then_round;无神+洞察@enemy_phase_dodge;无神+洞察@hurt_then_attack,HIGH
无神,蒙蔽,2,17,1,OUTPUT_ARITHMETIC,enemy_phase / e_hp：基线=0；无神独发=-60；蒙蔽独发=0；并施 A→B=0；B→A=0（可加预期=-60）,False,无神+蒙蔽@enemy_phase;无神+蒙蔽@rounds,HIGH
无神,滋养,1,17,0,,"同通道线性叠加：e_hp,p_mana,p_pow",False,无神+滋养@none,HIGH
无神,衰败,2,17,1,OUTPUT_ARITHMETIC,rounds / e_hp：基线=0；无神独发=-180；衰败独发=-1971；并施 A→B=-2064；B→A=-2064（可加预期=-2151）,False,无神+衰败@rounds,HIGH
无神,寄生,2,17,1,OUTPUT_ARITHMETIC,enemy_phase / p_hp：基线=-60；无神独发=0；寄生独发=-60；并施 A→B=36；B→A=36（可加预期=60）,False,无神+寄生@enemy_phase;无神+寄生@hurt_then_attack;无神+寄生@player_attacks,HIGH
无神,滑翔,2,17,1,OUTPUT_ARITHMETIC,enemy_phase / e_hp：基线=0；无神独发=-60；滑翔独发=0；并施 A→B=0；B→A=0（可加预期=-60）,False,无神+滑翔@dodge_then_round;无神+滑翔@enemy_phase;无神+滑翔@enemy_phase_dodge,HIGH
无神,坠落,1,17,0,,"同通道线性叠加：e_hp,p_mana,p_pow",False,无神+坠落@none,HIGH
无神,变形,2,17,1,OUTPUT_ARITHMETIC,enemy_phase / e_hp：基线=0；无神独发=-60；变形独发=0；并施 A→B=-9；B→A=-9（可加预期=-60）,False,无神+变形@enemy_phase;无神+变形@rounds,HIGH
无神,定型,1,17,0,,"同通道线性叠加：e_hp,p_mana,p_pow",False,无神+定型@none,HIGH
无神,畸变,2,17,1,OUTPUT_ARITHMETIC,rounds / e_hp：基线=0；无神独发=-180；畸变独发=-180；并施 A→B=-180；B→A=-180（可加预期=-360）,False,无神+畸变@rounds,HIGH
无神,搏命,2,17,1,OUTPUT_ARITHMETIC,enemy_phase_dodge / p_atk：基线=-3；无神独发=0；搏命独发=0；并施 A→B=0；B→A=0（可加预期=6）,False,无神+搏命@dodge_then_round;无神+搏命@enemy_phase_dodge;无神+搏命@hurt_then_attack,HIGH
无神,超频,1,17,0,,"同通道线性叠加：e_hp,p_mana,p_pow",False,无神+超频@none,HIGH
无神,坏死,1,17,0,,"同通道线性叠加：e_hp,p_mana,p_pow",False,无神+坏死@none,HIGH
无神,爆裂,2,17,1,OUTPUT_ARITHMETIC,enemy_phase / e_hp：基线=0；无神独发=-60；爆裂独发=-60；并施 A→B=-60；B→A=-60（可加预期=-120）,False,无神+爆裂@enemy_phase;无神+爆裂@rounds,HIGH
无神,退化,1,17,0,,"同通道线性叠加：e_hp,p_mana,p_pow",False,无神+退化@none,HIGH
无神,加害,2,17,1,OUTPUT_ARITHMETIC,enemy_phase / e_hp：基线=0；无神独发=-60；加害独发=0；并施 A→B=-69；B→A=-69（可加预期=-60）,False,无神+加害@enemy_phase;无神+加害@rounds,HIGH
无神,失忆,1,17,0,,"同通道线性叠加：e_hp,p_mana,p_pow",False,无神+失忆@none,HIGH
无神,逼债,1,17,0,,"同通道线性叠加：e_hp,p_mana,p_pow",False,无神+逼债@none,HIGH
无神,豪夺,0,17,0,,所有探针/通道上均无可加偏离（各自独立）,False,无神+豪夺@none,MEDIUM
无神,清算,1,17,0,,"同通道线性叠加：e_hp,p_mana,p_pow",False,无神+清算@none,HIGH
无神,赎金,2,17,1,OUTPUT_ARITHMETIC,enemy_phase_dodge / e_atk：基线=0；无神独发=-3；赎金独发=0；并施 A→B=0；B→A=0（可加预期=-3）,False,无神+赎金@dodge_then_round;无神+赎金@enemy_phase_dodge,HIGH
无神,假钞,1,17,0,,"同通道线性叠加：e_hp,p_mana,p_pow",False,无神+假钞@none,HIGH
无神,赌命,2,17,1,EVENT_MULTIPLICATION|OUTPUT_ARITHMETIC,rounds / e_hp：基线=0；无神独发=-180；赌命独发=-900；并施 A→B=-1044；B→A=-1044（可加预期=-1080）,False,无神+赌命@rounds,HIGH
无神,消灾,0,17,0,,所有探针/通道上均无可加偏离（各自独立）,False,无神+消灾@none,MEDIUM
无神,龙鳞,2,17,1,OUTPUT_ARITHMETIC,enemy_phase / p_hp：基线=-60；无神独发=0；龙鳞独发=-51；并施 A→B=0；B→A=0（可加预期=69）,False,无神+龙鳞@enemy_phase;无神+龙鳞@rounds,HIGH
无神,逆鳞,1,17,0,,同通道线性叠加：e_hp,False,无神+逆鳞@none,HIGH
无神,活血,2,17,1,OUTPUT_ARITHMETIC,rounds / p_hp：基线=-180；无神独发=0；活血独发=-120；并施 A→B=0；B→A=0（可加预期=240）,False,无神+活血@rounds,HIGH
无神,裂变,2,17,1,OUTPUT_ARITHMETIC,enemy_phase / p_hp：基线=-60；无神独发=0；裂变独发=-63；并施 A→B=0；B→A=0（可加预期=57）,False,无神+裂变@enemy_phase;无神+裂变@rounds,HIGH
无神,嫁祸,2,17,1,EVENT_MULTIPLICATION|OUTPUT_ARITHMETIC,enemy_phase / e_hp：基线=0；无神独发=-60；嫁祸独发=-60；并施 A→B=-60；B→A=-60（可加预期=-120）,False,无神+嫁祸@enemy_phase;无神+嫁祸@rounds,HIGH
无神,背负,1,17,0,,"同通道线性叠加：e_hp,p_mana,p_pow",False,无神+背负@none,HIGH
无神,伤痕,2,17,1,OUTPUT_ARITHMETIC,enemy_phase / e_bl：基线=0；无神独发=0；伤痕独发=0；并施 A→B=-9；B→A=-9（可加预期=0）,False,无神+伤痕@enemy_phase;无神+伤痕@rounds,HIGH
无神,分裂,0,17,0,,所有探针/通道上均无可加偏离（各自独立）,False,无神+分裂@none,MEDIUM
无神,尸爆,2,17,0,CAST_EXECUTION|ORDER_SENSITIVE|OUTPUT_ARITHMETIC|RESOURCE_FEEDBACK,"[执行受限 {'B独发': '尸爆留下待裁定中断(死之传承)', 'A→B': '尸爆留下待裁定中断(死之传承)', 'B→A': '尸爆留下待裁定中断(死之传承)；无神发动失败(有待处理的中断等待DM裁定)；无神留下待裁定中断()'}] __cast__ / p_mana：基线=0；无神独发=-15；尸爆独发=-9；并施 A→B=-24；B→A=-9（可加预期=-24）",True,无神+尸爆@__cast__;无神+尸爆@dodge_then_round;无神+尸爆@enemy_phase,UNVERIFIED
无神,缄默,1,17,0,,"同通道线性叠加：e_hp,p_mana,p_pow",False,无神+缄默@none,HIGH
无神,瓦解,1,17,0,,"同通道线性叠加：e_hp,p_mana,p_pow",False,无神+瓦解@none,HIGH
无神,冥气,2,17,1,OUTPUT_ARITHMETIC,enemy_phase_dodge / e_hp：基线=0；无神独发=0；冥气独发=0；并施 A→B=-20；B→A=-20（可加预期=0）,False,无神+冥气@dodge_then_round;无神+冥气@enemy_phase_dodge,HIGH
无神,勾魂,1,17,0,,"同通道线性叠加：e_hp,p_mana,p_pow",False,无神+勾魂@none,HIGH
无神,镇尸,1,17,0,,"同通道线性叠加：e_hp,p_mana,p_pow",False,无神+镇尸@none,HIGH
无神,招魂,1,17,0,,"同通道线性叠加：e_hp,p_mana,p_pow",False,无神+招魂@none,HIGH
借力,弱化,2,17,1,OUTPUT_ARITHMETIC,player_attacks / e_hp：基线=-550；借力独发=-600；弱化独发=-490；并施 A→B=-520；B→A=-520（可加预期=10）,False,借力+弱化@hurt_then_attack;借力+弱化@player_attacks,HIGH
借力,自食,2,17,1,OUTPUT_ARITHMETIC,player_attacks / e_hp：基线=-550；借力独发=-600；自食独发=-520；并施 A→B=-560；B→A=-560（可加预期=-20）,False,借力+自食@hurt_then_attack;借力+自食@player_attacks,HIGH
借力,兴奋,2,17,1,OUTPUT_ARITHMETIC,player_attacks / e_hp：基线=-550；借力独发=-600；兴奋独发=-490；并施 A→B=-520；B→A=-520（可加预期=10）,False,借力+兴奋@hurt_then_attack;借力+兴奋@player_attacks,HIGH
借力,无力,2,17,1,OUTPUT_ARITHMETIC,player_attacks / e_hp：基线=-550；借力独发=-600；无力独发=-460；并施 A→B=-490；B→A=-490（可加预期=40）,False,借力+无力@hurt_then_attack;借力+无力@player_attacks,HIGH
借力,全速,0,17,0,,所有探针/通道上均无可加偏离（各自独立）,False,借力+全速@none,MEDIUM
借力,急速,2,17,1,OUTPUT_ARITHMETIC,player_attacks / e_hp：基线=-550；借力独发=-600；急速独发=-400；并施 A→B=-410；B→A=-410（可加预期=100）,False,借力+急速@hurt_then_attack;借力+急速@player_attacks,HIGH
借力,加速,2,17,1,OUTPUT_ARITHMETIC,player_attacks / e_hp：基线=-550；借力独发=-600；加速独发=-400；并施 A→B=-410；B→A=-410（可加预期=100）,False,借力+加速@hurt_then_attack;借力+加速@player_attacks,HIGH
借力,眩晕,2,17,1,OUTPUT_ARITHMETIC,player_attacks / e_hp：基线=-550；借力独发=-600；眩晕独发=-400；并施 A→B=-410；B→A=-410（可加预期=100）,False,借力+眩晕@hurt_then_attack;借力+眩晕@player_attacks,HIGH
借力,洞察,2,17,1,OUTPUT_ARITHMETIC,player_attacks / e_hp：基线=-550；借力独发=-600；洞察独发=-220；并施 A→B=-240；B→A=-240（可加预期=280）,False,借力+洞察@hurt_then_attack;借力+洞察@player_attacks,HIGH
借力,蒙蔽,2,17,1,OUTPUT_ARITHMETIC,player_attacks / e_hp：基线=-550；借力独发=-600；蒙蔽独发=-490；并施 A→B=-520；B→A=-520（可加预期=10）,False,借力+蒙蔽@hurt_then_attack;借力+蒙蔽@player_attacks,HIGH
借力,滋养,2,17,1,OUTPUT_ARITHMETIC,player_attacks / e_hp：基线=-550；借力独发=-600；滋养独发=-490；并施 A→B=-520；B→A=-520（可加预期=10）,False,借力+滋养@hurt_then_attack;借力+滋养@player_attacks,HIGH
借力,衰败,2,17,1,OUTPUT_ARITHMETIC,player_attacks / e_hp：基线=-550；借力独发=-600；衰败独发=-430；并施 A→B=-450；B→A=-450（可加预期=70）,False,借力+衰败@hurt_then_attack;借力+衰败@player_attacks,HIGH
借力,寄生,2,17,1,OUTPUT_ARITHMETIC,player_attacks / e_hp：基线=-550；借力独发=-600；寄生独发=-460；并施 A→B=-490；B→A=-490（可加预期=40）,False,借力+寄生@hurt_then_attack;借力+寄生@player_attacks,HIGH
借力,滑翔,2,17,1,OUTPUT_ARITHMETIC,player_attacks / e_hp：基线=-550；借力独发=-600；滑翔独发=-490；并施 A→B=-520；B→A=-520（可加预期=10）,False,借力+滑翔@hurt_then_attack;借力+滑翔@player_attacks,HIGH
借力,坠落,2,17,1,OUTPUT_ARITHMETIC,player_attacks / e_hp：基线=-550；借力独发=-600；坠落独发=-520；并施 A→B=-560；B→A=-560（可加预期=-20）,False,借力+坠落@hurt_then_attack;借力+坠落@player_attacks,HIGH
借力,变形,2,17,1,OUTPUT_ARITHMETIC,player_attacks / e_hp：基线=-550；借力独发=-600；变形独发=-520；并施 A→B=-560；B→A=-560（可加预期=-20）,False,借力+变形@hurt_then_attack;借力+变形@player_attacks,HIGH
借力,定型,2,17,1,OUTPUT_ARITHMETIC,player_attacks / e_hp：基线=-550；借力独发=-600；定型独发=-490；并施 A→B=-520；B→A=-520（可加预期=10）,False,借力+定型@hurt_then_attack;借力+定型@player_attacks,HIGH
借力,畸变,0,17,0,,所有探针/通道上均无可加偏离（各自独立）,False,借力+畸变@none,MEDIUM
借力,搏命,2,17,1,OUTPUT_ARITHMETIC,player_attacks / e_hp：基线=-550；借力独发=-600；搏命独发=-232；并施 A→B=-256；B→A=-256（可加预期=268）,False,借力+搏命@hurt_then_attack;借力+搏命@player_attacks,HIGH
借力,超频,2,17,1,OUTPUT_ARITHMETIC,player_attacks / e_hp：基线=-550；借力独发=-600；超频独发=-490；并施 A→B=-520；B→A=-520（可加预期=10）,False,借力+超频@hurt_then_attack;借力+超频@player_attacks,HIGH
借力,坏死,2,17,1,OUTPUT_ARITHMETIC,player_attacks / e_hp：基线=-550；借力独发=-600；坏死独发=-490；并施 A→B=-520；B→A=-520（可加预期=10）,False,借力+坏死@hurt_then_attack;借力+坏死@player_attacks,HIGH
借力,爆裂,2,17,1,OUTPUT_ARITHMETIC,player_attacks / e_hp：基线=-550；借力独发=-600；爆裂独发=-490；并施 A→B=-520；B→A=-520（可加预期=10）,False,借力+爆裂@hurt_then_attack;借力+爆裂@player_attacks,HIGH
借力,退化,2,17,1,OUTPUT_ARITHMETIC,player_attacks / e_hp：基线=-550；借力独发=-600；退化独发=-490；并施 A→B=-520；B→A=-520（可加预期=10）,False,借力+退化@hurt_then_attack;借力+退化@player_attacks,HIGH
借力,加害,2,17,1,OUTPUT_ARITHMETIC,player_attacks / e_hp：基线=-550；借力独发=-600；加害独发=-520；并施 A→B=-550；B→A=-550（可加预期=-20）,False,借力+加害@hurt_then_attack;借力+加害@player_attacks,HIGH
借力,失忆,2,17,1,OUTPUT_ARITHMETIC,player_attacks / e_hp：基线=-550；借力独发=-600；失忆独发=-310；并施 A→B=-290；B→A=-290（可加预期=190）,False,借力+失忆@hurt_then_attack;借力+失忆@player_attacks,HIGH
借力,逼债,2,17,1,OUTPUT_ARITHMETIC,player_attacks / e_hp：基线=-550；借力独发=-600；逼债独发=-520；并施 A→B=-560；B→A=-560（可加预期=-20）,False,借力+逼债@hurt_then_attack;借力+逼债@player_attacks,HIGH
借力,豪夺,0,17,0,,所有探针/通道上均无可加偏离（各自独立）,False,借力+豪夺@none,MEDIUM
借力,清算,2,17,1,OUTPUT_ARITHMETIC,player_attacks / e_hp：基线=-550；借力独发=-600；清算独发=-490；并施 A→B=-520；B→A=-520（可加预期=10）,False,借力+清算@hurt_then_attack;借力+清算@player_attacks,HIGH
借力,赎金,2,17,1,OUTPUT_ARITHMETIC,player_attacks / e_hp：基线=-550；借力独发=-600；赎金独发=-460；并施 A→B=-490；B→A=-490（可加预期=40）,False,借力+赎金@hurt_then_attack;借力+赎金@player_attacks,HIGH
借力,假钞,2,17,1,OUTPUT_ARITHMETIC,player_attacks / e_hp：基线=-550；借力独发=-600；假钞独发=-520；并施 A→B=-560；B→A=-560（可加预期=-20）,False,借力+假钞@hurt_then_attack;借力+假钞@player_attacks,HIGH
借力,赌命,0,17,0,,所有探针/通道上均无可加偏离（各自独立）,False,借力+赌命@none,MEDIUM
借力,消灾,0,17,0,,所有探针/通道上均无可加偏离（各自独立）,False,借力+消灾@none,MEDIUM
借力,龙鳞,2,17,1,OUTPUT_ARITHMETIC,player_attacks / e_hp：基线=-550；借力独发=-600；龙鳞独发=-490；并施 A→B=-520；B→A=-520（可加预期=10）,False,借力+龙鳞@hurt_then_attack;借力+龙鳞@player_attacks,HIGH
借力,逆鳞,2,17,1,OUTPUT_ARITHMETIC,hurt_then_attack / e_hp：基线=-275；借力独发=-300；逆鳞独发=-325；并施 A→B=-365；B→A=-365（可加预期=-75）,False,借力+逆鳞@hurt_then_attack,HIGH
借力,活血,2,17,1,OUTPUT_ARITHMETIC,player_attacks / e_hp：基线=-550；借力独发=-600；活血独发=-520；并施 A→B=-560；B→A=-560（可加预期=-20）,False,借力+活血@hurt_then_attack;借力+活血@player_attacks,HIGH
借力,裂变,2,17,1,OUTPUT_ARITHMETIC,player_attacks / e_hp：基线=-550；借力独发=-600；裂变独发=-490；并施 A→B=-520；B→A=-520（可加预期=10）,False,借力+裂变@hurt_then_attack;借力+裂变@player_attacks,HIGH
借力,嫁祸,2,17,1,OUTPUT_ARITHMETIC,player_attacks / e_hp：基线=-550；借力独发=-600；嫁祸独发=-430；并施 A→B=-450；B→A=-450（可加预期=70）,False,借力+嫁祸@hurt_then_attack;借力+嫁祸@player_attacks,HIGH
借力,背负,2,17,1,OUTPUT_ARITHMETIC,player_attacks / e_hp：基线=-550；借力独发=-600；背负独发=-490；并施 A→B=-520；B→A=-520（可加预期=10）,False,借力+背负@hurt_then_attack;借力+背负@player_attacks,HIGH
借力,伤痕,2,17,1,OUTPUT_ARITHMETIC,player_attacks / e_hp：基线=-550；借力独发=-600；伤痕独发=-490；并施 A→B=-520；B→A=-520（可加预期=10）,False,借力+伤痕@hurt_then_attack;借力+伤痕@player_attacks,HIGH
借力,分裂,0,17,0,,所有探针/通道上均无可加偏离（各自独立）,False,借力+分裂@none,MEDIUM
借力,尸爆,2,17,0,CAST_EXECUTION|ORDER_SENSITIVE|OUTPUT_ARITHMETIC|RESOURCE_FEEDBACK,"[执行受限 {'B独发': '尸爆留下待裁定中断(死之传承)', 'A→B': '尸爆留下待裁定中断(死之传承)', 'B→A': '尸爆留下待裁定中断(死之传承)；借力发动失败(有待处理的中断等待DM裁定)；借力留下待裁定中断()'}] __cast__ / p_mana：基线=0；借力独发=-9；尸爆独发=-9；并施 A→B=-18；B→A=-9（可加预期=-18）",True,借力+尸爆@__cast__;借力+尸爆@hurt_then_attack;借力+尸爆@player_attacks,UNVERIFIED
借力,缄默,2,17,1,OUTPUT_ARITHMETIC,player_attacks / e_hp：基线=-550；借力独发=-600；缄默独发=-520；并施 A→B=-560；B→A=-560（可加预期=-20）,False,借力+缄默@hurt_then_attack;借力+缄默@player_attacks,HIGH
借力,瓦解,2,17,1,OUTPUT_ARITHMETIC,player_attacks / e_hp：基线=-550；借力独发=-600；瓦解独发=-460；并施 A→B=-490；B→A=-490（可加预期=40）,False,借力+瓦解@hurt_then_attack;借力+瓦解@player_attacks,HIGH
借力,冥气,2,17,1,OUTPUT_ARITHMETIC,player_attacks / e_hp：基线=-550；借力独发=-600；冥气独发=-490；并施 A→B=-520；B→A=-520（可加预期=10）,False,借力+冥气@hurt_then_attack;借力+冥气@player_attacks,HIGH
借力,勾魂,2,17,1,OUTPUT_ARITHMETIC,player_attacks / e_hp：基线=-550；借力独发=-600；勾魂独发=-520；并施 A→B=-560；B→A=-560（可加预期=-20）,False,借力+勾魂@hurt_then_attack;借力+勾魂@player_attacks,HIGH
借力,镇尸,2,17,1,OUTPUT_ARITHMETIC,player_attacks / e_hp：基线=-550；借力独发=-600；镇尸独发=-490；并施 A→B=-520；B→A=-520（可加预期=10）,False,借力+镇尸@hurt_then_attack;借力+镇尸@player_attacks,HIGH
借力,招魂,2,17,1,OUTPUT_ARITHMETIC,player_attacks / e_hp：基线=-550；借力独发=-600；招魂独发=-460；并施 A→B=-490；B→A=-490（可加预期=40）,False,借力+招魂@hurt_then_attack;借力+招魂@player_attacks,HIGH
弱化,自食,1,17,0,,"同通道线性叠加：e_hp,p_mana,p_pow",False,弱化+自食@none,HIGH
弱化,兴奋,1,17,0,,"同通道线性叠加：e_hp,p_mana,p_pow",False,弱化+兴奋@none,HIGH
弱化,无力,1,17,0,,"同通道线性叠加：e_hp,p_mana,p_pow",False,弱化+无力@none,HIGH
弱化,全速,0,17,0,,所有探针/通道上均无可加偏离（各自独立）,False,弱化+全速@none,MEDIUM
弱化,急速,1,17,0,,"同通道线性叠加：e_hp,p_mana,p_pow",False,弱化+急速@none,HIGH
弱化,加速,1,17,0,,"同通道线性叠加：e_hp,p_mana,p_pow",False,弱化+加速@none,HIGH
弱化,眩晕,2,17,1,OUTPUT_ARITHMETIC,enemy_phase / p_hp：基线=-60；弱化独发=-51；眩晕独发=0；并施 A→B=0；B→A=0（可加预期=69）,False,弱化+眩晕@enemy_phase;弱化+眩晕@rounds,HIGH
弱化,洞察,2,17,1,OUTPUT_ARITHMETIC,player_attacks / e_hp：基线=-550；弱化独发=-490；洞察独发=-220；并施 A→B=-196；B→A=-196（可加预期=390）,False,弱化+洞察@hurt_then_attack;弱化+洞察@player_attacks,HIGH
弱化,蒙蔽,2,17,1,OUTPUT_ARITHMETIC,enemy_phase / p_hp：基线=-60；弱化独发=-51；蒙蔽独发=0；并施 A→B=0；B→A=0（可加预期=69）,False,弱化+蒙蔽@enemy_phase;弱化+蒙蔽@rounds,HIGH
弱化,滋养,1,17,0,,"同通道线性叠加：e_hp,p_mana,p_pow",False,弱化+滋养@none,HIGH
弱化,衰败,1,17,0,,"同通道线性叠加：e_hp,p_mana,p_pow",False,弱化+衰败@none,HIGH
弱化,寄生,2,17,1,OUTPUT_ARITHMETIC,hurt_then_attack / p_hp：基线=-50；弱化独发=-50；寄生独发=90；并施 A→B=70；B→A=70（可加预期=140）,False,弱化+寄生@hurt_then_attack,HIGH
弱化,滑翔,2,17,1,OUTPUT_ARITHMETIC,enemy_phase / p_hp：基线=-60；弱化独发=-51；滑翔独发=0；并施 A→B=0；B→A=0（可加预期=69）,False,弱化+滑翔@enemy_phase;弱化+滑翔@rounds,HIGH
弱化,坠落,1,17,0,,"同通道线性叠加：e_hp,p_mana,p_pow",False,弱化+坠落@none,HIGH
弱化,变形,2,17,1,CAST_EXECUTION|ORDER_SENSITIVE|OUTPUT_ARITHMETIC|RESOURCE_FEEDBACK,__cast__ / e_mana：基线=0；弱化独发=-3；变形独发=-17；并施 A→B=-17；B→A=-20（可加预期=-20）,True,弱化+变形@__cast__;弱化+变形@dodge_then_round;弱化+变形@enemy_phase,HIGH
弱化,定型,1,17,0,,"同通道线性叠加：e_hp,p_mana,p_pow",False,弱化+定型@none,HIGH
弱化,畸变,2,17,1,OUTPUT_ARITHMETIC,rounds / e_bl：基线=0；弱化独发=0；畸变独发=-180；并施 A→B=-153；B→A=-153（可加预期=-180）,False,弱化+畸变@dodge_then_round;弱化+畸变@rounds,HIGH
弱化,搏命,2,17,1,OUTPUT_ARITHMETIC,player_attacks / e_hp：基线=-550；弱化独发=-490；搏命独发=-232；并施 A→B=-208；B→A=-208（可加预期=378）,False,弱化+搏命@hurt_then_attack;弱化+搏命@player_attacks,HIGH
弱化,超频,1,17,0,,"同通道线性叠加：e_hp,p_mana,p_pow",False,弱化+超频@none,HIGH
弱化,坏死,1,17,0,,"同通道线性叠加：e_hp,p_mana,p_pow",False,弱化+坏死@none,HIGH
弱化,爆裂,2,17,1,OUTPUT_ARITHMETIC,enemy_phase / e_hp：基线=0；弱化独发=0；爆裂独发=-60；并施 A→B=-51；B→A=-51（可加预期=-60）,False,弱化+爆裂@enemy_phase;弱化+爆裂@rounds,HIGH
弱化,退化,1,17,0,,"同通道线性叠加：e_hp,p_mana,p_pow",False,弱化+退化@none,HIGH
弱化,加害,1,17,0,,"同通道线性叠加：e_hp,p_mana,p_pow",False,弱化+加害@none,HIGH
弱化,失忆,1,17,0,,"同通道线性叠加：e_hp,p_mana,p_pow",False,弱化+失忆@none,HIGH
弱化,逼债,1,17,0,,"同通道线性叠加：e_hp,p_mana,p_pow",False,弱化+逼债@none,HIGH
弱化,豪夺,0,17,0,,所有探针/通道上均无可加偏离（各自独立）,False,弱化+豪夺@none,MEDIUM
弱化,清算,1,17,0,,"同通道线性叠加：e_hp,p_mana,p_pow",False,弱化+清算@none,HIGH
弱化,赎金,1,17,0,,"同通道线性叠加：e_hp,p_mana,p_pow",False,弱化+赎金@none,HIGH
弱化,假钞,1,17,0,,"同通道线性叠加：e_hp,p_mana,p_pow",False,弱化+假钞@none,HIGH
弱化,赌命,2,17,1,EVENT_CONVERSION|OUTPUT_ARITHMETIC,rounds / p_died：基线=0；弱化独发=0；赌命独发=1；并施 A→B=0；B→A=0（可加预期=1）,False,弱化+赌命@rounds,HIGH
弱化,消灾,0,17,0,,所有探针/通道上均无可加偏离（各自独立）,False,弱化+消灾@none,MEDIUM
弱化,龙鳞,1,17,0,,"同通道线性叠加：e_hp,p_hp,p_mana,p_pow",False,弱化+龙鳞@none,HIGH
弱化,逆鳞,1,17,0,,同通道线性叠加：e_hp,False,弱化+逆鳞@none,HIGH
弱化,活血,2,17,1,OUTPUT_ARITHMETIC,rounds / p_hp：基线=-180；弱化独发=-153；活血独发=-120；并施 A→B=-103；B→A=-103（可加预期=87）,False,弱化+活血@rounds,HIGH
弱化,裂变,1,17,0,,"同通道线性叠加：e_hp,p_hp,p_mana,p_pow",False,弱化+裂变@none,HIGH
弱化,嫁祸,2,17,1,OUTPUT_ARITHMETIC,enemy_phase / e_hp：基线=0；弱化独发=0；嫁祸独发=-60；并施 A→B=-51；B→A=-51（可加预期=-60）,False,弱化+嫁祸@enemy_phase;弱化+嫁祸@rounds,HIGH
弱化,背负,1,17,0,,"同通道线性叠加：e_hp,p_mana,p_pow",False,弱化+背负@none,HIGH
弱化,伤痕,1,17,0,,"同通道线性叠加：e_hp,p_mana,p_pow",False,弱化+伤痕@none,HIGH
弱化,分裂,0,17,0,,所有探针/通道上均无可加偏离（各自独立）,False,弱化+分裂@none,MEDIUM
弱化,尸爆,2,17,0,CAST_EXECUTION|ORDER_SENSITIVE|OUTPUT_ARITHMETIC|RESOURCE_FEEDBACK,"[执行受限 {'B独发': '尸爆留下待裁定中断(死之传承)', 'A→B': '尸爆留下待裁定中断(死之传承)', 'B→A': '尸爆留下待裁定中断(死之传承)；弱化发动失败(有待处理的中断等待DM裁定)；弱化留下待裁定中断()'}] __cast__ / e_mana：基线=0；弱化独发=-3；尸爆独发=0；并施 A→B=-3；B→A=0（可加预期=-3）",True,弱化+尸爆@__cast__;弱化+尸爆@enemy_phase;弱化+尸爆@hurt_then_attack,UNVERIFIED
弱化,缄默,1,17,0,,"同通道线性叠加：e_hp,p_mana,p_pow",False,弱化+缄默@none,HIGH
弱化,瓦解,1,17,0,,"同通道线性叠加：e_hp,p_mana,p_pow",False,弱化+瓦解@none,HIGH
弱化,冥气,1,17,0,,"同通道线性叠加：e_hp,p_mana,p_pow",False,弱化+冥气@none,HIGH
弱化,勾魂,1,17,0,,"同通道线性叠加：e_hp,p_mana,p_pow",False,弱化+勾魂@none,HIGH
弱化,镇尸,1,17,0,,"同通道线性叠加：e_hp,p_mana,p_pow",False,弱化+镇尸@none,HIGH
弱化,招魂,1,17,0,,"同通道线性叠加：e_hp,p_mana,p_pow",False,弱化+招魂@none,HIGH
自食,兴奋,1,17,0,,"同通道线性叠加：e_hp,p_mana,p_pow",False,自食+兴奋@none,HIGH
自食,无力,1,17,0,,"同通道线性叠加：e_hp,p_mana,p_pow",False,自食+无力@none,HIGH
自食,全速,0,17,0,,所有探针/通道上均无可加偏离（各自独立）,False,自食+全速@none,MEDIUM
自食,急速,1,17,0,,"同通道线性叠加：e_hp,p_mana,p_pow",False,自食+急速@none,HIGH
自食,加速,1,17,0,,"同通道线性叠加：e_hp,p_mana,p_pow",False,自食+加速@none,HIGH
自食,眩晕,1,17,0,,"同通道线性叠加：e_hp,p_mana,p_pow",False,自食+眩晕@none,HIGH
自食,洞察,2,17,1,OUTPUT_ARITHMETIC,player_attacks / e_hp：基线=-550；自食独发=-520；洞察独发=-220；并施 A→B=-208；B→A=-208（可加预期=360）,False,自食+洞察@hurt_then_attack;自食+洞察@player_attacks,HIGH
自食,蒙蔽,1,17,0,,"同通道线性叠加：e_hp,p_mana,p_pow",False,自食+蒙蔽@none,HIGH
自食,滋养,1,17,0,,"同通道线性叠加：e_hp,p_hp,p_mana,p_pow",False,自食+滋养@none,HIGH
自食,衰败,1,17,0,,"同通道线性叠加：e_hp,p_mana,p_pow",False,自食+衰败@none,HIGH
自食,寄生,2,17,1,OUTPUT_ARITHMETIC,kill_enemy / p_hp：基线=0；自食独发=0；寄生独发=-200；并施 A→B=-203；B→A=-203（可加预期=-200）,False,自食+寄生@hurt_then_attack;自食+寄生@kill_enemy;自食+寄生@player_attacks,HIGH
自食,滑翔,1,17,0,,"同通道线性叠加：e_hp,p_mana,p_pow",False,自食+滑翔@none,HIGH
自食,坠落,1,17,0,,"同通道线性叠加：e_hp,p_mana,p_pow",False,自食+坠落@none,HIGH
自食,变形,1,17,0,,"同通道线性叠加：e_hp,p_mana,p_pow",False,自食+变形@none,HIGH
自食,定型,1,17,0,,"同通道线性叠加：e_hp,p_mana,p_pow",False,自食+定型@none,HIGH
自食,畸变,0,17,0,,所有探针/通道上均无可加偏离（各自独立）,False,自食+畸变@none,MEDIUM
自食,搏命,2,17,1,OUTPUT_ARITHMETIC,player_attacks / e_hp：基线=-550；自食独发=-520；搏命独发=-232；并施 A→B=-220；B→A=-220（可加预期=348）,False,自食+搏命@hurt_then_attack;自食+搏命@player_attacks,HIGH
自食,超频,1,17,0,,"同通道线性叠加：e_hp,p_mana,p_pow",False,自食+超频@none,HIGH
自食,坏死,1,17,0,,"同通道线性叠加：e_hp,p_mana,p_pow",False,自食+坏死@none,HIGH
自食,爆裂,1,17,0,,"同通道线性叠加：e_hp,p_mana,p_pow",False,自食+爆裂@none,HIGH
自食,退化,1,17,0,,"同通道线性叠加：e_hp,p_mana,p_pow",False,自食+退化@none,HIGH
自食,加害,1,17,0,,"同通道线性叠加：e_hp,p_mana,p_pow",False,自食+加害@none,HIGH
自食,失忆,1,17,0,,"同通道线性叠加：e_hp,p_mana,p_pow",False,自食+失忆@none,HIGH
自食,逼债,1,17,0,,"同通道线性叠加：e_hp,p_mana,p_pow",False,自食+逼债@none,HIGH
自食,豪夺,0,17,0,,所有探针/通道上均无可加偏离（各自独立）,False,自食+豪夺@none,MEDIUM
自食,清算,1,17,0,,"同通道线性叠加：e_hp,p_mana,p_pow",False,自食+清算@none,HIGH
自食,赎金,1,17,0,,"同通道线性叠加：e_hp,p_mana,p_pow",False,自食+赎金@none,HIGH
自食,假钞,1,17,0,,"同通道线性叠加：e_hp,p_mana,p_pow",False,自食+假钞@none,HIGH
自食,赌命,2,17,1,OUTPUT_ARITHMETIC,rounds / p_hp：基线=-180；自食独发=-180；赌命独发=-200；并施 A→B=-203；B→A=-203（可加预期=-20）,False,自食+赌命@dodge_then_round;自食+赌命@rounds,HIGH
自食,消灾,0,17,0,,所有探针/通道上均无可加偏离（各自独立）,False,自食+消灾@none,MEDIUM
自食,龙鳞,1,17,0,,"同通道线性叠加：e_hp,p_mana,p_pow",False,自食+龙鳞@none,HIGH
自食,逆鳞,1,17,0,,"同通道线性叠加：e_hp,p_hp",False,自食+逆鳞@none,HIGH
自食,活血,1,17,0,,"同通道线性叠加：e_hp,p_mana,p_pow",False,自食+活血@none,HIGH
自食,裂变,1,17,0,,"同通道线性叠加：e_hp,p_mana,p_pow",False,自食+裂变@none,HIGH
自食,嫁祸,1,17,0,,"同通道线性叠加：e_hp,p_mana,p_pow",False,自食+嫁祸@none,HIGH
自食,背负,1,17,0,,"同通道线性叠加：e_hp,p_mana,p_pow",False,自食+背负@none,HIGH
自食,伤痕,1,17,0,,"同通道线性叠加：e_hp,p_mana,p_pow",False,自食+伤痕@none,HIGH
自食,分裂,0,17,0,,所有探针/通道上均无可加偏离（各自独立）,False,自食+分裂@none,MEDIUM
自食,尸爆,2,17,0,CAST_EXECUTION|ORDER_SENSITIVE|OUTPUT_ARITHMETIC|RESOURCE_FEEDBACK,"[执行受限 {'B独发': '尸爆留下待裁定中断(死之传承)', 'A→B': '尸爆留下待裁定中断(死之传承)', 'B→A': '尸爆留下待裁定中断(死之传承)；自食发动失败(有待处理的中断等待DM裁定)；自食留下待裁定中断()'}] __cast__ / p_hp：基线=0；自食独发=3；尸爆独发=0；并施 A→B=3；B→A=0（可加预期=3）",True,自食+尸爆@__cast__;自食+尸爆@hurt_then_attack;自食+尸爆@player_attacks,UNVERIFIED
自食,缄默,1,17,0,,"同通道线性叠加：e_hp,p_mana,p_pow",False,自食+缄默@none,HIGH
自食,瓦解,1,17,0,,"同通道线性叠加：e_hp,p_mana,p_pow",False,自食+瓦解@none,HIGH
自食,冥气,1,17,0,,"同通道线性叠加：e_hp,p_mana,p_pow",False,自食+冥气@none,HIGH
自食,勾魂,1,17,0,,"同通道线性叠加：e_hp,p_mana,p_pow",False,自食+勾魂@none,HIGH
自食,镇尸,1,17,0,,"同通道线性叠加：e_hp,p_mana,p_pow",False,自食+镇尸@none,HIGH
自食,招魂,1,17,0,,"同通道线性叠加：e_hp,p_mana,p_pow",False,自食+招魂@none,HIGH
兴奋,无力,1,17,0,,"同通道线性叠加：e_hp,p_mana,p_pow",False,兴奋+无力@none,HIGH
兴奋,全速,0,17,0,,所有探针/通道上均无可加偏离（各自独立）,False,兴奋+全速@none,MEDIUM
兴奋,急速,1,17,0,,"同通道线性叠加：e_hp,p_mana,p_pow",False,兴奋+急速@none,HIGH
兴奋,加速,1,17,0,,"同通道线性叠加：e_hp,p_mana,p_pow",False,兴奋+加速@none,HIGH
兴奋,眩晕,1,17,0,,"同通道线性叠加：e_hp,p_mana,p_pow",False,兴奋+眩晕@none,HIGH
兴奋,洞察,2,17,1,OUTPUT_ARITHMETIC,player_attacks / e_hp：基线=-550；兴奋独发=-490；洞察独发=-220；并施 A→B=-343；B→A=-343（可加预期=390）,False,兴奋+洞察@dodge_then_round;兴奋+洞察@hurt_then_attack;兴奋+洞察@player_attacks,HIGH
兴奋,蒙蔽,1,17,0,,"同通道线性叠加：e_hp,p_mana,p_pow",False,兴奋+蒙蔽@none,HIGH
兴奋,滋养,1,17,0,,"同通道线性叠加：e_hp,p_mana,p_pow",False,兴奋+滋养@none,HIGH
兴奋,衰败,1,17,0,,"同通道线性叠加：e_hp,p_mana,p_pow",False,兴奋+衰败@none,HIGH
兴奋,寄生,2,17,1,OUTPUT_ARITHMETIC,hurt_then_attack / p_hp：基线=-50；兴奋独发=-50；寄生独发=90；并施 A→B=70；B→A=70（可加预期=140）,False,兴奋+寄生@hurt_then_attack,HIGH
兴奋,滑翔,1,17,0,,"同通道线性叠加：e_hp,p_mana,p_pow",False,兴奋+滑翔@none,HIGH
兴奋,坠落,1,17,0,,"同通道线性叠加：e_hp,p_mana,p_pow",False,兴奋+坠落@none,HIGH
兴奋,变形,1,17,0,,"同通道线性叠加：e_hp,p_mana,p_pow",False,兴奋+变形@none,HIGH
兴奋,定型,1,17,0,,"同通道线性叠加：e_hp,p_mana,p_pow",False,兴奋+定型@none,HIGH
兴奋,畸变,0,17,0,,所有探针/通道上均无可加偏离（各自独立）,False,兴奋+畸变@none,MEDIUM
兴奋,搏命,2,17,1,OUTPUT_ARITHMETIC,player_attacks / e_hp：基线=-550；兴奋独发=-490；搏命独发=-232；并施 A→B=-364；B→A=-364（可加预期=378）,False,兴奋+搏命@dodge_then_round;兴奋+搏命@hurt_then_attack;兴奋+搏命@player_attacks,HIGH
兴奋,超频,1,17,0,,"同通道线性叠加：e_hp,p_mana,p_pow",False,兴奋+超频@none,HIGH
兴奋,坏死,1,17,0,,"同通道线性叠加：e_hp,p_mana,p_pow",False,兴奋+坏死@none,HIGH
兴奋,爆裂,1,17,0,,"同通道线性叠加：e_hp,p_mana,p_pow",False,兴奋+爆裂@none,HIGH
兴奋,退化,1,17,0,,"同通道线性叠加：e_hp,p_mana,p_pow",False,兴奋+退化@none,HIGH
兴奋,加害,1,17,0,,"同通道线性叠加：e_hp,p_mana,p_pow",False,兴奋+加害@none,HIGH
兴奋,失忆,1,17,0,,"同通道线性叠加：e_hp,p_mana,p_pow",False,兴奋+失忆@none,HIGH
兴奋,逼债,1,17,0,,"同通道线性叠加：e_hp,p_mana,p_pow",False,兴奋+逼债@none,HIGH
兴奋,豪夺,0,17,0,,所有探针/通道上均无可加偏离（各自独立）,False,兴奋+豪夺@none,MEDIUM
兴奋,清算,1,17,0,,"同通道线性叠加：e_hp,p_mana,p_pow",False,兴奋+清算@none,HIGH
兴奋,赎金,1,17,0,,"同通道线性叠加：e_hp,p_mana,p_pow",False,兴奋+赎金@none,HIGH
兴奋,假钞,1,17,0,,"同通道线性叠加：e_hp,p_mana,p_pow",False,兴奋+假钞@none,HIGH
兴奋,赌命,2,17,1,OUTPUT_ARITHMETIC,rounds / st-p:兴奋：基线=0；兴奋独发=-3；赌命独发=0；并施 A→B=0；B→A=0（可加预期=-3）,False,兴奋+赌命@rounds,HIGH
兴奋,消灾,0,17,0,,所有探针/通道上均无可加偏离（各自独立）,False,兴奋+消灾@none,MEDIUM
兴奋,龙鳞,1,17,0,,"同通道线性叠加：e_hp,p_mana,p_pow",False,兴奋+龙鳞@none,HIGH
兴奋,逆鳞,1,17,0,,同通道线性叠加：e_hp,False,兴奋+逆鳞@none,HIGH
兴奋,活血,1,17,0,,"同通道线性叠加：e_hp,p_mana,p_pow",False,兴奋+活血@none,HIGH
兴奋,裂变,1,17,0,,"同通道线性叠加：e_hp,p_mana,p_pow",False,兴奋+裂变@none,HIGH
兴奋,嫁祸,1,17,0,,"同通道线性叠加：e_hp,p_mana,p_pow",False,兴奋+嫁祸@none,HIGH
兴奋,背负,1,17,0,,"同通道线性叠加：e_hp,p_mana,p_pow",False,兴奋+背负@none,HIGH
兴奋,伤痕,1,17,0,,"同通道线性叠加：e_hp,p_mana,p_pow",False,兴奋+伤痕@none,HIGH
兴奋,分裂,0,17,0,,所有探针/通道上均无可加偏离（各自独立）,False,兴奋+分裂@none,MEDIUM
兴奋,尸爆,2,17,0,CAST_EXECUTION|ORDER_SENSITIVE|OUTPUT_ARITHMETIC|RESOURCE_FEEDBACK,"[执行受限 {'B独发': '尸爆留下待裁定中断(死之传承)', 'A→B': '尸爆留下待裁定中断(死之传承)', 'B→A': '尸爆留下待裁定中断(死之传承)；兴奋发动失败(有待处理的中断等待DM裁定)；兴奋留下待裁定中断()'}] __cast__ / p_mana：基线=0；兴奋独发=-6；尸爆独发=-9；并施 A→B=-15；B→A=-9（可加预期=-15）",True,兴奋+尸爆@__cast__;兴奋+尸爆@dodge_then_round;兴奋+尸爆@hurt_then_attack,UNVERIFIED
兴奋,缄默,1,17,0,,"同通道线性叠加：e_hp,p_mana,p_pow",False,兴奋+缄默@none,HIGH
兴奋,瓦解,1,17,0,,"同通道线性叠加：e_hp,p_mana,p_pow",False,兴奋+瓦解@none,HIGH
兴奋,冥气,1,17,0,,"同通道线性叠加：e_hp,p_mana,p_pow",False,兴奋+冥气@none,HIGH
兴奋,勾魂,1,17,0,,"同通道线性叠加：e_hp,p_mana,p_pow",False,兴奋+勾魂@none,HIGH
兴奋,镇尸,1,17,0,,"同通道线性叠加：e_hp,p_mana,p_pow",False,兴奋+镇尸@none,HIGH
兴奋,招魂,1,17,0,,"同通道线性叠加：e_hp,p_mana,p_pow",False,兴奋+招魂@none,HIGH
无力,全速,0,17,0,,所有探针/通道上均无可加偏离（各自独立）,False,无力+全速@none,MEDIUM
无力,急速,1,17,0,,"同通道线性叠加：e_hp,p_mana,p_pow",False,无力+急速@none,HIGH
无力,加速,1,17,0,,"同通道线性叠加：e_hp,p_mana,p_pow",False,无力+加速@none,HIGH
无力,眩晕,1,17,0,,"同通道线性叠加：e_hp,p_mana,p_pow",False,无力+眩晕@none,HIGH
无力,洞察,2,17,1,OUTPUT_ARITHMETIC,player_attacks / e_hp：基线=-550；无力独发=-460；洞察独发=-220；并施 A→B=-184；B→A=-184（可加预期=420）,False,无力+洞察@hurt_then_attack;无力+洞察@player_attacks,HIGH
无力,蒙蔽,1,17,0,,"同通道线性叠加：e_hp,p_mana,p_pow",False,无力+蒙蔽@none,HIGH
无力,滋养,1,17,0,,"同通道线性叠加：e_hp,p_mana,p_pow",False,无力+滋养@none,HIGH
无力,衰败,1,17,0,,"同通道线性叠加：e_hp,p_mana,p_pow",False,无力+衰败@none,HIGH
无力,寄生,2,17,1,OUTPUT_ARITHMETIC,hurt_then_attack / p_hp：基线=-50；无力独发=-50；寄生独发=90；并施 A→B=65；B→A=65（可加预期=140）,False,无力+寄生@hurt_then_attack,HIGH
无力,滑翔,1,17,0,,"同通道线性叠加：e_hp,p_mana,p_pow",False,无力+滑翔@none,HIGH
无力,坠落,1,17,0,,"同通道线性叠加：e_hp,p_mana,p_pow",False,无力+坠落@none,HIGH
无力,变形,1,17,0,,"同通道线性叠加：e_hp,p_mana,p_pow",False,无力+变形@none,HIGH
无力,定型,1,17,0,,"同通道线性叠加：e_hp,p_mana,p_pow",False,无力+定型@none,HIGH
无力,畸变,0,17,0,,所有探针/通道上均无可加偏离（各自独立）,False,无力+畸变@none,MEDIUM
无力,搏命,2,17,1,OUTPUT_ARITHMETIC,player_attacks / e_hp：基线=-550；无力独发=-460；搏命独发=-232；并施 A→B=-196；B→A=-196（可加预期=408）,False,无力+搏命@hurt_then_attack;无力+搏命@player_attacks,HIGH
无力,超频,1,17,0,,"同通道线性叠加：e_hp,p_mana,p_pow",False,无力+超频@none,HIGH
无力,坏死,1,17,0,,"同通道线性叠加：e_hp,p_mana,p_pow",False,无力+坏死@none,HIGH
无力,爆裂,1,17,0,,"同通道线性叠加：e_hp,p_mana,p_pow",False,无力+爆裂@none,HIGH
无力,退化,1,17,0,,"同通道线性叠加：e_hp,p_mana,p_pow",False,无力+退化@none,HIGH
无力,加害,1,17,0,,"同通道线性叠加：e_hp,p_mana,p_pow",False,无力+加害@none,HIGH
无力,失忆,1,17,0,,"同通道线性叠加：e_hp,p_mana,p_pow",False,无力+失忆@none,HIGH
无力,逼债,1,17,0,,"同通道线性叠加：e_hp,p_mana,p_pow",False,无力+逼债@none,HIGH
无力,豪夺,0,17,0,,所有探针/通道上均无可加偏离（各自独立）,False,无力+豪夺@none,MEDIUM
无力,清算,1,17,0,,"同通道线性叠加：e_hp,p_mana,p_pow",False,无力+清算@none,HIGH
无力,赎金,1,17,0,,"同通道线性叠加：e_hp,p_mana,p_pow",False,无力+赎金@none,HIGH
无力,假钞,1,17,0,,"同通道线性叠加：e_hp,p_mana,p_pow",False,无力+假钞@none,HIGH
无力,赌命,0,17,0,,所有探针/通道上均无可加偏离（各自独立）,False,无力+赌命@none,MEDIUM
无力,消灾,0,17,0,,所有探针/通道上均无可加偏离（各自独立）,False,无力+消灾@none,MEDIUM
无力,龙鳞,1,17,0,,"同通道线性叠加：e_hp,p_mana,p_pow",False,无力+龙鳞@none,HIGH
无力,逆鳞,1,17,0,,同通道线性叠加：e_hp,False,无力+逆鳞@none,HIGH
无力,活血,1,17,0,,"同通道线性叠加：e_hp,p_mana,p_pow",False,无力+活血@none,HIGH
无力,裂变,1,17,0,,"同通道线性叠加：e_hp,p_mana,p_pow",False,无力+裂变@none,HIGH
无力,嫁祸,1,17,0,,"同通道线性叠加：e_hp,p_mana,p_pow",False,无力+嫁祸@none,HIGH
无力,背负,1,17,0,,"同通道线性叠加：e_hp,p_mana,p_pow",False,无力+背负@none,HIGH
无力,伤痕,1,17,0,,"同通道线性叠加：e_hp,p_mana,p_pow",False,无力+伤痕@none,HIGH
无力,分裂,0,17,0,,所有探针/通道上均无可加偏离（各自独立）,False,无力+分裂@none,MEDIUM
无力,尸爆,2,17,0,CAST_EXECUTION|ORDER_SENSITIVE|OUTPUT_ARITHMETIC|RESOURCE_FEEDBACK,"[执行受限 {'B独发': '尸爆留下待裁定中断(死之传承)', 'A→B': '尸爆留下待裁定中断(死之传承)', 'B→A': '尸爆留下待裁定中断(死之传承)；无力发动失败(有待处理的中断等待DM裁定)；无力留下待裁定中断()'}] __cast__ / p_mana：基线=0；无力独发=-9；尸爆独发=-9；并施 A→B=-18；B→A=-9（可加预期=-18）",True,无力+尸爆@__cast__;无力+尸爆@hurt_then_attack;无力+尸爆@player_attacks,UNVERIFIED
无力,缄默,1,17,0,,"同通道线性叠加：e_hp,p_mana,p_pow",False,无力+缄默@none,HIGH
无力,瓦解,1,17,0,,"同通道线性叠加：e_hp,p_mana,p_pow",False,无力+瓦解@none,HIGH
无力,冥气,1,17,0,,"同通道线性叠加：e_hp,p_mana,p_pow",False,无力+冥气@none,HIGH
无力,勾魂,1,17,0,,"同通道线性叠加：e_hp,p_mana,p_pow",False,无力+勾魂@none,HIGH
无力,镇尸,1,17,0,,"同通道线性叠加：e_hp,p_mana,p_pow",False,无力+镇尸@none,HIGH
无力,招魂,1,17,0,,"同通道线性叠加：e_hp,p_mana,p_pow",False,无力+招魂@none,HIGH
全速,急速,2,17,1,OUTPUT_ARITHMETIC,enemy_phase_dodge / p_atk：基线=-3；全速独发=0；急速独发=-2；并施 A→B=0；B→A=0（可加预期=4）,False,全速+急速@dodge_then_round;全速+急速@enemy_phase_dodge,HIGH
全速,加速,0,17,0,,所有探针/通道上均无可加偏离（各自独立）,False,全速+加速@none,MEDIUM
全速,眩晕,2,17,1,OUTPUT_ARITHMETIC,enemy_phase_dodge / p_atk：基线=-3；全速独发=0；眩晕独发=0；并施 A→B=0；B→A=0（可加预期=6）,False,全速+眩晕@dodge_then_round;全速+眩晕@enemy_phase_dodge,HIGH
全速,洞察,2,17,1,CAST_EXECUTION|OUTPUT_ARITHMETIC,__cast__ / p_atk：基线=0；全速独发=0；洞察独发=-3；并施 A→B=0；B→A=0（可加预期=-3）,False,全速+洞察@__cast__;全速+洞察@dodge_then_round;全速+洞察@enemy_phase_dodge,HIGH
全速,蒙蔽,0,17,0,,所有探针/通道上均无可加偏离（各自独立）,False,全速+蒙蔽@none,MEDIUM
全速,滋养,0,17,0,,所有探针/通道上均无可加偏离（各自独立）,False,全速+滋养@none,MEDIUM
全速,衰败,0,17,0,,所有探针/通道上均无可加偏离（各自独立）,False,全速+衰败@none,MEDIUM
全速,寄生,0,17,0,,所有探针/通道上均无可加偏离（各自独立）,False,全速+寄生@none,MEDIUM
全速,滑翔,2,17,1,OUTPUT_ARITHMETIC,enemy_phase_dodge / p_atk：基线=-3；全速独发=0；滑翔独发=0；并施 A→B=0；B→A=0（可加预期=6）,False,全速+滑翔@dodge_then_round;全速+滑翔@enemy_phase_dodge,HIGH
全速,坠落,0,17,0,,所有探针/通道上均无可加偏离（各自独立）,False,全速+坠落@none,MEDIUM
全速,变形,0,17,0,,所有探针/通道上均无可加偏离（各自独立）,False,全速+变形@none,MEDIUM
全速,定型,0,17,0,,所有探针/通道上均无可加偏离（各自独立）,False,全速+定型@none,MEDIUM
全速,畸变,0,17,0,,所有探针/通道上均无可加偏离（各自独立）,False,全速+畸变@none,MEDIUM
全速,搏命,2,17,1,CAST_EXECUTION|OUTPUT_ARITHMETIC,__cast__ / p_atk：基线=0；全速独发=0；搏命独发=-3；并施 A→B=0；B→A=0（可加预期=-3）,False,全速+搏命@__cast__;全速+搏命@dodge_then_round;全速+搏命@enemy_phase_dodge,HIGH
全速,超频,0,17,0,,所有探针/通道上均无可加偏离（各自独立）,False,全速+超频@none,MEDIUM
全速,坏死,0,17,0,,所有探针/通道上均无可加偏离（各自独立）,False,全速+坏死@none,MEDIUM
全速,爆裂,0,17,0,,所有探针/通道上均无可加偏离（各自独立）,False,全速+爆裂@none,MEDIUM
全速,退化,0,17,0,,所有探针/通道上均无可加偏离（各自独立）,False,全速+退化@none,MEDIUM
全速,加害,0,17,0,,所有探针/通道上均无可加偏离（各自独立）,False,全速+加害@none,MEDIUM
全速,失忆,0,17,0,,所有探针/通道上均无可加偏离（各自独立）,False,全速+失忆@none,MEDIUM
全速,逼债,0,17,0,,所有探针/通道上均无可加偏离（各自独立）,False,全速+逼债@none,MEDIUM
全速,豪夺,0,17,0,,所有探针/通道上均无可加偏离（各自独立）,False,全速+豪夺@none,MEDIUM
全速,清算,0,17,0,,所有探针/通道上均无可加偏离（各自独立）,False,全速+清算@none,MEDIUM
全速,赎金,0,17,0,,所有探针/通道上均无可加偏离（各自独立）,False,全速+赎金@none,MEDIUM
全速,假钞,0,17,0,,所有探针/通道上均无可加偏离（各自独立）,False,全速+假钞@none,MEDIUM
全速,赌命,2,17,1,OUTPUT_ARITHMETIC,rounds / stRp:全速：基线=0；全速独发=-3；赌命独发=0；并施 A→B=-2；B→A=-2（可加预期=-3）,False,全速+赌命@rounds,HIGH
全速,消灾,0,17,0,,所有探针/通道上均无可加偏离（各自独立）,False,全速+消灾@none,MEDIUM
全速,龙鳞,0,17,0,,所有探针/通道上均无可加偏离（各自独立）,False,全速+龙鳞@none,MEDIUM
全速,逆鳞,0,17,0,,所有探针/通道上均无可加偏离（各自独立）,False,全速+逆鳞@none,MEDIUM
全速,活血,0,17,0,,所有探针/通道上均无可加偏离（各自独立）,False,全速+活血@none,MEDIUM
全速,裂变,0,17,0,,所有探针/通道上均无可加偏离（各自独立）,False,全速+裂变@none,MEDIUM
全速,嫁祸,0,17,0,,所有探针/通道上均无可加偏离（各自独立）,False,全速+嫁祸@none,MEDIUM
全速,背负,0,17,0,,所有探针/通道上均无可加偏离（各自独立）,False,全速+背负@none,MEDIUM
全速,伤痕,0,17,0,,所有探针/通道上均无可加偏离（各自独立）,False,全速+伤痕@none,MEDIUM
全速,分裂,0,17,0,,所有探针/通道上均无可加偏离（各自独立）,False,全速+分裂@none,MEDIUM
全速,尸爆,2,17,0,CAST_EXECUTION|ORDER_SENSITIVE|OUTPUT_ARITHMETIC,"[执行受限 {'B独发': '尸爆留下待裁定中断(死之传承)', 'A→B': '尸爆留下待裁定中断(死之传承)', 'B→A': '尸爆留下待裁定中断(死之传承)；全速发动失败(有待处理的中断等待DM裁定)；全速留下待裁定中断()'}] __cast__ / st+p:全速：基线=0；全速独发=4；尸爆独发=0；并施 A→B=4；B→A=0（可加预期=4）",True,全速+尸爆@__cast__;全速+尸爆@dodge_then_round;全速+尸爆@enemy_phase_dodge,UNVERIFIED
全速,缄默,0,17,0,,所有探针/通道上均无可加偏离（各自独立）,False,全速+缄默@none,MEDIUM
全速,瓦解,0,17,0,,所有探针/通道上均无可加偏离（各自独立）,False,全速+瓦解@none,MEDIUM
全速,冥气,0,17,0,,所有探针/通道上均无可加偏离（各自独立）,False,全速+冥气@none,MEDIUM
全速,勾魂,0,17,0,,所有探针/通道上均无可加偏离（各自独立）,False,全速+勾魂@none,MEDIUM
全速,镇尸,0,17,0,,所有探针/通道上均无可加偏离（各自独立）,False,全速+镇尸@none,MEDIUM
全速,招魂,0,17,0,,所有探针/通道上均无可加偏离（各自独立）,False,全速+招魂@none,MEDIUM
急速,加速,2,17,1,OUTPUT_ARITHMETIC,enemy_phase_dodge / p_atk：基线=-3；急速独发=-2；加速独发=-3；并施 A→B=-1；B→A=-1（可加预期=1）,False,急速+加速@dodge_then_round;急速+加速@enemy_phase_dodge,HIGH
急速,眩晕,2,17,1,OUTPUT_ARITHMETIC,enemy_phase_dodge / p_atk：基线=-3；急速独发=-2；眩晕独发=0；并施 A→B=0；B→A=0（可加预期=4）,False,急速+眩晕@dodge_then_round;急速+眩晕@enemy_phase_dodge,HIGH
急速,洞察,2,17,1,EVENT_CONVERSION|OUTPUT_ARITHMETIC|RESOURCE_FEEDBACK,enemy_phase_dodge / p_atk：基线=-3；急速独发=-2；洞察独发=0；并施 A→B=-2；B→A=-2（可加预期=4）,False,急速+洞察@dodge_then_round;急速+洞察@enemy_phase_dodge;急速+洞察@hurt_then_attack,HIGH
急速,蒙蔽,1,17,0,,"同通道线性叠加：e_hp,p_mana,p_pow",False,急速+蒙蔽@none,HIGH
急速,滋养,1,17,0,,"同通道线性叠加：e_hp,p_mana,p_pow",False,急速+滋养@none,HIGH
急速,衰败,1,17,0,,"同通道线性叠加：e_hp,p_mana,p_pow",False,急速+衰败@none,HIGH
急速,寄生,2,17,1,OUTPUT_ARITHMETIC,player_attacks / p_hp：基线=0；急速独发=0；寄生独发=200；并施 A→B=190；B→A=190（可加预期=200）,False,急速+寄生@hurt_then_attack;急速+寄生@player_attacks,HIGH
急速,滑翔,2,17,1,OUTPUT_ARITHMETIC,enemy_phase_dodge / p_atk：基线=-3；急速独发=-2；滑翔独发=0；并施 A→B=0；B→A=0（可加预期=4）,False,急速+滑翔@dodge_then_round;急速+滑翔@enemy_phase_dodge,HIGH
急速,坠落,1,17,0,,"同通道线性叠加：e_hp,p_mana,p_pow",False,急速+坠落@none,HIGH
急速,变形,1,17,0,,"同通道线性叠加：e_hp,p_mana,p_pow",False,急速+变形@none,HIGH
急速,定型,1,17,0,,"同通道线性叠加：e_hp,p_mana,p_pow",False,急速+定型@none,HIGH
急速,畸变,0,17,0,,所有探针/通道上均无可加偏离（各自独立）,False,急速+畸变@none,MEDIUM
急速,搏命,2,17,1,OUTPUT_ARITHMETIC,enemy_phase_dodge / p_atk：基线=-3；急速独发=-2；搏命独发=0；并施 A→B=-2；B→A=-2（可加预期=4）,False,急速+搏命@dodge_then_round;急速+搏命@enemy_phase_dodge;急速+搏命@hurt_then_attack,HIGH
急速,超频,1,17,0,,"同通道线性叠加：e_hp,p_mana,p_pow",False,急速+超频@none,HIGH
急速,坏死,1,17,0,,"同通道线性叠加：e_hp,p_mana,p_pow",False,急速+坏死@none,HIGH
急速,爆裂,1,17,0,,"同通道线性叠加：e_hp,p_mana,p_pow",False,急速+爆裂@none,HIGH
急速,退化,1,17,0,,"同通道线性叠加：e_hp,p_mana,p_pow",False,急速+退化@none,HIGH
急速,加害,1,17,0,,"同通道线性叠加：e_hp,p_mana,p_pow",False,急速+加害@none,HIGH
急速,失忆,1,17,0,,"同通道线性叠加：e_hp,p_mana,p_pow",False,急速+失忆@none,HIGH
急速,逼债,1,17,0,,"同通道线性叠加：e_hp,p_mana,p_pow",False,急速+逼债@none,HIGH
急速,豪夺,0,17,0,,所有探针/通道上均无可加偏离（各自独立）,False,急速+豪夺@none,MEDIUM
急速,清算,1,17,0,,"同通道线性叠加：e_hp,p_mana,p_pow",False,急速+清算@none,HIGH
急速,赎金,1,17,0,,"同通道线性叠加：e_hp,p_mana,p_pow",False,急速+赎金@none,HIGH
急速,假钞,1,17,0,,"同通道线性叠加：e_hp,p_mana,p_pow",False,急速+假钞@none,HIGH
急速,赌命,2,17,1,OUTPUT_ARITHMETIC,rounds / st-p:急速：基线=0；急速独发=-3；赌命独发=0；并施 A→B=0；B→A=0（可加预期=-3）,False,急速+赌命@rounds,HIGH
急速,消灾,0,17,0,,所有探针/通道上均无可加偏离（各自独立）,False,急速+消灾@none,MEDIUM
急速,龙鳞,1,17,0,,"同通道线性叠加：e_hp,p_mana,p_pow",False,急速+龙鳞@none,HIGH
急速,逆鳞,1,17,0,,同通道线性叠加：e_hp,False,急速+逆鳞@none,HIGH
急速,活血,1,17,0,,"同通道线性叠加：e_hp,p_mana,p_pow",False,急速+活血@none,HIGH
急速,裂变,1,17,0,,"同通道线性叠加：e_hp,p_mana,p_pow",False,急速+裂变@none,HIGH
急速,嫁祸,1,17,0,,"同通道线性叠加：e_hp,p_mana,p_pow",False,急速+嫁祸@none,HIGH
急速,背负,1,17,0,,"同通道线性叠加：e_hp,p_mana,p_pow",False,急速+背负@none,HIGH
急速,伤痕,1,17,0,,"同通道线性叠加：e_hp,p_mana,p_pow",False,急速+伤痕@none,HIGH
急速,分裂,0,17,0,,所有探针/通道上均无可加偏离（各自独立）,False,急速+分裂@none,MEDIUM
急速,尸爆,2,17,0,CAST_EXECUTION|ORDER_SENSITIVE|OUTPUT_ARITHMETIC|RESOURCE_FEEDBACK,"[执行受限 {'B独发': '尸爆留下待裁定中断(死之传承)', 'A→B': '尸爆留下待裁定中断(死之传承)', 'B→A': '尸爆留下待裁定中断(死之传承)；急速发动失败(有待处理的中断等待DM裁定)；急速留下待裁定中断()'}] __cast__ / p_mana：基线=0；急速独发=-15；尸爆独发=-9；并施 A→B=-24；B→A=-9（可加预期=-24）",True,急速+尸爆@__cast__;急速+尸爆@dodge_then_round;急速+尸爆@enemy_phase_dodge,UNVERIFIED
急速,缄默,1,17,0,,"同通道线性叠加：e_hp,p_mana,p_pow",False,急速+缄默@none,HIGH
急速,瓦解,1,17,0,,"同通道线性叠加：e_hp,p_mana,p_pow",False,急速+瓦解@none,HIGH
急速,冥气,1,17,0,,"同通道线性叠加：e_hp,p_mana,p_pow",False,急速+冥气@none,HIGH
急速,勾魂,1,17,0,,"同通道线性叠加：e_hp,p_mana,p_pow",False,急速+勾魂@none,HIGH
急速,镇尸,1,17,0,,"同通道线性叠加：e_hp,p_mana,p_pow",False,急速+镇尸@none,HIGH
急速,招魂,1,17,0,,"同通道线性叠加：e_hp,p_mana,p_pow",False,急速+招魂@none,HIGH
加速,眩晕,1,17,0,,"同通道线性叠加：e_hp,p_mana,p_pow",False,加速+眩晕@none,HIGH
加速,洞察,2,17,1,OUTPUT_ARITHMETIC,player_attacks / e_hp：基线=-550；加速独发=-400；洞察独发=-220；并施 A→B=-160；B→A=-160（可加预期=480）,False,加速+洞察@dodge_then_round;加速+洞察@hurt_then_attack;加速+洞察@player_attacks,HIGH
加速,蒙蔽,1,17,0,,"同通道线性叠加：e_hp,p_mana,p_pow",False,加速+蒙蔽@none,HIGH
加速,滋养,1,17,0,,"同通道线性叠加：e_hp,p_mana,p_pow",False,加速+滋养@none,HIGH
加速,衰败,1,17,0,,"同通道线性叠加：e_hp,p_mana,p_pow",False,加速+衰败@none,HIGH
加速,寄生,2,17,1,OUTPUT_ARITHMETIC,player_attacks / p_hp：基线=0；加速独发=0；寄生独发=200；并施 A→B=190；B→A=190（可加预期=200）,False,加速+寄生@hurt_then_attack;加速+寄生@player_attacks,HIGH
加速,滑翔,1,17,0,,"同通道线性叠加：e_hp,p_mana,p_pow",False,加速+滑翔@none,HIGH
加速,坠落,1,17,0,,"同通道线性叠加：e_hp,p_mana,p_pow",False,加速+坠落@none,HIGH
加速,变形,1,17,0,,"同通道线性叠加：e_hp,p_mana,p_pow",False,加速+变形@none,HIGH
加速,定型,1,17,0,,"同通道线性叠加：e_hp,p_mana,p_pow",False,加速+定型@none,HIGH
加速,畸变,0,17,0,,所有探针/通道上均无可加偏离（各自独立）,False,加速+畸变@none,MEDIUM
加速,搏命,2,17,1,OUTPUT_ARITHMETIC,player_attacks / e_hp：基线=-550；加速独发=-400；搏命独发=-232；并施 A→B=-172；B→A=-172（可加预期=468）,False,加速+搏命@dodge_then_round;加速+搏命@hurt_then_attack;加速+搏命@player_attacks,HIGH
加速,超频,1,17,0,,"同通道线性叠加：e_hp,p_mana,p_pow",False,加速+超频@none,HIGH
加速,坏死,1,17,0,,"同通道线性叠加：e_hp,p_mana,p_pow",False,加速+坏死@none,HIGH
加速,爆裂,1,17,0,,"同通道线性叠加：e_hp,p_mana,p_pow",False,加速+爆裂@none,HIGH
加速,退化,1,17,0,,"同通道线性叠加：e_hp,p_mana,p_pow",False,加速+退化@none,HIGH
加速,加害,1,17,0,,"同通道线性叠加：e_hp,p_mana,p_pow",False,加速+加害@none,HIGH
加速,失忆,1,17,0,,"同通道线性叠加：e_hp,p_mana,p_pow",False,加速+失忆@none,HIGH
加速,逼债,1,17,0,,"同通道线性叠加：e_hp,p_mana,p_pow",False,加速+逼债@none,HIGH
加速,豪夺,0,17,0,,所有探针/通道上均无可加偏离（各自独立）,False,加速+豪夺@none,MEDIUM
加速,清算,1,17,0,,"同通道线性叠加：e_hp,p_mana,p_pow",False,加速+清算@none,HIGH
加速,赎金,1,17,0,,"同通道线性叠加：e_hp,p_mana,p_pow",False,加速+赎金@none,HIGH
加速,假钞,1,17,0,,"同通道线性叠加：e_hp,p_mana,p_pow",False,加速+假钞@none,HIGH
加速,赌命,2,17,1,OUTPUT_ARITHMETIC,rounds / st-p:加速：基线=0；加速独发=-3；赌命独发=0；并施 A→B=0；B→A=0（可加预期=-3）,False,加速+赌命@rounds,HIGH
加速,消灾,0,17,0,,所有探针/通道上均无可加偏离（各自独立）,False,加速+消灾@none,MEDIUM
加速,龙鳞,1,17,0,,"同通道线性叠加：e_hp,p_mana,p_pow",False,加速+龙鳞@none,HIGH
加速,逆鳞,1,17,0,,同通道线性叠加：e_hp,False,加速+逆鳞@none,HIGH
加速,活血,1,17,0,,"同通道线性叠加：e_hp,p_mana,p_pow",False,加速+活血@none,HIGH
加速,裂变,1,17,0,,"同通道线性叠加：e_hp,p_mana,p_pow",False,加速+裂变@none,HIGH
加速,嫁祸,1,17,0,,"同通道线性叠加：e_hp,p_mana,p_pow",False,加速+嫁祸@none,HIGH
加速,背负,1,17,0,,"同通道线性叠加：e_hp,p_mana,p_pow",False,加速+背负@none,HIGH
加速,伤痕,1,17,0,,"同通道线性叠加：e_hp,p_mana,p_pow",False,加速+伤痕@none,HIGH
加速,分裂,0,17,0,,所有探针/通道上均无可加偏离（各自独立）,False,加速+分裂@none,MEDIUM
加速,尸爆,2,17,0,CAST_EXECUTION|ORDER_SENSITIVE|OUTPUT_ARITHMETIC|RESOURCE_FEEDBACK,"[执行受限 {'B独发': '尸爆留下待裁定中断(死之传承)', 'A→B': '尸爆留下待裁定中断(死之传承)', 'B→A': '尸爆留下待裁定中断(死之传承)；加速发动失败(有待处理的中断等待DM裁定)；加速留下待裁定中断()'}] __cast__ / p_mana：基线=0；加速独发=-15；尸爆独发=-9；并施 A→B=-24；B→A=-9（可加预期=-24）",True,加速+尸爆@__cast__;加速+尸爆@dodge_then_round;加速+尸爆@hurt_then_attack,UNVERIFIED
加速,缄默,1,17,0,,"同通道线性叠加：e_hp,p_mana,p_pow",False,加速+缄默@none,HIGH
加速,瓦解,1,17,0,,"同通道线性叠加：e_hp,p_mana,p_pow",False,加速+瓦解@none,HIGH
加速,冥气,1,17,0,,"同通道线性叠加：e_hp,p_mana,p_pow",False,加速+冥气@none,HIGH
加速,勾魂,1,17,0,,"同通道线性叠加：e_hp,p_mana,p_pow",False,加速+勾魂@none,HIGH
加速,镇尸,1,17,0,,"同通道线性叠加：e_hp,p_mana,p_pow",False,加速+镇尸@none,HIGH
加速,招魂,1,17,0,,"同通道线性叠加：e_hp,p_mana,p_pow",False,加速+招魂@none,HIGH
眩晕,洞察,2,17,1,OUTPUT_ARITHMETIC,enemy_phase_dodge / p_atk：基线=-3；眩晕独发=0；洞察独发=0；并施 A→B=0；B→A=0（可加预期=6）,False,眩晕+洞察@dodge_then_round;眩晕+洞察@enemy_phase_dodge;眩晕+洞察@hurt_then_attack,HIGH
眩晕,蒙蔽,2,17,1,OUTPUT_ARITHMETIC,enemy_phase / p_hp：基线=-60；眩晕独发=0；蒙蔽独发=0；并施 A→B=0；B→A=0（可加预期=120）,False,眩晕+蒙蔽@enemy_phase;眩晕+蒙蔽@rounds,HIGH
眩晕,滋养,1,17,0,,"同通道线性叠加：e_hp,p_mana,p_pow",False,眩晕+滋养@none,HIGH
眩晕,衰败,2,17,1,OUTPUT_ARITHMETIC,rounds / p_hp：基线=-180；眩晕独发=0；衰败独发=-180；并施 A→B=-120；B→A=-120（可加预期=180）,False,眩晕+衰败@dodge_then_round;眩晕+衰败@rounds,HIGH
眩晕,寄生,2,17,1,OUTPUT_ARITHMETIC,player_attacks / p_hp：基线=0；眩晕独发=0；寄生独发=200；并施 A→B=190；B→A=190（可加预期=200）,False,眩晕+寄生@hurt_then_attack;眩晕+寄生@player_attacks,HIGH
眩晕,滑翔,2,17,1,OUTPUT_ARITHMETIC,enemy_phase / p_hp：基线=-60；眩晕独发=0；滑翔独发=0；并施 A→B=0；B→A=0（可加预期=120）,False,眩晕+滑翔@dodge_then_round;眩晕+滑翔@enemy_phase;眩晕+滑翔@enemy_phase_dodge,HIGH
眩晕,坠落,1,17,0,,"同通道线性叠加：e_hp,p_mana,p_pow",False,眩晕+坠落@none,HIGH
眩晕,变形,2,17,1,OUTPUT_ARITHMETIC,enemy_phase / p_hp：基线=-60；眩晕独发=0；变形独发=-9；并施 A→B=0；B→A=0（可加预期=111）,False,眩晕+变形@enemy_phase;眩晕+变形@rounds,HIGH
眩晕,定型,1,17,0,,"同通道线性叠加：e_hp,p_mana,p_pow",False,眩晕+定型@none,HIGH
眩晕,畸变,0,17,0,,所有探针/通道上均无可加偏离（各自独立）,False,眩晕+畸变@none,MEDIUM
眩晕,搏命,2,17,1,OUTPUT_ARITHMETIC,enemy_phase_dodge / p_atk：基线=-3；眩晕独发=0；搏命独发=0；并施 A→B=0；B→A=0（可加预期=6）,False,眩晕+搏命@dodge_then_round;眩晕+搏命@enemy_phase_dodge;眩晕+搏命@hurt_then_attack,HIGH
眩晕,超频,1,17,0,,"同通道线性叠加：e_hp,p_mana,p_pow",False,眩晕+超频@none,HIGH
眩晕,坏死,1,17,0,,"同通道线性叠加：e_hp,p_mana,p_pow",False,眩晕+坏死@none,HIGH
眩晕,爆裂,2,17,1,OUTPUT_ARITHMETIC,enemy_phase / e_hp：基线=0；眩晕独发=0；爆裂独发=-60；并施 A→B=0；B→A=0（可加预期=-60）,False,眩晕+爆裂@enemy_phase;眩晕+爆裂@rounds,HIGH
眩晕,退化,1,17,0,,"同通道线性叠加：e_hp,p_mana,p_pow",False,眩晕+退化@none,HIGH
眩晕,加害,1,17,0,,"同通道线性叠加：e_hp,p_mana,p_pow",False,眩晕+加害@none,HIGH
眩晕,失忆,1,17,0,,"同通道线性叠加：e_hp,p_mana,p_pow",False,眩晕+失忆@none,HIGH
眩晕,逼债,1,17,0,,"同通道线性叠加：e_hp,p_mana,p_pow",False,眩晕+逼债@none,HIGH
眩晕,豪夺,0,17,0,,所有探针/通道上均无可加偏离（各自独立）,False,眩晕+豪夺@none,MEDIUM
眩晕,清算,1,17,0,,"同通道线性叠加：e_hp,p_mana,p_pow",False,眩晕+清算@none,HIGH
眩晕,赎金,1,17,0,,"同通道线性叠加：e_hp,p_mana,p_pow",False,眩晕+赎金@none,HIGH
眩晕,假钞,1,17,0,,"同通道线性叠加：e_hp,p_mana,p_pow",False,眩晕+假钞@none,HIGH
眩晕,赌命,2,17,1,EVENT_MULTIPLICATION|OUTPUT_ARITHMETIC,rounds / p_died：基线=0；眩晕独发=0；赌命独发=1；并施 A→B=0；B→A=0（可加预期=1）,False,眩晕+赌命@rounds,HIGH
眩晕,消灾,0,17,0,,所有探针/通道上均无可加偏离（各自独立）,False,眩晕+消灾@none,MEDIUM
眩晕,龙鳞,2,17,1,OUTPUT_ARITHMETIC,enemy_phase / p_hp：基线=-60；眩晕独发=0；龙鳞独发=-51；并施 A→B=0；B→A=0（可加预期=69）,False,眩晕+龙鳞@enemy_phase;眩晕+龙鳞@rounds,HIGH
眩晕,逆鳞,1,17,0,,同通道线性叠加：e_hp,False,眩晕+逆鳞@none,HIGH
眩晕,活血,2,17,1,OUTPUT_ARITHMETIC,rounds / p_hp：基线=-180；眩晕独发=0；活血独发=-120；并施 A→B=0；B→A=0（可加预期=240）,False,眩晕+活血@rounds,HIGH
眩晕,裂变,2,17,1,OUTPUT_ARITHMETIC,enemy_phase / p_hp：基线=-60；眩晕独发=0；裂变独发=-63；并施 A→B=0；B→A=0（可加预期=57）,False,眩晕+裂变@enemy_phase;眩晕+裂变@rounds,HIGH
眩晕,嫁祸,2,17,1,EVENT_MULTIPLICATION|OUTPUT_ARITHMETIC,incoming_big / st-e:眩晕：基线=0；眩晕独发=0；嫁祸独发=0；并施 A→B=-3；B→A=-3（可加预期=0）,False,眩晕+嫁祸@enemy_phase;眩晕+嫁祸@incoming_big;眩晕+嫁祸@incoming_multi,HIGH
眩晕,背负,1,17,0,,"同通道线性叠加：e_hp,p_mana,p_pow",False,眩晕+背负@none,HIGH
眩晕,伤痕,1,17,0,,"同通道线性叠加：e_hp,p_mana,p_pow",False,眩晕+伤痕@none,HIGH
眩晕,分裂,0,17,0,,所有探针/通道上均无可加偏离（各自独立）,False,眩晕+分裂@none,MEDIUM
眩晕,尸爆,2,17,0,CAST_EXECUTION|ORDER_SENSITIVE|OUTPUT_ARITHMETIC|RESOURCE_FEEDBACK,"[执行受限 {'B独发': '尸爆留下待裁定中断(死之传承)', 'A→B': '尸爆留下待裁定中断(死之传承)', 'B→A': '尸爆留下待裁定中断(死之传承)；眩晕发动失败(有待处理的中断等待DM裁定)；眩晕留下待裁定中断()'}] __cast__ / p_mana：基线=0；眩晕独发=-15；尸爆独发=-9；并施 A→B=-24；B→A=-9（可加预期=-24）",True,眩晕+尸爆@__cast__;眩晕+尸爆@dodge_then_round;眩晕+尸爆@enemy_phase,UNVERIFIED
眩晕,缄默,1,17,0,,"同通道线性叠加：e_hp,p_mana,p_pow",False,眩晕+缄默@none,HIGH
眩晕,瓦解,1,17,0,,"同通道线性叠加：e_hp,p_mana,p_pow",False,眩晕+瓦解@none,HIGH
眩晕,冥气,1,17,0,,"同通道线性叠加：e_hp,p_mana,p_pow",False,眩晕+冥气@none,HIGH
眩晕,勾魂,1,17,0,,"同通道线性叠加：e_hp,p_mana,p_pow",False,眩晕+勾魂@none,HIGH
眩晕,镇尸,1,17,0,,"同通道线性叠加：e_hp,p_mana,p_pow",False,眩晕+镇尸@none,HIGH
眩晕,招魂,1,17,0,,"同通道线性叠加：e_hp,p_mana,p_pow",False,眩晕+招魂@none,HIGH
洞察,蒙蔽,2,17,1,OUTPUT_ARITHMETIC,player_attacks / e_hp：基线=-550；洞察独发=-220；蒙蔽独发=-490；并施 A→B=-196；B→A=-196（可加预期=390）,False,洞察+蒙蔽@hurt_then_attack;洞察+蒙蔽@player_attacks,HIGH
洞察,滋养,2,17,1,OUTPUT_ARITHMETIC,player_attacks / e_hp：基线=-550；洞察独发=-220；滋养独发=-490；并施 A→B=-196；B→A=-196（可加预期=390）,False,洞察+滋养@hurt_then_attack;洞察+滋养@player_attacks,HIGH
洞察,衰败,2,17,1,OUTPUT_ARITHMETIC,player_attacks / e_hp：基线=-550；洞察独发=-220；衰败独发=-430；并施 A→B=-172；B→A=-172（可加预期=450）,False,洞察+衰败@dodge_then_round;洞察+衰败@hurt_then_attack;洞察+衰败@player_attacks,HIGH
洞察,寄生,2,17,1,OUTPUT_ARITHMETIC,player_attacks / e_hp：基线=-550；洞察独发=-220；寄生独发=-460；并施 A→B=-184；B→A=-184（可加预期=420）,False,洞察+寄生@hurt_then_attack;洞察+寄生@player_attacks,HIGH
洞察,滑翔,2,17,1,OUTPUT_ARITHMETIC,enemy_phase_dodge / p_atk：基线=-3；洞察独发=0；滑翔独发=0；并施 A→B=0；B→A=0（可加预期=6）,False,洞察+滑翔@dodge_then_round;洞察+滑翔@enemy_phase_dodge;洞察+滑翔@hurt_then_attack,HIGH
洞察,坠落,2,17,1,OUTPUT_ARITHMETIC,player_attacks / e_hp：基线=-550；洞察独发=-220；坠落独发=-520；并施 A→B=-208；B→A=-208（可加预期=360）,False,洞察+坠落@hurt_then_attack;洞察+坠落@player_attacks,HIGH
洞察,变形,2,17,1,OUTPUT_ARITHMETIC|RESOURCE_FEEDBACK,player_attacks / e_hp：基线=-550；洞察独发=-220；变形独发=-520；并施 A→B=-208；B→A=-208（可加预期=360）,False,洞察+变形@dodge_then_round;洞察+变形@hurt_then_attack;洞察+变形@player_attacks,HIGH
洞察,定型,2,17,1,OUTPUT_ARITHMETIC,player_attacks / e_hp：基线=-550；洞察独发=-220；定型独发=-490；并施 A→B=-196；B→A=-196（可加预期=390）,False,洞察+定型@dodge_then_round;洞察+定型@hurt_then_attack;洞察+定型@player_attacks,HIGH
洞察,畸变,2,17,1,OUTPUT_ARITHMETIC,dodge_then_round / e_bl：基线=0；洞察独发=0；畸变独发=-60；并施 A→B=0；B→A=0（可加预期=-60）,False,洞察+畸变@dodge_then_round,HIGH
洞察,搏命,2,17,0,CAST_EXECUTION|ORDER_SENSITIVE|OUTPUT_ARITHMETIC|RESOURCE_FEEDBACK,"[执行受限 {'A→B': '搏命发动失败(甲无法完整承担疲惫3（可支付2）)', 'B→A': '洞察发动失败(甲无法完整承担疲惫3（可支付2）)'}] __cast__ / p_atk：基线=0；洞察独发=-3；搏命独发=-3；并施 A→B=-3；B→A=-3（可加预期=-6）",True,洞察+搏命@__cast__;洞察+搏命@dodge_then_round;洞察+搏命@enemy_phase_dodge,UNVERIFIED
洞察,超频,2,17,1,CAST_EXECUTION|EVENT_CONVERSION|ORDER_SENSITIVE|OUTPUT_ARITHMETIC|RESOURCE_FEEDBACK,__cast__ / p_atk：基线=0；洞察独发=-3；超频独发=0；并施 A→B=0；B→A=-3（可加预期=-3）,True,洞察+超频@__cast__;洞察+超频@dodge_then_round;洞察+超频@enemy_phase_dodge,HIGH
洞察,坏死,2,17,1,OUTPUT_ARITHMETIC,player_attacks / e_hp：基线=-550；洞察独发=-220；坏死独发=-490；并施 A→B=-196；B→A=-196（可加预期=390）,False,洞察+坏死@dodge_then_round;洞察+坏死@hurt_then_attack;洞察+坏死@player_attacks,HIGH
洞察,爆裂,2,17,1,OUTPUT_ARITHMETIC,player_attacks / e_hp：基线=-550；洞察独发=-220；爆裂独发=-490；并施 A→B=-196；B→A=-196（可加预期=390）,False,洞察+爆裂@dodge_then_round;洞察+爆裂@hurt_then_attack;洞察+爆裂@player_attacks,HIGH
洞察,退化,2,17,1,OUTPUT_ARITHMETIC,player_attacks / e_hp：基线=-550；洞察独发=-220；退化独发=-490；并施 A→B=-196；B→A=-196（可加预期=390）,False,洞察+退化@hurt_then_attack;洞察+退化@player_attacks,HIGH
洞察,加害,2,17,1,OUTPUT_ARITHMETIC,player_attacks / e_hp：基线=-550；洞察独发=-220；加害独发=-520；并施 A→B=-208；B→A=-208（可加预期=360）,False,洞察+加害@hurt_then_attack;洞察+加害@player_attacks,HIGH
洞察,失忆,2,17,1,OUTPUT_ARITHMETIC,player_attacks / e_hp：基线=-550；洞察独发=-220；失忆独发=-310；并施 A→B=-124；B→A=-124（可加预期=570）,False,洞察+失忆@hurt_then_attack;洞察+失忆@player_attacks,HIGH
洞察,逼债,2,17,1,OUTPUT_ARITHMETIC,player_attacks / e_hp：基线=-550；洞察独发=-220；逼债独发=-520；并施 A→B=-208；B→A=-208（可加预期=360）,False,洞察+逼债@hurt_then_attack;洞察+逼债@player_attacks,HIGH
洞察,豪夺,2,17,1,OUTPUT_ARITHMETIC,dodge_then_round / stRe:豪夺：基线=0；洞察独发=0；豪夺独发=-1；并施 A→B=0；B→A=0（可加预期=-1）,False,洞察+豪夺@dodge_then_round,HIGH
洞察,清算,2,17,1,OUTPUT_ARITHMETIC,player_attacks / e_hp：基线=-550；洞察独发=-220；清算独发=-490；并施 A→B=-196；B→A=-196（可加预期=390）,False,洞察+清算@dodge_then_round;洞察+清算@hurt_then_attack;洞察+清算@player_attacks,HIGH
洞察,赎金,2,17,1,OUTPUT_ARITHMETIC,player_attacks / e_hp：基线=-550；洞察独发=-220；赎金独发=-460；并施 A→B=-184；B→A=-184（可加预期=420）,False,洞察+赎金@hurt_then_attack;洞察+赎金@player_attacks;洞察+赎金@player_attacks_dodged,HIGH
洞察,假钞,2,17,1,OUTPUT_ARITHMETIC,player_attacks / e_hp：基线=-550；洞察独发=-220；假钞独发=-520；并施 A→B=-208；B→A=-208（可加预期=360）,False,洞察+假钞@hurt_then_attack;洞察+假钞@player_attacks,HIGH
洞察,赌命,2,17,1,OUTPUT_ARITHMETIC,rounds / st-p:洞察：基线=0；洞察独发=-3；赌命独发=0；并施 A→B=0；B→A=0（可加预期=-3）,False,洞察+赌命@dodge_then_round;洞察+赌命@rounds,HIGH
洞察,消灾,0,17,0,,所有探针/通道上均无可加偏离（各自独立）,False,洞察+消灾@none,MEDIUM
洞察,龙鳞,2,17,1,OUTPUT_ARITHMETIC,player_attacks / e_hp：基线=-550；洞察独发=-220；龙鳞独发=-490；并施 A→B=-196；B→A=-196（可加预期=390）,False,洞察+龙鳞@hurt_then_attack;洞察+龙鳞@player_attacks,HIGH
洞察,逆鳞,2,17,1,OUTPUT_ARITHMETIC,dodge_then_round / stRp:逆鳞：基线=0；洞察独发=0；逆鳞独发=-1；并施 A→B=0；B→A=0（可加预期=-1）,False,洞察+逆鳞@dodge_then_round,HIGH
洞察,活血,2,17,1,OUTPUT_ARITHMETIC,player_attacks / e_hp：基线=-550；洞察独发=-220；活血独发=-520；并施 A→B=-208；B→A=-208（可加预期=360）,False,洞察+活血@dodge_then_round;洞察+活血@hurt_then_attack;洞察+活血@player_attacks,HIGH
洞察,裂变,2,17,1,OUTPUT_ARITHMETIC,player_attacks / e_hp：基线=-550；洞察独发=-220；裂变独发=-490；并施 A→B=-196；B→A=-196（可加预期=390）,False,洞察+裂变@hurt_then_attack;洞察+裂变@player_attacks,HIGH
洞察,嫁祸,2,17,1,OUTPUT_ARITHMETIC,player_attacks / e_hp：基线=-550；洞察独发=-220；嫁祸独发=-430；并施 A→B=-172；B→A=-172（可加预期=450）,False,洞察+嫁祸@dodge_then_round;洞察+嫁祸@hurt_then_attack;洞察+嫁祸@player_attacks,HIGH
洞察,背负,2,17,1,OUTPUT_ARITHMETIC,player_attacks / e_hp：基线=-550；洞察独发=-220；背负独发=-490；并施 A→B=-196；B→A=-196（可加预期=390）,False,洞察+背负@hurt_then_attack;洞察+背负@player_attacks,HIGH
洞察,伤痕,2,17,1,OUTPUT_ARITHMETIC,player_attacks / e_bl：基线=0；洞察独发=0；伤痕独发=-30；并施 A→B=-12；B→A=-12（可加预期=-30）,False,洞察+伤痕@hurt_then_attack;洞察+伤痕@player_attacks,HIGH
洞察,分裂,0,17,0,,所有探针/通道上均无可加偏离（各自独立）,False,洞察+分裂@none,MEDIUM
洞察,尸爆,2,17,0,CAST_EXECUTION|ORDER_SENSITIVE|OUTPUT_ARITHMETIC,"[执行受限 {'B独发': '尸爆留下待裁定中断(死之传承)', 'A→B': '尸爆留下待裁定中断(死之传承)', 'B→A': '尸爆留下待裁定中断(死之传承)；洞察发动失败(有待处理的中断等待DM裁定)；洞察留下待裁定中断()'}] __cast__ / p_atk：基线=0；洞察独发=-3；尸爆独发=0；并施 A→B=-3；B→A=0（可加预期=-3）",True,洞察+尸爆@__cast__;洞察+尸爆@dodge_then_round;洞察+尸爆@enemy_phase_dodge,UNVERIFIED
洞察,缄默,2,17,1,OUTPUT_ARITHMETIC,player_attacks / e_hp：基线=-550；洞察独发=-220；缄默独发=-520；并施 A→B=-208；B→A=-208（可加预期=360）,False,洞察+缄默@dodge_then_round;洞察+缄默@hurt_then_attack;洞察+缄默@player_attacks,HIGH
洞察,瓦解,2,17,1,OUTPUT_ARITHMETIC,player_attacks / e_hp：基线=-550；洞察独发=-220；瓦解独发=-460；并施 A→B=-184；B→A=-184（可加预期=420）,False,洞察+瓦解@hurt_then_attack;洞察+瓦解@player_attacks,HIGH
洞察,冥气,2,17,1,OUTPUT_ARITHMETIC,player_attacks / e_hp：基线=-550；洞察独发=-220；冥气独发=-490；并施 A→B=-196；B→A=-196（可加预期=390）,False,洞察+冥气@dodge_then_round;洞察+冥气@hurt_then_attack;洞察+冥气@player_attacks,HIGH
洞察,勾魂,2,17,1,OUTPUT_ARITHMETIC,player_attacks / e_hp：基线=-550；洞察独发=-220；勾魂独发=-520；并施 A→B=-208；B→A=-208（可加预期=360）,False,洞察+勾魂@dodge_then_round;洞察+勾魂@hurt_then_attack;洞察+勾魂@player_attacks,HIGH
洞察,镇尸,2,17,1,OUTPUT_ARITHMETIC,player_attacks / e_hp：基线=-550；洞察独发=-220；镇尸独发=-490；并施 A→B=-196；B→A=-196（可加预期=390）,False,洞察+镇尸@dodge_then_round;洞察+镇尸@hurt_then_attack;洞察+镇尸@player_attacks,HIGH
洞察,招魂,2,17,1,OUTPUT_ARITHMETIC,player_attacks / e_hp：基线=-550；洞察独发=-220；招魂独发=-460；并施 A→B=-184；B→A=-184（可加预期=420）,False,洞察+招魂@hurt_then_attack;洞察+招魂@player_attacks,HIGH
蒙蔽,滋养,1,17,0,,"同通道线性叠加：e_hp,p_mana,p_pow",False,蒙蔽+滋养@none,HIGH
蒙蔽,衰败,1,17,0,,"同通道线性叠加：e_hp,p_mana,p_pow",False,蒙蔽+衰败@none,HIGH
蒙蔽,寄生,2,17,1,OUTPUT_ARITHMETIC,hurt_then_attack / p_hp：基线=-50；蒙蔽独发=-50；寄生独发=90；并施 A→B=70；B→A=70（可加预期=140）,False,蒙蔽+寄生@hurt_then_attack,HIGH
蒙蔽,滑翔,2,17,1,OUTPUT_ARITHMETIC,enemy_phase / p_hp：基线=-60；蒙蔽独发=0；滑翔独发=0；并施 A→B=0；B→A=0（可加预期=120）,False,蒙蔽+滑翔@enemy_phase;蒙蔽+滑翔@rounds,HIGH
蒙蔽,坠落,1,17,0,,"同通道线性叠加：e_hp,p_mana,p_pow",False,蒙蔽+坠落@none,HIGH
蒙蔽,变形,2,17,1,OUTPUT_ARITHMETIC,enemy_phase / p_hp：基线=-60；蒙蔽独发=0；变形独发=-9；并施 A→B=0；B→A=0（可加预期=111）,False,蒙蔽+变形@enemy_phase;蒙蔽+变形@rounds,HIGH
蒙蔽,定型,1,17,0,,"同通道线性叠加：e_hp,p_mana,p_pow",False,蒙蔽+定型@none,HIGH
蒙蔽,畸变,0,17,0,,所有探针/通道上均无可加偏离（各自独立）,False,蒙蔽+畸变@none,MEDIUM
蒙蔽,搏命,2,17,1,OUTPUT_ARITHMETIC,player_attacks / e_hp：基线=-550；蒙蔽独发=-490；搏命独发=-232；并施 A→B=-208；B→A=-208（可加预期=378）,False,蒙蔽+搏命@hurt_then_attack;蒙蔽+搏命@player_attacks,HIGH
蒙蔽,超频,1,17,0,,"同通道线性叠加：e_hp,p_mana,p_pow",False,蒙蔽+超频@none,HIGH
蒙蔽,坏死,1,17,0,,"同通道线性叠加：e_hp,p_mana,p_pow",False,蒙蔽+坏死@none,HIGH
蒙蔽,爆裂,2,17,1,OUTPUT_ARITHMETIC,enemy_phase / e_hp：基线=0；蒙蔽独发=0；爆裂独发=-60；并施 A→B=0；B→A=0（可加预期=-60）,False,蒙蔽+爆裂@enemy_phase;蒙蔽+爆裂@rounds,HIGH
蒙蔽,退化,1,17,0,,"同通道线性叠加：e_hp,p_mana,p_pow",False,蒙蔽+退化@none,HIGH
蒙蔽,加害,1,17,0,,"同通道线性叠加：e_hp,p_mana,p_pow",False,蒙蔽+加害@none,HIGH
蒙蔽,失忆,1,17,0,,"同通道线性叠加：e_hp,p_mana,p_pow",False,蒙蔽+失忆@none,HIGH
蒙蔽,逼债,1,17,0,,"同通道线性叠加：e_hp,p_mana,p_pow",False,蒙蔽+逼债@none,HIGH
蒙蔽,豪夺,0,17,0,,所有探针/通道上均无可加偏离（各自独立）,False,蒙蔽+豪夺@none,MEDIUM
蒙蔽,清算,1,17,0,,"同通道线性叠加：e_hp,p_mana,p_pow",False,蒙蔽+清算@none,HIGH
蒙蔽,赎金,1,17,0,,"同通道线性叠加：e_hp,p_mana,p_pow",False,蒙蔽+赎金@none,HIGH
蒙蔽,假钞,1,17,0,,"同通道线性叠加：e_hp,p_mana,p_pow",False,蒙蔽+假钞@none,HIGH
蒙蔽,赌命,2,17,1,EVENT_CONVERSION|OUTPUT_ARITHMETIC,rounds / p_died：基线=0；蒙蔽独发=0；赌命独发=1；并施 A→B=0；B→A=0（可加预期=1）,False,蒙蔽+赌命@rounds,HIGH
蒙蔽,消灾,0,17,0,,所有探针/通道上均无可加偏离（各自独立）,False,蒙蔽+消灾@none,MEDIUM
蒙蔽,龙鳞,2,17,1,OUTPUT_ARITHMETIC,enemy_phase / p_hp：基线=-60；蒙蔽独发=0；龙鳞独发=-51；并施 A→B=0；B→A=0（可加预期=69）,False,蒙蔽+龙鳞@enemy_phase;蒙蔽+龙鳞@rounds,HIGH
蒙蔽,逆鳞,1,17,0,,同通道线性叠加：e_hp,False,蒙蔽+逆鳞@none,HIGH
蒙蔽,活血,2,17,1,OUTPUT_ARITHMETIC,rounds / p_hp：基线=-180；蒙蔽独发=-120；活血独发=-120；并施 A→B=-90；B→A=-90（可加预期=120）,False,蒙蔽+活血@rounds,HIGH
蒙蔽,裂变,2,17,1,OUTPUT_ARITHMETIC,enemy_phase / p_hp：基线=-60；蒙蔽独发=0；裂变独发=-63；并施 A→B=0；B→A=0（可加预期=57）,False,蒙蔽+裂变@enemy_phase;蒙蔽+裂变@rounds,HIGH
蒙蔽,嫁祸,2,17,1,OUTPUT_ARITHMETIC,enemy_phase / e_hp：基线=0；蒙蔽独发=0；嫁祸独发=-60；并施 A→B=0；B→A=0（可加预期=-60）,False,蒙蔽+嫁祸@enemy_phase,HIGH
蒙蔽,背负,1,17,0,,"同通道线性叠加：e_hp,p_mana,p_pow",False,蒙蔽+背负@none,HIGH
蒙蔽,伤痕,1,17,0,,"同通道线性叠加：e_hp,p_mana,p_pow",False,蒙蔽+伤痕@none,HIGH
蒙蔽,分裂,0,17,0,,所有探针/通道上均无可加偏离（各自独立）,False,蒙蔽+分裂@none,MEDIUM
蒙蔽,尸爆,2,17,0,CAST_EXECUTION|ORDER_SENSITIVE|OUTPUT_ARITHMETIC|RESOURCE_FEEDBACK,"[执行受限 {'B独发': '尸爆留下待裁定中断(死之传承)', 'A→B': '尸爆留下待裁定中断(死之传承)', 'B→A': '尸爆留下待裁定中断(死之传承)；蒙蔽发动失败(有待处理的中断等待DM裁定)；蒙蔽留下待裁定中断()'}] __cast__ / p_mana：基线=0；蒙蔽独发=-6；尸爆独发=-9；并施 A→B=-15；B→A=-9（可加预期=-15）",True,蒙蔽+尸爆@__cast__;蒙蔽+尸爆@enemy_phase;蒙蔽+尸爆@hurt_then_attack,UNVERIFIED
蒙蔽,缄默,1,17,0,,"同通道线性叠加：e_hp,p_mana,p_pow",False,蒙蔽+缄默@none,HIGH
蒙蔽,瓦解,1,17,0,,"同通道线性叠加：e_hp,p_mana,p_pow",False,蒙蔽+瓦解@none,HIGH
蒙蔽,冥气,1,17,0,,"同通道线性叠加：e_hp,p_mana,p_pow",False,蒙蔽+冥气@none,HIGH
蒙蔽,勾魂,1,17,0,,"同通道线性叠加：e_hp,p_mana,p_pow",False,蒙蔽+勾魂@none,HIGH
蒙蔽,镇尸,1,17,0,,"同通道线性叠加：e_hp,p_mana,p_pow",False,蒙蔽+镇尸@none,HIGH
蒙蔽,招魂,1,17,0,,"同通道线性叠加：e_hp,p_mana,p_pow",False,蒙蔽+招魂@none,HIGH
滋养,衰败,1,17,0,,"同通道线性叠加：e_hp,p_mana,p_pow",False,滋养+衰败@none,HIGH
滋养,寄生,2,17,1,OUTPUT_ARITHMETIC,kill_enemy / p_hp：基线=0；滋养独发=0；寄生独发=-200；并施 A→B=-320；B→A=-320（可加预期=-200）,False,滋养+寄生@hurt_then_attack;滋养+寄生@kill_enemy;滋养+寄生@player_attacks,HIGH
滋养,滑翔,1,17,0,,"同通道线性叠加：e_hp,p_mana,p_pow",False,滋养+滑翔@none,HIGH
滋养,坠落,1,17,0,,"同通道线性叠加：e_hp,p_mana,p_pow",False,滋养+坠落@none,HIGH
滋养,变形,1,17,0,,"同通道线性叠加：e_hp,p_mana,p_pow",False,滋养+变形@none,HIGH
滋养,定型,1,17,0,,"同通道线性叠加：e_hp,p_mana,p_pow",False,滋养+定型@none,HIGH
滋养,畸变,0,17,0,,所有探针/通道上均无可加偏离（各自独立）,False,滋养+畸变@none,MEDIUM
滋养,搏命,2,17,1,OUTPUT_ARITHMETIC,player_attacks / e_hp：基线=-550；滋养独发=-490；搏命独发=-232；并施 A→B=-208；B→A=-208（可加预期=378）,False,滋养+搏命@hurt_then_attack;滋养+搏命@player_attacks,HIGH
滋养,超频,1,17,0,,"同通道线性叠加：e_hp,p_mana,p_pow",False,滋养+超频@none,HIGH
滋养,坏死,1,17,0,,"同通道线性叠加：e_hp,p_mana,p_pow",False,滋养+坏死@none,HIGH
滋养,爆裂,1,17,0,,"同通道线性叠加：e_hp,p_mana,p_pow",False,滋养+爆裂@none,HIGH
滋养,退化,1,17,0,,"同通道线性叠加：e_hp,p_mana,p_pow",False,滋养+退化@none,HIGH
滋养,加害,1,17,0,,"同通道线性叠加：e_hp,p_mana,p_pow",False,滋养+加害@none,HIGH
滋养,失忆,1,17,0,,"同通道线性叠加：e_hp,p_mana,p_pow",False,滋养+失忆@none,HIGH
滋养,逼债,1,17,0,,"同通道线性叠加：e_hp,p_mana,p_pow",False,滋养+逼债@none,HIGH
滋养,豪夺,0,17,0,,所有探针/通道上均无可加偏离（各自独立）,False,滋养+豪夺@none,MEDIUM
滋养,清算,1,17,0,,"同通道线性叠加：e_hp,p_mana,p_pow",False,滋养+清算@none,HIGH
滋养,赎金,1,17,0,,"同通道线性叠加：e_hp,p_mana,p_pow",False,滋养+赎金@none,HIGH
滋养,假钞,1,17,0,,"同通道线性叠加：e_hp,p_mana,p_pow",False,滋养+假钞@none,HIGH
滋养,赌命,2,17,1,EVENT_CONVERSION|OUTPUT_ARITHMETIC,rounds / p_died：基线=0；滋养独发=0；赌命独发=1；并施 A→B=0；B→A=0（可加预期=1）,False,滋养+赌命@dodge_then_round;滋养+赌命@rounds,HIGH
滋养,消灾,0,17,0,,所有探针/通道上均无可加偏离（各自独立）,False,滋养+消灾@none,MEDIUM
滋养,龙鳞,1,17,0,,"同通道线性叠加：e_hp,p_mana,p_pow",False,滋养+龙鳞@none,HIGH
滋养,逆鳞,1,17,0,,"同通道线性叠加：e_hp,p_hp",False,滋养+逆鳞@none,HIGH
滋养,活血,1,17,0,,"同通道线性叠加：e_hp,p_mana,p_pow",False,滋养+活血@none,HIGH
滋养,裂变,1,17,0,,"同通道线性叠加：e_hp,p_mana,p_pow",False,滋养+裂变@none,HIGH
滋养,嫁祸,1,17,0,,"同通道线性叠加：e_hp,p_mana,p_pow",False,滋养+嫁祸@none,HIGH
滋养,背负,1,17,0,,"同通道线性叠加：e_hp,p_mana,p_pow",False,滋养+背负@none,HIGH
滋养,伤痕,1,17,0,,"同通道线性叠加：e_hp,p_mana,p_pow",False,滋养+伤痕@none,HIGH
滋养,分裂,2,17,1,CAST_EXECUTION|ORDER_SENSITIVE|OUTPUT_ARITHMETIC,__cast__ / p_hp：基线=0；滋养独发=120；分裂独发=0；并施 A→B=120；B→A=111（可加预期=120）,True,滋养+分裂@__cast__;滋养+分裂@heal,HIGH
滋养,尸爆,2,17,0,CAST_EXECUTION|ORDER_SENSITIVE|OUTPUT_ARITHMETIC|RESOURCE_FEEDBACK,"[执行受限 {'B独发': '尸爆留下待裁定中断(死之传承)', 'A→B': '尸爆留下待裁定中断(死之传承)', 'B→A': '尸爆留下待裁定中断(死之传承)；滋养发动失败(有待处理的中断等待DM裁定)；滋养留下待裁定中断()'}] __cast__ / p_hp：基线=0；滋养独发=120；尸爆独发=0；并施 A→B=120；B→A=0（可加预期=120）",True,滋养+尸爆@__cast__;滋养+尸爆@hurt_then_attack;滋养+尸爆@player_attacks,UNVERIFIED
滋养,缄默,1,17,0,,"同通道线性叠加：e_hp,p_mana,p_pow",False,滋养+缄默@none,HIGH
滋养,瓦解,1,17,0,,"同通道线性叠加：e_hp,p_mana,p_pow",False,滋养+瓦解@none,HIGH
滋养,冥气,1,17,0,,"同通道线性叠加：e_hp,p_mana,p_pow",False,滋养+冥气@none,HIGH
滋养,勾魂,1,17,0,,"同通道线性叠加：e_hp,p_mana,p_pow",False,滋养+勾魂@none,HIGH
滋养,镇尸,1,17,0,,"同通道线性叠加：e_hp,p_mana,p_pow",False,滋养+镇尸@none,HIGH
滋养,招魂,1,17,0,,"同通道线性叠加：e_hp,p_mana,p_pow",False,滋养+招魂@none,HIGH
衰败,寄生,2,17,1,OUTPUT_ARITHMETIC,rounds / e_hp：基线=0；衰败独发=-1971；寄生独发=0；并施 A→B=-1530；B→A=-1530（可加预期=-1971）,False,衰败+寄生@dodge_then_round;衰败+寄生@hurt_then_attack;衰败+寄生@rounds,HIGH
衰败,滑翔,1,17,0,,"同通道线性叠加：e_hp,p_mana,p_pow",False,衰败+滑翔@none,HIGH
衰败,坠落,1,17,0,,"同通道线性叠加：e_hp,p_mana,p_pow",False,衰败+坠落@none,HIGH
衰败,变形,1,17,0,,"同通道线性叠加：e_hp,p_mana,p_pow",False,衰败+变形@none,HIGH
衰败,定型,1,17,0,,"同通道线性叠加：e_hp,p_mana,p_pow",False,衰败+定型@none,HIGH
衰败,畸变,2,17,1,OUTPUT_ARITHMETIC,rounds / e_hp：基线=0；衰败独发=-1971；畸变独发=-180；并施 A→B=-1992；B→A=-1992（可加预期=-2151）,False,衰败+畸变@dodge_then_round;衰败+畸变@rounds,HIGH
衰败,搏命,2,17,1,OUTPUT_ARITHMETIC,player_attacks / e_hp：基线=-550；衰败独发=-430；搏命独发=-232；并施 A→B=-184；B→A=-184（可加预期=438）,False,衰败+搏命@dodge_then_round;衰败+搏命@hurt_then_attack;衰败+搏命@player_attacks,HIGH
衰败,超频,1,17,0,,"同通道线性叠加：e_hp,p_mana,p_pow",False,衰败+超频@none,HIGH
衰败,坏死,1,17,0,,"同通道线性叠加：e_hp,p_mana,p_pow",False,衰败+坏死@none,HIGH
衰败,爆裂,2,17,1,OUTPUT_ARITHMETIC,rounds / e_hp：基线=0；衰败独发=-1971；爆裂独发=-180；并施 A→B=-2064；B→A=-2064（可加预期=-2151）,False,衰败+爆裂@rounds,HIGH
衰败,退化,1,17,0,,"同通道线性叠加：e_hp,p_mana,p_pow",False,衰败+退化@none,HIGH
衰败,加害,2,17,1,OUTPUT_ARITHMETIC,rounds / e_hp：基线=0；衰败独发=-1971；加害独发=0；并施 A→B=-1979；B→A=-1979（可加预期=-1971）,False,衰败+加害@dodge_then_round;衰败+加害@rounds,HIGH
衰败,失忆,1,17,0,,"同通道线性叠加：e_hp,p_mana,p_pow",False,衰败+失忆@none,HIGH
衰败,逼债,1,17,0,,"同通道线性叠加：e_hp,p_mana,p_pow",False,衰败+逼债@none,HIGH
衰败,豪夺,0,17,0,,所有探针/通道上均无可加偏离（各自独立）,False,衰败+豪夺@none,MEDIUM
衰败,清算,1,17,0,,"同通道线性叠加：e_hp,p_mana,p_pow",False,衰败+清算@none,HIGH
衰败,赎金,1,17,0,,"同通道线性叠加：e_hp,p_mana,p_pow",False,衰败+赎金@none,HIGH
衰败,假钞,1,17,0,,"同通道线性叠加：e_hp,p_mana,p_pow",False,衰败+假钞@none,HIGH
衰败,赌命,2,17,1,OUTPUT_ARITHMETIC,rounds / e_hp：基线=0；衰败独发=-1971；赌命独发=-900；并施 A→B=-1971；B→A=-1971（可加预期=-2871）,False,衰败+赌命@rounds,HIGH
衰败,消灾,0,17,0,,所有探针/通道上均无可加偏离（各自独立）,False,衰败+消灾@none,MEDIUM
衰败,龙鳞,1,17,0,,"同通道线性叠加：e_hp,p_mana,p_pow",False,衰败+龙鳞@none,HIGH
衰败,逆鳞,1,17,0,,同通道线性叠加：e_hp,False,衰败+逆鳞@none,HIGH
衰败,活血,1,17,0,,"同通道线性叠加：e_hp,p_mana,p_pow",False,衰败+活血@none,HIGH
衰败,裂变,1,17,0,,"同通道线性叠加：e_hp,p_mana,p_pow",False,衰败+裂变@none,HIGH
衰败,嫁祸,2,17,1,OUTPUT_ARITHMETIC,rounds / e_hp：基线=0；衰败独发=-1971；嫁祸独发=-60；并施 A→B=-1992；B→A=-1992（可加预期=-2031）,False,衰败+嫁祸@rounds,HIGH
衰败,背负,1,17,0,,"同通道线性叠加：e_hp,p_mana,p_pow",False,衰败+背负@none,HIGH
衰败,伤痕,2,17,1,OUTPUT_ARITHMETIC,rounds / e_bl：基线=0；衰败独发=0；伤痕独发=0；并施 A→B=-9；B→A=-9（可加预期=0）,False,衰败+伤痕@dodge_then_round;衰败+伤痕@rounds,HIGH
衰败,分裂,0,17,0,,所有探针/通道上均无可加偏离（各自独立）,False,衰败+分裂@none,MEDIUM
衰败,尸爆,2,17,0,CAST_EXECUTION|ORDER_SENSITIVE|OUTPUT_ARITHMETIC|RESOURCE_FEEDBACK,"[执行受限 {'B独发': '尸爆留下待裁定中断(死之传承)', 'A→B': '尸爆留下待裁定中断(死之传承)', 'B→A': '尸爆留下待裁定中断(死之传承)；衰败发动失败(有待处理的中断等待DM裁定)；衰败留下待裁定中断()'}] __cast__ / p_mana：基线=0；衰败独发=-12；尸爆独发=-9；并施 A→B=-21；B→A=-9（可加预期=-21）",True,衰败+尸爆@__cast__;衰败+尸爆@dodge_then_round;衰败+尸爆@hurt_then_attack,UNVERIFIED
衰败,缄默,1,17,0,,"同通道线性叠加：e_hp,p_mana,p_pow",False,衰败+缄默@none,HIGH
衰败,瓦解,2,17,1,OUTPUT_ARITHMETIC,rounds / e_hp：基线=0；衰败独发=-1971；瓦解独发=0；并施 A→B=-1380；B→A=-1380（可加预期=-1971）,False,衰败+瓦解@dodge_then_round;衰败+瓦解@rounds,HIGH
衰败,冥气,1,17,0,,"同通道线性叠加：e_hp,p_mana,p_pow",False,衰败+冥气@none,HIGH
衰败,勾魂,1,17,0,,"同通道线性叠加：e_hp,p_mana,p_pow",False,衰败+勾魂@none,HIGH
衰败,镇尸,1,17,0,,"同通道线性叠加：e_hp,p_mana,p_pow",False,衰败+镇尸@none,HIGH
衰败,招魂,1,17,0,,"同通道线性叠加：e_hp,p_mana,p_pow",False,衰败+招魂@none,HIGH
寄生,滑翔,2,17,1,OUTPUT_ARITHMETIC,hurt_then_attack / p_hp：基线=-50；寄生独发=90；滑翔独发=-50；并施 A→B=70；B→A=70（可加预期=140）,False,寄生+滑翔@hurt_then_attack,HIGH
寄生,坠落,2,17,1,OUTPUT_ARITHMETIC,hurt_then_attack / p_hp：基线=-50；寄生独发=90；坠落独发=-50；并施 A→B=80；B→A=80（可加预期=140）,False,寄生+坠落@hurt_then_attack,HIGH
寄生,变形,2,17,1,OUTPUT_ARITHMETIC,hurt_then_attack / p_hp：基线=-50；寄生独发=90；变形独发=-50；并施 A→B=80；B→A=80（可加预期=140）,False,寄生+变形@hurt_then_attack,HIGH
寄生,定型,2,17,1,OUTPUT_ARITHMETIC,hurt_then_attack / p_hp：基线=-50；寄生独发=90；定型独发=-50；并施 A→B=70；B→A=70（可加预期=140）,False,寄生+定型@hurt_then_attack,HIGH
寄生,畸变,0,17,0,,所有探针/通道上均无可加偏离（各自独立）,False,寄生+畸变@none,MEDIUM
寄生,搏命,2,17,1,OUTPUT_ARITHMETIC,player_attacks / e_hp：基线=-550；寄生独发=-460；搏命独发=-232；并施 A→B=-196；B→A=-196（可加预期=408）,False,寄生+搏命@hurt_then_attack;寄生+搏命@player_attacks,HIGH
寄生,超频,2,17,1,OUTPUT_ARITHMETIC,hurt_then_attack / p_hp：基线=-50；寄生独发=90；超频独发=-50；并施 A→B=70；B→A=70（可加预期=140）,False,寄生+超频@hurt_then_attack,HIGH
寄生,坏死,2,17,1,OUTPUT_ARITHMETIC,hurt_then_attack / p_hp：基线=-50；寄生独发=90；坏死独发=-50；并施 A→B=70；B→A=70（可加预期=140）,False,寄生+坏死@hurt_then_attack,HIGH
寄生,爆裂,2,17,1,OUTPUT_ARITHMETIC,hurt_then_attack / p_hp：基线=-50；寄生独发=90；爆裂独发=-50；并施 A→B=70；B→A=70（可加预期=140）,False,寄生+爆裂@hurt_then_attack,HIGH
寄生,退化,2,17,1,OUTPUT_ARITHMETIC,hurt_then_attack / p_hp：基线=-50；寄生独发=90；退化独发=-50；并施 A→B=70；B→A=70（可加预期=140）,False,寄生+退化@hurt_then_attack,HIGH
寄生,加害,2,17,1,OUTPUT_ARITHMETIC,outgoing_big / p_hp：基线=0；寄生独发=60；加害独发=0；并施 A→B=62；B→A=62（可加预期=60）,False,寄生+加害@hurt_then_attack;寄生+加害@outgoing_big;寄生+加害@outgoing_multi,HIGH
寄生,失忆,2,17,1,OUTPUT_ARITHMETIC,player_attacks / p_hp：基线=0；寄生独发=200；失忆独发=0；并施 A→B=140；B→A=140（可加预期=200）,False,寄生+失忆@hurt_then_attack;寄生+失忆@player_attacks,HIGH
寄生,逼债,2,17,1,OUTPUT_ARITHMETIC,hurt_then_attack / p_hp：基线=-50；寄生独发=90；逼债独发=-50；并施 A→B=80；B→A=80（可加预期=140）,False,寄生+逼债@hurt_then_attack,HIGH
寄生,豪夺,0,17,0,,所有探针/通道上均无可加偏离（各自独立）,False,寄生+豪夺@none,MEDIUM
寄生,清算,2,17,1,OUTPUT_ARITHMETIC,hurt_then_attack / p_hp：基线=-50；寄生独发=90；清算独发=-50；并施 A→B=70；B→A=70（可加预期=140）,False,寄生+清算@hurt_then_attack,HIGH
寄生,赎金,2,17,1,OUTPUT_ARITHMETIC,hurt_then_attack / p_hp：基线=-50；寄生独发=90；赎金独发=-50；并施 A→B=65；B→A=65（可加预期=140）,False,寄生+赎金@hurt_then_attack,HIGH
寄生,假钞,2,17,1,OUTPUT_ARITHMETIC,hurt_then_attack / p_hp：基线=-50；寄生独发=90；假钞独发=-50；并施 A→B=80；B→A=80（可加预期=140）,False,寄生+假钞@hurt_then_attack,HIGH
寄生,赌命,0,17,0,,所有探针/通道上均无可加偏离（各自独立）,False,寄生+赌命@none,MEDIUM
寄生,消灾,0,17,0,,所有探针/通道上均无可加偏离（各自独立）,False,寄生+消灾@none,MEDIUM
寄生,龙鳞,2,17,1,OUTPUT_ARITHMETIC,hurt_then_attack / p_hp：基线=-50；寄生独发=90；龙鳞独发=-47；并施 A→B=73；B→A=73（可加预期=143）,False,寄生+龙鳞@hurt_then_attack,HIGH
寄生,逆鳞,2,17,1,OUTPUT_ARITHMETIC,kill_enemy / p_hp：基线=0；寄生独发=-200；逆鳞独发=0；并施 A→B=-197；B→A=-197（可加预期=-200）,False,寄生+逆鳞@hurt_then_attack;寄生+逆鳞@kill_enemy;寄生+逆鳞@player_attacks,HIGH
寄生,活血,2,17,1,OUTPUT_ARITHMETIC,hurt_then_attack / p_hp：基线=-50；寄生独发=90；活血独发=-50；并施 A→B=80；B→A=80（可加预期=140）,False,寄生+活血@hurt_then_attack,HIGH
寄生,裂变,2,17,1,OUTPUT_ARITHMETIC,hurt_then_attack / p_hp：基线=-50；寄生独发=90；裂变独发=-50；并施 A→B=70；B→A=70（可加预期=140）,False,寄生+裂变@hurt_then_attack,HIGH
寄生,嫁祸,2,17,1,OUTPUT_ARITHMETIC,incoming_big / p_hp：基线=-100；寄生独发=-100；嫁祸独发=0；并施 A→B=60；B→A=60（可加预期=100）,False,寄生+嫁祸@enemy_phase;寄生+嫁祸@hurt_then_attack;寄生+嫁祸@incoming_big,HIGH
寄生,背负,2,17,1,OUTPUT_ARITHMETIC,hurt_then_attack / p_hp：基线=-50；寄生独发=90；背负独发=-50；并施 A→B=70；B→A=70（可加预期=140）,False,寄生+背负@hurt_then_attack,HIGH
寄生,伤痕,2,17,1,OUTPUT_ARITHMETIC,hurt_then_attack / p_hp：基线=-50；寄生独发=90；伤痕独发=-50；并施 A→B=70；B→A=70（可加预期=140）,False,寄生+伤痕@hurt_then_attack,HIGH
寄生,分裂,2,17,1,OUTPUT_ARITHMETIC,player_attacks / p_hp：基线=0；寄生独发=200；分裂独发=0；并施 A→B=170；B→A=170（可加预期=200）,False,寄生+分裂@player_attacks,HIGH
寄生,尸爆,2,17,0,CAST_EXECUTION|ORDER_SENSITIVE|OUTPUT_ARITHMETIC|RESOURCE_FEEDBACK,"[执行受限 {'B独发': '尸爆留下待裁定中断(死之传承)', 'A→B': '尸爆留下待裁定中断(死之传承)', 'B→A': '尸爆留下待裁定中断(死之传承)；寄生发动失败(有待处理的中断等待DM裁定)；寄生留下待裁定中断()'}] __cast__ / p_hp：基线=0；寄生独发=0；尸爆独发=0；并施 A→B=72；B→A=0（可加预期=0）",True,寄生+尸爆@__cast__;寄生+尸爆@hurt_then_attack;寄生+尸爆@kill_enemy,UNVERIFIED
寄生,缄默,2,17,1,OUTPUT_ARITHMETIC,hurt_then_attack / p_hp：基线=-50；寄生独发=90；缄默独发=-50；并施 A→B=80；B→A=80（可加预期=140）,False,寄生+缄默@hurt_then_attack,HIGH
寄生,瓦解,2,17,1,OUTPUT_ARITHMETIC,hurt_then_attack / p_hp：基线=-50；寄生独发=90；瓦解独发=-50；并施 A→B=65；B→A=65（可加预期=140）,False,寄生+瓦解@hurt_then_attack,HIGH
寄生,冥气,2,17,1,OUTPUT_ARITHMETIC,hurt_then_attack / p_hp：基线=-50；寄生独发=90；冥气独发=-50；并施 A→B=70；B→A=70（可加预期=140）,False,寄生+冥气@hurt_then_attack,HIGH
寄生,勾魂,2,17,1,OUTPUT_ARITHMETIC,hurt_then_attack / p_hp：基线=-50；寄生独发=90；勾魂独发=-50；并施 A→B=80；B→A=80（可加预期=140）,False,寄生+勾魂@hurt_then_attack,HIGH
寄生,镇尸,2,17,1,OUTPUT_ARITHMETIC,hurt_then_attack / p_hp：基线=-50；寄生独发=90；镇尸独发=-50；并施 A→B=70；B→A=70（可加预期=140）,False,寄生+镇尸@hurt_then_attack,HIGH
寄生,招魂,2,17,1,OUTPUT_ARITHMETIC,hurt_then_attack / p_hp：基线=-50；寄生独发=90；招魂独发=-50；并施 A→B=65；B→A=65（可加预期=140）,False,寄生+招魂@hurt_then_attack,HIGH
滑翔,坠落,2,17,1,CAST_EXECUTION|ORDER_SENSITIVE|OUTPUT_ARITHMETIC,__cast__ / st+p:坠落：基线=0；滑翔独发=0；坠落独发=0；并施 A→B=3；B→A=0（可加预期=0）,True,滑翔+坠落@__cast__;滑翔+坠落@dodge_then_round;滑翔+坠落@enemy_phase,HIGH
滑翔,变形,2,17,1,OUTPUT_ARITHMETIC,enemy_phase / p_hp：基线=-60；滑翔独发=0；变形独发=-9；并施 A→B=0；B→A=0（可加预期=111）,False,滑翔+变形@enemy_phase;滑翔+变形@rounds,HIGH
滑翔,定型,1,17,0,,"同通道线性叠加：e_hp,p_mana,p_pow",False,滑翔+定型@none,HIGH
滑翔,畸变,0,17,0,,所有探针/通道上均无可加偏离（各自独立）,False,滑翔+畸变@none,MEDIUM
滑翔,搏命,2,17,1,OUTPUT_ARITHMETIC,enemy_phase_dodge / p_atk：基线=-3；滑翔独发=0；搏命独发=0；并施 A→B=0；B→A=0（可加预期=6）,False,滑翔+搏命@dodge_then_round;滑翔+搏命@enemy_phase_dodge;滑翔+搏命@hurt_then_attack,HIGH
滑翔,超频,1,17,0,,"同通道线性叠加：e_hp,p_mana,p_pow",False,滑翔+超频@none,HIGH
滑翔,坏死,1,17,0,,"同通道线性叠加：e_hp,p_mana,p_pow",False,滑翔+坏死@none,HIGH
滑翔,爆裂,2,17,1,OUTPUT_ARITHMETIC,enemy_phase / e_hp：基线=0；滑翔独发=0；爆裂独发=-60；并施 A→B=0；B→A=0（可加预期=-60）,False,滑翔+爆裂@enemy_phase;滑翔+爆裂@rounds,HIGH
滑翔,退化,1,17,0,,"同通道线性叠加：e_hp,p_mana,p_pow",False,滑翔+退化@none,HIGH
滑翔,加害,1,17,0,,"同通道线性叠加：e_hp,p_mana,p_pow",False,滑翔+加害@none,HIGH
滑翔,失忆,1,17,0,,"同通道线性叠加：e_hp,p_mana,p_pow",False,滑翔+失忆@none,HIGH
滑翔,逼债,1,17,0,,"同通道线性叠加：e_hp,p_mana,p_pow",False,滑翔+逼债@none,HIGH
滑翔,豪夺,0,17,0,,所有探针/通道上均无可加偏离（各自独立）,False,滑翔+豪夺@none,MEDIUM
滑翔,清算,1,17,0,,"同通道线性叠加：e_hp,p_mana,p_pow",False,滑翔+清算@none,HIGH
滑翔,赎金,1,17,0,,"同通道线性叠加：e_hp,p_mana,p_pow",False,滑翔+赎金@none,HIGH
滑翔,假钞,1,17,0,,"同通道线性叠加：e_hp,p_mana,p_pow",False,滑翔+假钞@none,HIGH
滑翔,赌命,2,17,1,OUTPUT_ARITHMETIC,rounds / p_died：基线=0；滑翔独发=0；赌命独发=1；并施 A→B=0；B→A=0（可加预期=1）,False,滑翔+赌命@rounds,HIGH
滑翔,消灾,0,17,0,,所有探针/通道上均无可加偏离（各自独立）,False,滑翔+消灾@none,MEDIUM
滑翔,龙鳞,2,17,1,OUTPUT_ARITHMETIC,enemy_phase / p_hp：基线=-60；滑翔独发=0；龙鳞独发=-51；并施 A→B=0；B→A=0（可加预期=69）,False,滑翔+龙鳞@enemy_phase;滑翔+龙鳞@rounds,HIGH
滑翔,逆鳞,1,17,0,,同通道线性叠加：e_hp,False,滑翔+逆鳞@none,HIGH
滑翔,活血,2,17,1,OUTPUT_ARITHMETIC,rounds / p_hp：基线=-180；滑翔独发=0；活血独发=-120；并施 A→B=0；B→A=0（可加预期=240）,False,滑翔+活血@rounds,HIGH
滑翔,裂变,2,17,1,OUTPUT_ARITHMETIC,enemy_phase / p_hp：基线=-60；滑翔独发=0；裂变独发=-63；并施 A→B=0；B→A=0（可加预期=57）,False,滑翔+裂变@enemy_phase;滑翔+裂变@rounds,HIGH
滑翔,嫁祸,2,17,1,OUTPUT_ARITHMETIC,enemy_phase / e_hp：基线=0；滑翔独发=0；嫁祸独发=-60；并施 A→B=0；B→A=0（可加预期=-60）,False,滑翔+嫁祸@enemy_phase;滑翔+嫁祸@rounds,HIGH
滑翔,背负,1,17,0,,"同通道线性叠加：e_hp,p_mana,p_pow",False,滑翔+背负@none,HIGH
滑翔,伤痕,1,17,0,,"同通道线性叠加：e_hp,p_mana,p_pow",False,滑翔+伤痕@none,HIGH
滑翔,分裂,2,17,1,OUTPUT_ARITHMETIC,rounds / st-p:滑翔：基线=0；滑翔独发=-3；分裂独发=0；并施 A→B=0；B→A=0（可加预期=-3）,False,滑翔+分裂@dodge_then_round;滑翔+分裂@rounds,HIGH
滑翔,尸爆,2,17,0,CAST_EXECUTION|ORDER_SENSITIVE|OUTPUT_ARITHMETIC|RESOURCE_FEEDBACK,"[执行受限 {'B独发': '尸爆留下待裁定中断(死之传承)', 'A→B': '尸爆留下待裁定中断(死之传承)', 'B→A': '尸爆留下待裁定中断(死之传承)；滑翔发动失败(有待处理的中断等待DM裁定)；滑翔留下待裁定中断()'}] __cast__ / p_mana：基线=0；滑翔独发=-6；尸爆独发=-9；并施 A→B=-15；B→A=-9（可加预期=-15）",True,滑翔+尸爆@__cast__;滑翔+尸爆@dodge_then_round;滑翔+尸爆@enemy_phase,UNVERIFIED
滑翔,缄默,1,17,0,,"同通道线性叠加：e_hp,p_mana,p_pow",False,滑翔+缄默@none,HIGH
滑翔,瓦解,1,17,0,,"同通道线性叠加：e_hp,p_mana,p_pow",False,滑翔+瓦解@none,HIGH
滑翔,冥气,1,17,0,,"同通道线性叠加：e_hp,p_mana,p_pow",False,滑翔+冥气@none,HIGH
滑翔,勾魂,1,17,0,,"同通道线性叠加：e_hp,p_mana,p_pow",False,滑翔+勾魂@none,HIGH
滑翔,镇尸,1,17,0,,"同通道线性叠加：e_hp,p_mana,p_pow",False,滑翔+镇尸@none,HIGH
滑翔,招魂,1,17,0,,"同通道线性叠加：e_hp,p_mana,p_pow",False,滑翔+招魂@none,HIGH
坠落,变形,1,17,0,,"同通道线性叠加：e_hp,p_mana,p_pow",False,坠落+变形@none,HIGH
坠落,定型,1,17,0,,"同通道线性叠加：e_hp,p_mana,p_pow",False,坠落+定型@none,HIGH
坠落,畸变,0,17,0,,所有探针/通道上均无可加偏离（各自独立）,False,坠落+畸变@none,MEDIUM
坠落,搏命,2,17,1,OUTPUT_ARITHMETIC,player_attacks / e_hp：基线=-550；坠落独发=-520；搏命独发=-232；并施 A→B=-220；B→A=-220（可加预期=348）,False,坠落+搏命@hurt_then_attack;坠落+搏命@player_attacks,HIGH
坠落,超频,1,17,0,,"同通道线性叠加：e_hp,p_mana,p_pow",False,坠落+超频@none,HIGH
坠落,坏死,1,17,0,,"同通道线性叠加：e_hp,p_mana,p_pow",False,坠落+坏死@none,HIGH
坠落,爆裂,1,17,0,,"同通道线性叠加：e_hp,p_mana,p_pow",False,坠落+爆裂@none,HIGH
坠落,退化,1,17,0,,"同通道线性叠加：e_hp,p_mana,p_pow",False,坠落+退化@none,HIGH
坠落,加害,1,17,0,,"同通道线性叠加：e_hp,p_mana,p_pow",False,坠落+加害@none,HIGH
坠落,失忆,1,17,0,,"同通道线性叠加：e_hp,p_mana,p_pow",False,坠落+失忆@none,HIGH
坠落,逼债,1,17,0,,"同通道线性叠加：e_hp,p_mana,p_pow",False,坠落+逼债@none,HIGH
坠落,豪夺,0,17,0,,所有探针/通道上均无可加偏离（各自独立）,False,坠落+豪夺@none,MEDIUM
坠落,清算,1,17,0,,"同通道线性叠加：e_hp,p_mana,p_pow",False,坠落+清算@none,HIGH
坠落,赎金,1,17,0,,"同通道线性叠加：e_hp,p_mana,p_pow",False,坠落+赎金@none,HIGH
坠落,假钞,1,17,0,,"同通道线性叠加：e_hp,p_mana,p_pow",False,坠落+假钞@none,HIGH
坠落,赌命,0,17,0,,所有探针/通道上均无可加偏离（各自独立）,False,坠落+赌命@none,MEDIUM
坠落,消灾,0,17,0,,所有探针/通道上均无可加偏离（各自独立）,False,坠落+消灾@none,MEDIUM
坠落,龙鳞,1,17,0,,"同通道线性叠加：e_hp,p_mana,p_pow",False,坠落+龙鳞@none,HIGH
坠落,逆鳞,1,17,0,,同通道线性叠加：e_hp,False,坠落+逆鳞@none,HIGH
坠落,活血,1,17,0,,"同通道线性叠加：e_hp,p_mana,p_pow",False,坠落+活血@none,HIGH
坠落,裂变,1,17,0,,"同通道线性叠加：e_hp,p_mana,p_pow",False,坠落+裂变@none,HIGH
坠落,嫁祸,1,17,0,,"同通道线性叠加：e_hp,p_mana,p_pow",False,坠落+嫁祸@none,HIGH
坠落,背负,1,17,0,,"同通道线性叠加：e_hp,p_mana,p_pow",False,坠落+背负@none,HIGH
坠落,伤痕,1,17,0,,"同通道线性叠加：e_hp,p_mana,p_pow",False,坠落+伤痕@none,HIGH
坠落,分裂,0,17,0,,所有探针/通道上均无可加偏离（各自独立）,False,坠落+分裂@none,MEDIUM
坠落,尸爆,2,17,0,CAST_EXECUTION|ORDER_SENSITIVE|OUTPUT_ARITHMETIC|RESOURCE_FEEDBACK,"[执行受限 {'B独发': '尸爆留下待裁定中断(死之传承)', 'A→B': '尸爆留下待裁定中断(死之传承)', 'B→A': '尸爆留下待裁定中断(死之传承)；坠落发动失败(有待处理的中断等待DM裁定)；坠落留下待裁定中断()'}] __cast__ / p_mana：基线=0；坠落独发=-3；尸爆独发=-9；并施 A→B=-12；B→A=-9（可加预期=-12）",True,坠落+尸爆@__cast__;坠落+尸爆@hurt_then_attack;坠落+尸爆@player_attacks,UNVERIFIED
坠落,缄默,1,17,0,,"同通道线性叠加：e_hp,p_mana,p_pow",False,坠落+缄默@none,HIGH
坠落,瓦解,1,17,0,,"同通道线性叠加：e_hp,p_mana,p_pow",False,坠落+瓦解@none,HIGH
坠落,冥气,1,17,0,,"同通道线性叠加：e_hp,p_mana,p_pow",False,坠落+冥气@none,HIGH
坠落,勾魂,1,17,0,,"同通道线性叠加：e_hp,p_mana,p_pow",False,坠落+勾魂@none,HIGH
坠落,镇尸,1,17,0,,"同通道线性叠加：e_hp,p_mana,p_pow",False,坠落+镇尸@none,HIGH
坠落,招魂,1,17,0,,"同通道线性叠加：e_hp,p_mana,p_pow",False,坠落+招魂@none,HIGH
变形,定型,1,17,0,,"同通道线性叠加：e_hp,p_mana,p_pow",False,变形+定型@none,HIGH
变形,畸变,0,17,0,,所有探针/通道上均无可加偏离（各自独立）,False,变形+畸变@none,MEDIUM
变形,搏命,2,17,1,OUTPUT_ARITHMETIC|RESOURCE_FEEDBACK,player_attacks / e_hp：基线=-550；变形独发=-520；搏命独发=-232；并施 A→B=-220；B→A=-220（可加预期=348）,False,变形+搏命@dodge_then_round;变形+搏命@hurt_then_attack;变形+搏命@player_attacks,HIGH
变形,超频,1,17,0,,"同通道线性叠加：e_hp,p_mana,p_pow",False,变形+超频@none,HIGH
变形,坏死,1,17,0,,"同通道线性叠加：e_hp,p_mana,p_pow",False,变形+坏死@none,HIGH
变形,爆裂,2,17,1,OUTPUT_ARITHMETIC,enemy_phase / e_hp：基线=0；变形独发=0；爆裂独发=-60；并施 A→B=-9；B→A=-9（可加预期=-60）,False,变形+爆裂@enemy_phase;变形+爆裂@rounds,HIGH
变形,退化,1,17,0,,"同通道线性叠加：e_hp,p_mana,p_pow",False,变形+退化@none,HIGH
变形,加害,1,17,0,,"同通道线性叠加：e_hp,p_mana,p_pow",False,变形+加害@none,HIGH
变形,失忆,1,17,0,,"同通道线性叠加：e_hp,p_mana,p_pow",False,变形+失忆@none,HIGH
变形,逼债,1,17,0,,"同通道线性叠加：e_hp,p_mana,p_pow",False,变形+逼债@none,HIGH
变形,豪夺,2,17,1,OUTPUT_ARITHMETIC|RESOURCE_FEEDBACK,rounds / p_hp：基线=-180；变形独发=-129；豪夺独发=-180；并施 A→B=-27；B→A=-27（可加预期=51）,False,变形+豪夺@dodge_then_round;变形+豪夺@rounds,HIGH
变形,清算,1,17,0,,"同通道线性叠加：e_hp,p_mana,p_pow",False,变形+清算@none,HIGH
变形,赎金,2,17,1,CAST_EXECUTION|ORDER_SENSITIVE|OUTPUT_ARITHMETIC|RESOURCE_FEEDBACK,__cast__ / e_atk：基线=0；变形独发=0；赎金独发=-3；并施 A→B=-3；B→A=0（可加预期=-3）,True,变形+赎金@__cast__;变形+赎金@dodge_then_round;变形+赎金@enemy_phase,HIGH
变形,假钞,1,17,0,,"同通道线性叠加：e_hp,p_mana,p_pow",False,变形+假钞@none,HIGH
变形,赌命,2,17,1,EVENT_MULTIPLICATION|OUTPUT_ARITHMETIC,rounds / p_died：基线=0；变形独发=0；赌命独发=1；并施 A→B=0；B→A=0（可加预期=1）,False,变形+赌命@rounds,HIGH
变形,消灾,0,17,0,,所有探针/通道上均无可加偏离（各自独立）,False,变形+消灾@none,MEDIUM
变形,龙鳞,1,17,0,,"同通道线性叠加：e_hp,p_hp,p_mana,p_pow",False,变形+龙鳞@none,HIGH
变形,逆鳞,1,17,0,,同通道线性叠加：e_hp,False,变形+逆鳞@none,HIGH
变形,活血,2,17,1,OUTPUT_ARITHMETIC,rounds / p_hp：基线=-180；变形独发=-129；活血独发=-120；并施 A→B=-95；B→A=-95（可加预期=111）,False,变形+活血@rounds,HIGH
变形,裂变,2,17,1,OUTPUT_ARITHMETIC,enemy_phase / p_hp：基线=-60；变形独发=-9；裂变独发=-63；并施 A→B=-9；B→A=-9（可加预期=48）,False,变形+裂变@enemy_phase;变形+裂变@rounds,HIGH
变形,嫁祸,2,17,1,OUTPUT_ARITHMETIC,enemy_phase / e_hp：基线=0；变形独发=0；嫁祸独发=-60；并施 A→B=-9；B→A=-9（可加预期=-60）,False,变形+嫁祸@enemy_phase;变形+嫁祸@rounds,HIGH
变形,背负,1,17,0,,"同通道线性叠加：e_hp,p_mana,p_pow",False,变形+背负@none,HIGH
变形,伤痕,1,17,0,,"同通道线性叠加：e_hp,p_mana,p_pow",False,变形+伤痕@none,HIGH
变形,分裂,0,17,0,,所有探针/通道上均无可加偏离（各自独立）,False,变形+分裂@none,MEDIUM
变形,尸爆,2,17,0,CAST_EXECUTION|ORDER_SENSITIVE|OUTPUT_ARITHMETIC|RESOURCE_FEEDBACK,"[执行受限 {'B独发': '尸爆留下待裁定中断(死之传承)', 'A→B': '尸爆留下待裁定中断(死之传承)', 'B→A': '尸爆留下待裁定中断(死之传承)；变形发动失败(有待处理的中断等待DM裁定)；变形留下待裁定中断()'}] __cast__ / e_mana：基线=0；变形独发=-17；尸爆独发=0；并施 A→B=-17；B→A=0（可加预期=-17）",True,变形+尸爆@__cast__;变形+尸爆@dodge_then_round;变形+尸爆@enemy_phase,UNVERIFIED
变形,缄默,1,17,0,,"同通道线性叠加：e_hp,p_mana,p_pow",False,变形+缄默@none,HIGH
变形,瓦解,1,17,0,,"同通道线性叠加：e_hp,p_mana,p_pow",False,变形+瓦解@none,HIGH
变形,冥气,1,17,0,,"同通道线性叠加：e_hp,p_mana,p_pow",False,变形+冥气@none,HIGH
变形,勾魂,1,17,0,,"同通道线性叠加：e_hp,p_mana,p_pow",False,变形+勾魂@none,HIGH
变形,镇尸,1,17,0,,"同通道线性叠加：e_hp,p_mana,p_pow",False,变形+镇尸@none,HIGH
变形,招魂,1,17,0,,"同通道线性叠加：e_hp,p_mana,p_pow",False,变形+招魂@none,HIGH
定型,畸变,0,17,0,,所有探针/通道上均无可加偏离（各自独立）,False,定型+畸变@none,MEDIUM
定型,搏命,2,17,1,OUTPUT_ARITHMETIC,player_attacks / e_hp：基线=-550；定型独发=-490；搏命独发=-232；并施 A→B=-208；B→A=-208（可加预期=378）,False,定型+搏命@dodge_then_round;定型+搏命@hurt_then_attack;定型+搏命@player_attacks,HIGH
定型,超频,1,17,0,,"同通道线性叠加：e_hp,p_mana,p_pow",False,定型+超频@none,HIGH
定型,坏死,1,17,0,,"同通道线性叠加：e_hp,p_mana,p_pow",False,定型+坏死@none,HIGH
定型,爆裂,1,17,0,,"同通道线性叠加：e_hp,p_mana,p_pow",False,定型+爆裂@none,HIGH
定型,退化,1,17,0,,"同通道线性叠加：e_hp,p_mana,p_pow",False,定型+退化@none,HIGH
定型,加害,1,17,0,,"同通道线性叠加：e_hp,p_mana,p_pow",False,定型+加害@none,HIGH
定型,失忆,1,17,0,,"同通道线性叠加：e_hp,p_mana,p_pow",False,定型+失忆@none,HIGH
定型,逼债,1,17,0,,"同通道线性叠加：e_hp,p_mana,p_pow",False,定型+逼债@none,HIGH
定型,豪夺,0,17,0,,所有探针/通道上均无可加偏离（各自独立）,False,定型+豪夺@none,MEDIUM
定型,清算,1,17,0,,"同通道线性叠加：e_hp,p_mana,p_pow",False,定型+清算@none,HIGH
定型,赎金,1,17,0,,"同通道线性叠加：e_hp,p_mana,p_pow",False,定型+赎金@none,HIGH
定型,假钞,1,17,0,,"同通道线性叠加：e_hp,p_mana,p_pow",False,定型+假钞@none,HIGH
定型,赌命,2,17,1,OUTPUT_ARITHMETIC,rounds / st-p:定型：基线=0；定型独发=-3；赌命独发=0；并施 A→B=0；B→A=0（可加预期=-3）,False,定型+赌命@rounds,HIGH
定型,消灾,0,17,0,,所有探针/通道上均无可加偏离（各自独立）,False,定型+消灾@none,MEDIUM
定型,龙鳞,1,17,0,,"同通道线性叠加：e_hp,p_mana,p_pow",False,定型+龙鳞@none,HIGH
定型,逆鳞,1,17,0,,同通道线性叠加：e_hp,False,定型+逆鳞@none,HIGH
定型,活血,1,17,0,,"同通道线性叠加：e_hp,p_mana,p_pow",False,定型+活血@none,HIGH
定型,裂变,1,17,0,,"同通道线性叠加：e_hp,p_mana,p_pow",False,定型+裂变@none,HIGH
定型,嫁祸,1,17,0,,"同通道线性叠加：e_hp,p_mana,p_pow",False,定型+嫁祸@none,HIGH
定型,背负,1,17,0,,"同通道线性叠加：e_hp,p_mana,p_pow",False,定型+背负@none,HIGH
定型,伤痕,1,17,0,,"同通道线性叠加：e_hp,p_mana,p_pow",False,定型+伤痕@none,HIGH
定型,分裂,0,17,0,,所有探针/通道上均无可加偏离（各自独立）,False,定型+分裂@none,MEDIUM
定型,尸爆,2,17,0,CAST_EXECUTION|ORDER_SENSITIVE|OUTPUT_ARITHMETIC|RESOURCE_FEEDBACK,"[执行受限 {'B独发': '尸爆留下待裁定中断(死之传承)', 'A→B': '尸爆留下待裁定中断(死之传承)', 'B→A': '尸爆留下待裁定中断(死之传承)；定型发动失败(有待处理的中断等待DM裁定)；定型留下待裁定中断()'}] __cast__ / p_mana：基线=0；定型独发=-6；尸爆独发=-9；并施 A→B=-15；B→A=-9（可加预期=-15）",True,定型+尸爆@__cast__;定型+尸爆@dodge_then_round;定型+尸爆@hurt_then_attack,UNVERIFIED
定型,缄默,1,17,0,,"同通道线性叠加：e_hp,p_mana,p_pow",False,定型+缄默@none,HIGH
定型,瓦解,1,17,0,,"同通道线性叠加：e_hp,p_mana,p_pow",False,定型+瓦解@none,HIGH
定型,冥气,1,17,0,,"同通道线性叠加：e_hp,p_mana,p_pow",False,定型+冥气@none,HIGH
定型,勾魂,1,17,0,,"同通道线性叠加：e_hp,p_mana,p_pow",False,定型+勾魂@none,HIGH
定型,镇尸,1,17,0,,"同通道线性叠加：e_hp,p_mana,p_pow",False,定型+镇尸@none,HIGH
定型,招魂,1,17,0,,"同通道线性叠加：e_hp,p_mana,p_pow",False,定型+招魂@none,HIGH
畸变,搏命,2,17,1,OUTPUT_ARITHMETIC,dodge_then_round / e_bl：基线=0；畸变独发=-60；搏命独发=0；并施 A→B=0；B→A=0（可加预期=-60）,False,畸变+搏命@dodge_then_round,HIGH
畸变,超频,0,17,0,,所有探针/通道上均无可加偏离（各自独立）,False,畸变+超频@none,MEDIUM
畸变,坏死,0,17,0,,所有探针/通道上均无可加偏离（各自独立）,False,畸变+坏死@none,MEDIUM
畸变,爆裂,2,17,1,OUTPUT_ARITHMETIC,rounds / e_hp：基线=0；畸变独发=-180；爆裂独发=-180；并施 A→B=-180；B→A=-180（可加预期=-360）,False,畸变+爆裂@rounds,HIGH
畸变,退化,0,17,0,,所有探针/通道上均无可加偏离（各自独立）,False,畸变+退化@none,MEDIUM
畸变,加害,0,17,0,,所有探针/通道上均无可加偏离（各自独立）,False,畸变+加害@none,MEDIUM
畸变,失忆,0,17,0,,所有探针/通道上均无可加偏离（各自独立）,False,畸变+失忆@none,MEDIUM
畸变,逼债,0,17,0,,所有探针/通道上均无可加偏离（各自独立）,False,畸变+逼债@none,MEDIUM
畸变,豪夺,0,17,0,,所有探针/通道上均无可加偏离（各自独立）,False,畸变+豪夺@none,MEDIUM
畸变,清算,0,17,0,,所有探针/通道上均无可加偏离（各自独立）,False,畸变+清算@none,MEDIUM
畸变,赎金,0,17,0,,所有探针/通道上均无可加偏离（各自独立）,False,畸变+赎金@none,MEDIUM
畸变,假钞,0,17,0,,所有探针/通道上均无可加偏离（各自独立）,False,畸变+假钞@none,MEDIUM
畸变,赌命,2,17,1,OUTPUT_ARITHMETIC,rounds / e_bl：基线=0；畸变独发=-180；赌命独发=0；并施 A→B=-120；B→A=-120（可加预期=-180）,False,畸变+赌命@rounds,HIGH
畸变,消灾,0,17,0,,所有探针/通道上均无可加偏离（各自独立）,False,畸变+消灾@none,MEDIUM
畸变,龙鳞,0,17,0,,所有探针/通道上均无可加偏离（各自独立）,False,畸变+龙鳞@none,MEDIUM
畸变,逆鳞,0,17,0,,所有探针/通道上均无可加偏离（各自独立）,False,畸变+逆鳞@none,MEDIUM
畸变,活血,0,17,0,,所有探针/通道上均无可加偏离（各自独立）,False,畸变+活血@none,MEDIUM
畸变,裂变,0,17,0,,所有探针/通道上均无可加偏离（各自独立）,False,畸变+裂变@none,MEDIUM
畸变,嫁祸,2,17,1,OUTPUT_ARITHMETIC,rounds / e_hp：基线=0；畸变独发=-180；嫁祸独发=-60；并施 A→B=-180；B→A=-180（可加预期=-240）,False,畸变+嫁祸@rounds,HIGH
畸变,背负,0,17,0,,所有探针/通道上均无可加偏离（各自独立）,False,畸变+背负@none,MEDIUM
畸变,伤痕,0,17,0,,所有探针/通道上均无可加偏离（各自独立）,False,畸变+伤痕@none,MEDIUM
畸变,分裂,0,17,0,,所有探针/通道上均无可加偏离（各自独立）,False,畸变+分裂@none,MEDIUM
畸变,尸爆,2,17,0,CAST_EXECUTION|ORDER_SENSITIVE|OUTPUT_ARITHMETIC,"[执行受限 {'B独发': '尸爆留下待裁定中断(死之传承)', 'A→B': '尸爆留下待裁定中断(死之传承)', 'B→A': '尸爆留下待裁定中断(死之传承)；畸变发动失败(有待处理的中断等待DM裁定)；畸变留下待裁定中断()'}] __cast__ / st+e:畸变：基线=0；畸变独发=3；尸爆独发=0；并施 A→B=3；B→A=0（可加预期=3）",True,畸变+尸爆@__cast__;畸变+尸爆@dodge_then_round;畸变+尸爆@rounds,UNVERIFIED
畸变,缄默,0,17,0,,所有探针/通道上均无可加偏离（各自独立）,False,畸变+缄默@none,MEDIUM
畸变,瓦解,0,17,0,,所有探针/通道上均无可加偏离（各自独立）,False,畸变+瓦解@none,MEDIUM
畸变,冥气,0,17,0,,所有探针/通道上均无可加偏离（各自独立）,False,畸变+冥气@none,MEDIUM
畸变,勾魂,0,17,0,,所有探针/通道上均无可加偏离（各自独立）,False,畸变+勾魂@none,MEDIUM
畸变,镇尸,0,17,0,,所有探针/通道上均无可加偏离（各自独立）,False,畸变+镇尸@none,MEDIUM
畸变,招魂,0,17,0,,所有探针/通道上均无可加偏离（各自独立）,False,畸变+招魂@none,MEDIUM
搏命,超频,2,17,1,CAST_EXECUTION|ORDER_SENSITIVE|OUTPUT_ARITHMETIC,__cast__ / p_atk：基线=0；搏命独发=-3；超频独发=0；并施 A→B=0；B→A=-3（可加预期=-3）,True,搏命+超频@__cast__;搏命+超频@dodge_then_round;搏命+超频@enemy_phase_dodge,HIGH
搏命,坏死,2,17,1,OUTPUT_ARITHMETIC,player_attacks / e_hp：基线=-550；搏命独发=-232；坏死独发=-490；并施 A→B=-208；B→A=-208（可加预期=378）,False,搏命+坏死@dodge_then_round;搏命+坏死@hurt_then_attack;搏命+坏死@player_attacks,HIGH
搏命,爆裂,2,17,1,OUTPUT_ARITHMETIC,player_attacks / e_hp：基线=-550；搏命独发=-232；爆裂独发=-490；并施 A→B=-208；B→A=-208（可加预期=378）,False,搏命+爆裂@dodge_then_round;搏命+爆裂@hurt_then_attack;搏命+爆裂@player_attacks,HIGH
搏命,退化,2,17,1,OUTPUT_ARITHMETIC,player_attacks / e_hp：基线=-550；搏命独发=-232；退化独发=-490；并施 A→B=-208；B→A=-208（可加预期=378）,False,搏命+退化@hurt_then_attack;搏命+退化@player_attacks,HIGH
搏命,加害,2,17,1,OUTPUT_ARITHMETIC,player_attacks / e_hp：基线=-550；搏命独发=-232；加害独发=-520；并施 A→B=-220；B→A=-220（可加预期=348）,False,搏命+加害@hurt_then_attack;搏命+加害@player_attacks,HIGH
搏命,失忆,2,17,1,OUTPUT_ARITHMETIC,player_attacks / e_hp：基线=-550；搏命独发=-232；失忆独发=-310；并施 A→B=-136；B→A=-136（可加预期=558）,False,搏命+失忆@hurt_then_attack;搏命+失忆@player_attacks,HIGH
搏命,逼债,2,17,1,OUTPUT_ARITHMETIC,player_attacks / e_hp：基线=-550；搏命独发=-232；逼债独发=-520；并施 A→B=-220；B→A=-220（可加预期=348）,False,搏命+逼债@hurt_then_attack;搏命+逼债@player_attacks,HIGH
搏命,豪夺,2,17,1,OUTPUT_ARITHMETIC,dodge_then_round / stRe:豪夺：基线=0；搏命独发=0；豪夺独发=-1；并施 A→B=0；B→A=0（可加预期=-1）,False,搏命+豪夺@dodge_then_round,HIGH
搏命,清算,2,17,1,OUTPUT_ARITHMETIC,player_attacks / e_hp：基线=-550；搏命独发=-232；清算独发=-490；并施 A→B=-208；B→A=-208（可加预期=378）,False,搏命+清算@dodge_then_round;搏命+清算@hurt_then_attack;搏命+清算@player_attacks,HIGH
搏命,赎金,2,17,1,OUTPUT_ARITHMETIC,player_attacks / e_hp：基线=-550；搏命独发=-232；赎金独发=-460；并施 A→B=-196；B→A=-196（可加预期=408）,False,搏命+赎金@hurt_then_attack;搏命+赎金@player_attacks;搏命+赎金@player_attacks_dodged,HIGH
搏命,假钞,2,17,1,OUTPUT_ARITHMETIC,player_attacks / e_hp：基线=-550；搏命独发=-232；假钞独发=-520；并施 A→B=-220；B→A=-220（可加预期=348）,False,搏命+假钞@hurt_then_attack;搏命+假钞@player_attacks,HIGH
搏命,赌命,2,17,1,OUTPUT_ARITHMETIC,dodge_then_round / p_hp：基线=0；搏命独发=0；赌命独发=-60；并施 A→B=0；B→A=0（可加预期=-60）,False,搏命+赌命@dodge_then_round,HIGH
搏命,消灾,0,17,0,,所有探针/通道上均无可加偏离（各自独立）,False,搏命+消灾@none,MEDIUM
搏命,龙鳞,2,17,1,OUTPUT_ARITHMETIC,player_attacks / e_hp：基线=-550；搏命独发=-232；龙鳞独发=-490；并施 A→B=-208；B→A=-208（可加预期=378）,False,搏命+龙鳞@hurt_then_attack;搏命+龙鳞@player_attacks,HIGH
搏命,逆鳞,2,17,1,OUTPUT_ARITHMETIC,dodge_then_round / stRp:逆鳞：基线=0；搏命独发=0；逆鳞独发=-1；并施 A→B=0；B→A=0（可加预期=-1）,False,搏命+逆鳞@dodge_then_round,HIGH
搏命,活血,2,17,1,OUTPUT_ARITHMETIC,player_attacks / e_hp：基线=-550；搏命独发=-232；活血独发=-520；并施 A→B=-220；B→A=-220（可加预期=348）,False,搏命+活血@dodge_then_round;搏命+活血@hurt_then_attack;搏命+活血@player_attacks,HIGH
搏命,裂变,2,17,1,OUTPUT_ARITHMETIC,player_attacks / e_hp：基线=-550；搏命独发=-232；裂变独发=-490；并施 A→B=-208；B→A=-208（可加预期=378）,False,搏命+裂变@hurt_then_attack;搏命+裂变@player_attacks,HIGH
搏命,嫁祸,2,17,1,OUTPUT_ARITHMETIC,player_attacks / e_hp：基线=-550；搏命独发=-232；嫁祸独发=-430；并施 A→B=-184；B→A=-184（可加预期=438）,False,搏命+嫁祸@dodge_then_round;搏命+嫁祸@hurt_then_attack;搏命+嫁祸@player_attacks,HIGH
搏命,背负,2,17,1,OUTPUT_ARITHMETIC,player_attacks / e_hp：基线=-550；搏命独发=-232；背负独发=-490；并施 A→B=-208；B→A=-208（可加预期=378）,False,搏命+背负@hurt_then_attack;搏命+背负@player_attacks,HIGH
搏命,伤痕,2,17,1,OUTPUT_ARITHMETIC,player_attacks / e_bl：基线=0；搏命独发=0；伤痕独发=-30；并施 A→B=-12；B→A=-12（可加预期=-30）,False,搏命+伤痕@hurt_then_attack;搏命+伤痕@player_attacks,HIGH
搏命,分裂,0,17,0,,所有探针/通道上均无可加偏离（各自独立）,False,搏命+分裂@none,MEDIUM
搏命,尸爆,2,17,0,CAST_EXECUTION|ORDER_SENSITIVE|OUTPUT_ARITHMETIC|RESOURCE_FEEDBACK,"[执行受限 {'B独发': '尸爆留下待裁定中断(死之传承)', 'A→B': '尸爆留下待裁定中断(死之传承)', 'B→A': '尸爆留下待裁定中断(死之传承)；搏命发动失败(有待处理的中断等待DM裁定)；搏命留下待裁定中断()'}] __cast__ / p_atk：基线=0；搏命独发=-3；尸爆独发=0；并施 A→B=-3；B→A=0（可加预期=-3）",True,搏命+尸爆@__cast__;搏命+尸爆@dodge_then_round;搏命+尸爆@enemy_phase_dodge,UNVERIFIED
搏命,缄默,2,17,1,OUTPUT_ARITHMETIC,player_attacks / e_hp：基线=-550；搏命独发=-232；缄默独发=-520；并施 A→B=-220；B→A=-220（可加预期=348）,False,搏命+缄默@dodge_then_round;搏命+缄默@hurt_then_attack;搏命+缄默@player_attacks,HIGH
搏命,瓦解,2,17,1,OUTPUT_ARITHMETIC,player_attacks / e_hp：基线=-550；搏命独发=-232；瓦解独发=-460；并施 A→B=-196；B→A=-196（可加预期=408）,False,搏命+瓦解@hurt_then_attack;搏命+瓦解@player_attacks,HIGH
搏命,冥气,2,17,1,OUTPUT_ARITHMETIC,player_attacks / e_hp：基线=-550；搏命独发=-232；冥气独发=-490；并施 A→B=-208；B→A=-208（可加预期=378）,False,搏命+冥气@dodge_then_round;搏命+冥气@hurt_then_attack;搏命+冥气@player_attacks,HIGH
搏命,勾魂,2,17,1,OUTPUT_ARITHMETIC,player_attacks / e_hp：基线=-550；搏命独发=-232；勾魂独发=-520；并施 A→B=-220；B→A=-220（可加预期=348）,False,搏命+勾魂@dodge_then_round;搏命+勾魂@hurt_then_attack;搏命+勾魂@player_attacks,HIGH
搏命,镇尸,2,17,1,OUTPUT_ARITHMETIC,player_attacks / e_hp：基线=-550；搏命独发=-232；镇尸独发=-490；并施 A→B=-208；B→A=-208（可加预期=378）,False,搏命+镇尸@dodge_then_round;搏命+镇尸@hurt_then_attack;搏命+镇尸@player_attacks,HIGH
搏命,招魂,2,17,1,OUTPUT_ARITHMETIC,player_attacks / e_hp：基线=-550；搏命独发=-232；招魂独发=-460；并施 A→B=-196；B→A=-196（可加预期=408）,False,搏命+招魂@hurt_then_attack;搏命+招魂@player_attacks,HIGH
超频,坏死,1,17,0,,"同通道线性叠加：e_hp,p_mana,p_pow",False,超频+坏死@none,HIGH
超频,爆裂,1,17,0,,"同通道线性叠加：e_hp,p_mana,p_pow",False,超频+爆裂@none,HIGH
超频,退化,1,17,0,,"同通道线性叠加：e_hp,p_mana,p_pow",False,超频+退化@none,HIGH
超频,加害,1,17,0,,"同通道线性叠加：e_hp,p_mana,p_pow",False,超频+加害@none,HIGH
超频,失忆,1,17,0,,"同通道线性叠加：e_hp,p_mana,p_pow",False,超频+失忆@none,HIGH
超频,逼债,1,17,0,,"同通道线性叠加：e_hp,p_mana,p_pow",False,超频+逼债@none,HIGH
超频,豪夺,0,17,0,,所有探针/通道上均无可加偏离（各自独立）,False,超频+豪夺@none,MEDIUM
超频,清算,1,17,0,,"同通道线性叠加：e_hp,p_mana,p_pow",False,超频+清算@none,HIGH
超频,赎金,1,17,0,,"同通道线性叠加：e_hp,p_mana,p_pow",False,超频+赎金@none,HIGH
超频,假钞,1,17,0,,"同通道线性叠加：e_hp,p_mana,p_pow",False,超频+假钞@none,HIGH
超频,赌命,0,17,0,,所有探针/通道上均无可加偏离（各自独立）,False,超频+赌命@none,MEDIUM
超频,消灾,0,17,0,,所有探针/通道上均无可加偏离（各自独立）,False,超频+消灾@none,MEDIUM
超频,龙鳞,1,17,0,,"同通道线性叠加：e_hp,p_mana,p_pow",False,超频+龙鳞@none,HIGH
超频,逆鳞,1,17,0,,同通道线性叠加：e_hp,False,超频+逆鳞@none,HIGH
超频,活血,1,17,0,,"同通道线性叠加：e_hp,p_mana,p_pow",False,超频+活血@none,HIGH
超频,裂变,1,17,0,,"同通道线性叠加：e_hp,p_mana,p_pow",False,超频+裂变@none,HIGH
超频,嫁祸,1,17,0,,"同通道线性叠加：e_hp,p_mana,p_pow",False,超频+嫁祸@none,HIGH
超频,背负,1,17,0,,"同通道线性叠加：e_hp,p_mana,p_pow",False,超频+背负@none,HIGH
超频,伤痕,1,17,0,,"同通道线性叠加：e_hp,p_mana,p_pow",False,超频+伤痕@none,HIGH
超频,分裂,0,17,0,,所有探针/通道上均无可加偏离（各自独立）,False,超频+分裂@none,MEDIUM
超频,尸爆,2,17,0,CAST_EXECUTION|ORDER_SENSITIVE|OUTPUT_ARITHMETIC|RESOURCE_FEEDBACK,"[执行受限 {'B独发': '尸爆留下待裁定中断(死之传承)', 'A→B': '尸爆留下待裁定中断(死之传承)', 'B→A': '尸爆留下待裁定中断(死之传承)；超频发动失败(有待处理的中断等待DM裁定)；超频留下待裁定中断()'}] __cast__ / p_mana：基线=0；超频独发=-6；尸爆独发=-9；并施 A→B=-15；B→A=-9（可加预期=-15）",True,超频+尸爆@__cast__;超频+尸爆@hurt_then_attack;超频+尸爆@player_attacks,UNVERIFIED
超频,缄默,1,17,0,,"同通道线性叠加：e_hp,p_mana,p_pow",False,超频+缄默@none,HIGH
超频,瓦解,1,17,0,,"同通道线性叠加：e_hp,p_mana,p_pow",False,超频+瓦解@none,HIGH
超频,冥气,1,17,0,,"同通道线性叠加：e_hp,p_mana,p_pow",False,超频+冥气@none,HIGH
超频,勾魂,1,17,0,,"同通道线性叠加：e_hp,p_mana,p_pow",False,超频+勾魂@none,HIGH
超频,镇尸,1,17,0,,"同通道线性叠加：e_hp,p_mana,p_pow",False,超频+镇尸@none,HIGH
超频,招魂,1,17,0,,"同通道线性叠加：e_hp,p_mana,p_pow",False,超频+招魂@none,HIGH
坏死,爆裂,1,17,0,,"同通道线性叠加：e_hp,p_mana,p_pow",False,坏死+爆裂@none,HIGH
坏死,退化,1,17,0,,"同通道线性叠加：e_hp,p_mana,p_pow",False,坏死+退化@none,HIGH
坏死,加害,1,17,0,,"同通道线性叠加：e_hp,p_mana,p_pow",False,坏死+加害@none,HIGH
坏死,失忆,1,17,0,,"同通道线性叠加：e_hp,p_mana,p_pow",False,坏死+失忆@none,HIGH
坏死,逼债,1,17,0,,"同通道线性叠加：e_hp,p_mana,p_pow",False,坏死+逼债@none,HIGH
坏死,豪夺,0,17,0,,所有探针/通道上均无可加偏离（各自独立）,False,坏死+豪夺@none,MEDIUM
坏死,清算,1,17,0,,"同通道线性叠加：e_hp,p_mana,p_pow",False,坏死+清算@none,HIGH
坏死,赎金,1,17,0,,"同通道线性叠加：e_hp,p_mana,p_pow",False,坏死+赎金@none,HIGH
坏死,假钞,1,17,0,,"同通道线性叠加：e_hp,p_mana,p_pow",False,坏死+假钞@none,HIGH
坏死,赌命,2,17,1,OUTPUT_ARITHMETIC,rounds / st-e:坏死：基线=0；坏死独发=-3；赌命独发=0；并施 A→B=0；B→A=0（可加预期=-3）,False,坏死+赌命@rounds,HIGH
坏死,消灾,0,17,0,,所有探针/通道上均无可加偏离（各自独立）,False,坏死+消灾@none,MEDIUM
坏死,龙鳞,1,17,0,,"同通道线性叠加：e_hp,p_mana,p_pow",False,坏死+龙鳞@none,HIGH
坏死,逆鳞,1,17,0,,同通道线性叠加：e_hp,False,坏死+逆鳞@none,HIGH
坏死,活血,1,17,0,,"同通道线性叠加：e_hp,p_mana,p_pow",False,坏死+活血@none,HIGH
坏死,裂变,1,17,0,,"同通道线性叠加：e_hp,p_mana,p_pow",False,坏死+裂变@none,HIGH
坏死,嫁祸,1,17,0,,"同通道线性叠加：e_hp,p_mana,p_pow",False,坏死+嫁祸@none,HIGH
坏死,背负,1,17,0,,"同通道线性叠加：e_hp,p_mana,p_pow",False,坏死+背负@none,HIGH
坏死,伤痕,1,17,0,,"同通道线性叠加：e_hp,p_mana,p_pow",False,坏死+伤痕@none,HIGH
坏死,分裂,0,17,0,,所有探针/通道上均无可加偏离（各自独立）,False,坏死+分裂@none,MEDIUM
坏死,尸爆,2,17,0,CAST_EXECUTION|ORDER_SENSITIVE|OUTPUT_ARITHMETIC|RESOURCE_FEEDBACK,"[执行受限 {'B独发': '尸爆留下待裁定中断(死之传承)', 'A→B': '尸爆留下待裁定中断(死之传承)', 'B→A': '尸爆留下待裁定中断(死之传承)；坏死发动失败(有待处理的中断等待DM裁定)；坏死留下待裁定中断()'}] __cast__ / p_mana：基线=0；坏死独发=-6；尸爆独发=-9；并施 A→B=-15；B→A=-9（可加预期=-15）",True,坏死+尸爆@__cast__;坏死+尸爆@dodge_then_round;坏死+尸爆@hurt_then_attack,UNVERIFIED
坏死,缄默,1,17,0,,"同通道线性叠加：e_hp,p_mana,p_pow",False,坏死+缄默@none,HIGH
坏死,瓦解,1,17,0,,"同通道线性叠加：e_hp,p_mana,p_pow",False,坏死+瓦解@none,HIGH
坏死,冥气,1,17,0,,"同通道线性叠加：e_hp,p_mana,p_pow",False,坏死+冥气@none,HIGH
坏死,勾魂,1,17,0,,"同通道线性叠加：e_hp,p_mana,p_pow",False,坏死+勾魂@none,HIGH
坏死,镇尸,1,17,0,,"同通道线性叠加：e_hp,p_mana,p_pow",False,坏死+镇尸@none,HIGH
坏死,招魂,1,17,0,,"同通道线性叠加：e_hp,p_mana,p_pow",False,坏死+招魂@none,HIGH
爆裂,退化,1,17,0,,"同通道线性叠加：e_hp,p_mana,p_pow",False,爆裂+退化@none,HIGH
爆裂,加害,1,17,0,,"同通道线性叠加：e_hp,p_mana,p_pow",False,爆裂+加害@none,HIGH
爆裂,失忆,1,17,0,,"同通道线性叠加：e_hp,p_mana,p_pow",False,爆裂+失忆@none,HIGH
爆裂,逼债,1,17,0,,"同通道线性叠加：e_hp,p_mana,p_pow",False,爆裂+逼债@none,HIGH
爆裂,豪夺,0,17,0,,所有探针/通道上均无可加偏离（各自独立）,False,爆裂+豪夺@none,MEDIUM
爆裂,清算,1,17,0,,"同通道线性叠加：e_hp,p_mana,p_pow",False,爆裂+清算@none,HIGH
爆裂,赎金,1,17,0,,"同通道线性叠加：e_hp,p_mana,p_pow",False,爆裂+赎金@none,HIGH
爆裂,假钞,1,17,0,,"同通道线性叠加：e_hp,p_mana,p_pow",False,爆裂+假钞@none,HIGH
爆裂,赌命,2,17,1,OUTPUT_ARITHMETIC,rounds / e_hp：基线=0；爆裂独发=-180；赌命独发=-900；并施 A→B=-1024；B→A=-1024（可加预期=-1080）,False,爆裂+赌命@rounds,HIGH
爆裂,消灾,0,17,0,,所有探针/通道上均无可加偏离（各自独立）,False,爆裂+消灾@none,MEDIUM
爆裂,龙鳞,2,17,1,OUTPUT_ARITHMETIC,incoming_big / e_hp：基线=0；爆裂独发=-100；龙鳞独发=0；并施 A→B=-97；B→A=-97（可加预期=-100）,False,爆裂+龙鳞@enemy_phase;爆裂+龙鳞@hurt_then_attack;爆裂+龙鳞@incoming_big,HIGH
爆裂,逆鳞,1,17,0,,同通道线性叠加：e_hp,False,爆裂+逆鳞@none,HIGH
爆裂,活血,1,17,0,,"同通道线性叠加：e_hp,p_mana,p_pow",False,爆裂+活血@none,HIGH
爆裂,裂变,2,17,1,OUTPUT_ARITHMETIC,enemy_phase / e_hp：基线=0；爆裂独发=-60；裂变独发=0；并施 A→B=-63；B→A=-63（可加预期=-60）,False,爆裂+裂变@enemy_phase;爆裂+裂变@rounds,HIGH
爆裂,嫁祸,2,17,1,OUTPUT_ARITHMETIC,incoming_big / e_hp：基线=0；爆裂独发=-100；嫁祸独发=-100；并施 A→B=-100；B→A=-100（可加预期=-200）,False,爆裂+嫁祸@enemy_phase;爆裂+嫁祸@hurt_then_attack;爆裂+嫁祸@incoming_big,HIGH
爆裂,背负,1,17,0,,"同通道线性叠加：e_hp,p_mana,p_pow",False,爆裂+背负@none,HIGH
爆裂,伤痕,1,17,0,,"同通道线性叠加：e_hp,p_mana,p_pow",False,爆裂+伤痕@none,HIGH
爆裂,分裂,0,17,0,,所有探针/通道上均无可加偏离（各自独立）,False,爆裂+分裂@none,MEDIUM
爆裂,尸爆,2,17,0,CAST_EXECUTION|ORDER_SENSITIVE|OUTPUT_ARITHMETIC|RESOURCE_FEEDBACK,"[执行受限 {'B独发': '尸爆留下待裁定中断(死之传承)', 'A→B': '尸爆留下待裁定中断(死之传承)', 'B→A': '尸爆留下待裁定中断(死之传承)；爆裂发动失败(有待处理的中断等待DM裁定)；爆裂留下待裁定中断()'}] __cast__ / p_mana：基线=0；爆裂独发=-6；尸爆独发=-9；并施 A→B=-15；B→A=-9（可加预期=-15）",True,爆裂+尸爆@__cast__;爆裂+尸爆@dodge_then_round;爆裂+尸爆@enemy_phase,UNVERIFIED
爆裂,缄默,1,17,0,,"同通道线性叠加：e_hp,p_mana,p_pow",False,爆裂+缄默@none,HIGH
爆裂,瓦解,1,17,0,,"同通道线性叠加：e_hp,p_mana,p_pow",False,爆裂+瓦解@none,HIGH
爆裂,冥气,1,17,0,,"同通道线性叠加：e_hp,p_mana,p_pow",False,爆裂+冥气@none,HIGH
爆裂,勾魂,1,17,0,,"同通道线性叠加：e_hp,p_mana,p_pow",False,爆裂+勾魂@none,HIGH
爆裂,镇尸,1,17,0,,"同通道线性叠加：e_hp,p_mana,p_pow",False,爆裂+镇尸@none,HIGH
爆裂,招魂,1,17,0,,"同通道线性叠加：e_hp,p_mana,p_pow",False,爆裂+招魂@none,HIGH
退化,加害,1,17,0,,"同通道线性叠加：e_hp,p_mana,p_pow",False,退化+加害@none,HIGH
退化,失忆,1,17,0,,"同通道线性叠加：e_hp,p_mana,p_pow",False,退化+失忆@none,HIGH
退化,逼债,1,17,0,,"同通道线性叠加：e_hp,p_mana,p_pow",False,退化+逼债@none,HIGH
退化,豪夺,0,17,0,,所有探针/通道上均无可加偏离（各自独立）,False,退化+豪夺@none,MEDIUM
退化,清算,1,17,0,,"同通道线性叠加：e_hp,p_mana,p_pow",False,退化+清算@none,HIGH
退化,赎金,1,17,0,,"同通道线性叠加：e_hp,p_mana,p_pow",False,退化+赎金@none,HIGH
退化,假钞,1,17,0,,"同通道线性叠加：e_hp,p_mana,p_pow",False,退化+假钞@none,HIGH
退化,赌命,0,17,0,,所有探针/通道上均无可加偏离（各自独立）,False,退化+赌命@none,MEDIUM
退化,消灾,0,17,0,,所有探针/通道上均无可加偏离（各自独立）,False,退化+消灾@none,MEDIUM
退化,龙鳞,1,17,0,,"同通道线性叠加：e_hp,p_mana,p_pow",False,退化+龙鳞@none,HIGH
退化,逆鳞,1,17,0,,同通道线性叠加：e_hp,False,退化+逆鳞@none,HIGH
退化,活血,1,17,0,,"同通道线性叠加：e_hp,p_mana,p_pow",False,退化+活血@none,HIGH
退化,裂变,1,17,0,,"同通道线性叠加：e_hp,p_mana,p_pow",False,退化+裂变@none,HIGH
退化,嫁祸,1,17,0,,"同通道线性叠加：e_hp,p_mana,p_pow",False,退化+嫁祸@none,HIGH
退化,背负,1,17,0,,"同通道线性叠加：e_hp,p_mana,p_pow",False,退化+背负@none,HIGH
退化,伤痕,1,17,0,,"同通道线性叠加：e_hp,p_mana,p_pow",False,退化+伤痕@none,HIGH
退化,分裂,0,17,0,,所有探针/通道上均无可加偏离（各自独立）,False,退化+分裂@none,MEDIUM
退化,尸爆,2,17,0,CAST_EXECUTION|ORDER_SENSITIVE|OUTPUT_ARITHMETIC|RESOURCE_FEEDBACK,"[执行受限 {'B独发': '尸爆留下待裁定中断(死之传承)', 'A→B': '尸爆留下待裁定中断(死之传承)', 'B→A': '尸爆留下待裁定中断(死之传承)；退化发动失败(有待处理的中断等待DM裁定)；退化留下待裁定中断()'}] __cast__ / p_mana：基线=0；退化独发=-6；尸爆独发=-9；并施 A→B=-15；B→A=-9（可加预期=-15）",True,退化+尸爆@__cast__;退化+尸爆@hurt_then_attack;退化+尸爆@player_attacks,UNVERIFIED
退化,缄默,1,17,0,,"同通道线性叠加：e_hp,p_mana,p_pow",False,退化+缄默@none,HIGH
退化,瓦解,1,17,0,,"同通道线性叠加：e_hp,p_mana,p_pow",False,退化+瓦解@none,HIGH
退化,冥气,1,17,0,,"同通道线性叠加：e_hp,p_mana,p_pow",False,退化+冥气@none,HIGH
退化,勾魂,1,17,0,,"同通道线性叠加：e_hp,p_mana,p_pow",False,退化+勾魂@none,HIGH
退化,镇尸,1,17,0,,"同通道线性叠加：e_hp,p_mana,p_pow",False,退化+镇尸@none,HIGH
退化,招魂,1,17,0,,"同通道线性叠加：e_hp,p_mana,p_pow",False,退化+招魂@none,HIGH
加害,失忆,1,17,0,,"同通道线性叠加：e_hp,p_mana,p_pow",False,加害+失忆@none,HIGH
加害,逼债,1,17,0,,"同通道线性叠加：e_hp,p_mana,p_pow",False,加害+逼债@none,HIGH
加害,豪夺,0,17,0,,所有探针/通道上均无可加偏离（各自独立）,False,加害+豪夺@none,MEDIUM
加害,清算,1,17,0,,"同通道线性叠加：e_hp,p_mana,p_pow",False,加害+清算@none,HIGH
加害,赎金,1,17,0,,"同通道线性叠加：e_hp,p_mana,p_pow",False,加害+赎金@none,HIGH
加害,假钞,1,17,0,,"同通道线性叠加：e_hp,p_mana,p_pow",False,加害+假钞@none,HIGH
加害,赌命,0,17,0,,所有探针/通道上均无可加偏离（各自独立）,False,加害+赌命@none,MEDIUM
加害,消灾,0,17,0,,所有探针/通道上均无可加偏离（各自独立）,False,加害+消灾@none,MEDIUM
加害,龙鳞,1,17,0,,"同通道线性叠加：e_hp,p_mana,p_pow",False,加害+龙鳞@none,HIGH
加害,逆鳞,1,17,0,,同通道线性叠加：e_hp,False,加害+逆鳞@none,HIGH
加害,活血,1,17,0,,"同通道线性叠加：e_hp,p_mana,p_pow",False,加害+活血@none,HIGH
加害,裂变,1,17,0,,"同通道线性叠加：e_hp,p_mana,p_pow",False,加害+裂变@none,HIGH
加害,嫁祸,2,17,1,OUTPUT_ARITHMETIC,incoming_big / e_hp：基线=0；加害独发=0；嫁祸独发=-100；并施 A→B=-103；B→A=-103（可加预期=-100）,False,加害+嫁祸@enemy_phase;加害+嫁祸@hurt_then_attack;加害+嫁祸@incoming_big,HIGH
加害,背负,1,17,0,,"同通道线性叠加：e_hp,p_mana,p_pow",False,加害+背负@none,HIGH
加害,伤痕,1,17,0,,"同通道线性叠加：e_hp,p_mana,p_pow",False,加害+伤痕@none,HIGH
加害,分裂,0,17,0,,所有探针/通道上均无可加偏离（各自独立）,False,加害+分裂@none,MEDIUM
加害,尸爆,2,17,0,CAST_EXECUTION|ORDER_SENSITIVE|OUTPUT_ARITHMETIC|RESOURCE_FEEDBACK,"[执行受限 {'B独发': '尸爆留下待裁定中断(死之传承)', 'A→B': '尸爆留下待裁定中断(死之传承)', 'B→A': '尸爆留下待裁定中断(死之传承)；加害发动失败(有待处理的中断等待DM裁定)；加害留下待裁定中断()'}] __cast__ / e_hp：基线=0；加害独发=0；尸爆独发=-120；并施 A→B=-123；B→A=-120（可加预期=-120）",True,加害+尸爆@__cast__;加害+尸爆@hurt_then_attack;加害+尸爆@outgoing_big,UNVERIFIED
加害,缄默,1,17,0,,"同通道线性叠加：e_hp,p_mana,p_pow",False,加害+缄默@none,HIGH
加害,瓦解,1,17,0,,"同通道线性叠加：e_hp,p_mana,p_pow",False,加害+瓦解@none,HIGH
加害,冥气,1,17,0,,"同通道线性叠加：e_hp,p_mana,p_pow",False,加害+冥气@none,HIGH
加害,勾魂,1,17,0,,"同通道线性叠加：e_hp,p_mana,p_pow",False,加害+勾魂@none,HIGH
加害,镇尸,1,17,0,,"同通道线性叠加：e_hp,p_mana,p_pow",False,加害+镇尸@none,HIGH
加害,招魂,1,17,0,,"同通道线性叠加：e_hp,p_mana,p_pow",False,加害+招魂@none,HIGH
失忆,逼债,1,17,0,,"同通道线性叠加：e_hp,p_mana,p_pow",False,失忆+逼债@none,HIGH
失忆,豪夺,0,17,0,,所有探针/通道上均无可加偏离（各自独立）,False,失忆+豪夺@none,MEDIUM
失忆,清算,1,17,0,,"同通道线性叠加：e_hp,p_mana,p_pow",False,失忆+清算@none,HIGH
失忆,赎金,1,17,0,,"同通道线性叠加：e_hp,p_mana,p_pow",False,失忆+赎金@none,HIGH
失忆,假钞,1,17,0,,"同通道线性叠加：e_hp,p_mana,p_pow",False,失忆+假钞@none,HIGH
失忆,赌命,0,17,0,,所有探针/通道上均无可加偏离（各自独立）,False,失忆+赌命@none,MEDIUM
失忆,消灾,0,17,0,,所有探针/通道上均无可加偏离（各自独立）,False,失忆+消灾@none,MEDIUM
失忆,龙鳞,1,17,0,,"同通道线性叠加：e_hp,p_mana,p_pow",False,失忆+龙鳞@none,HIGH
失忆,逆鳞,1,17,0,,同通道线性叠加：e_hp,False,失忆+逆鳞@none,HIGH
失忆,活血,1,17,0,,"同通道线性叠加：e_hp,p_mana,p_pow",False,失忆+活血@none,HIGH
失忆,裂变,1,17,0,,"同通道线性叠加：e_hp,p_mana,p_pow",False,失忆+裂变@none,HIGH
失忆,嫁祸,1,17,0,,"同通道线性叠加：e_hp,p_mana,p_pow",False,失忆+嫁祸@none,HIGH
失忆,背负,1,17,0,,"同通道线性叠加：e_hp,p_mana,p_pow",False,失忆+背负@none,HIGH
失忆,伤痕,1,17,0,,"同通道线性叠加：e_hp,p_mana,p_pow",False,失忆+伤痕@none,HIGH
失忆,分裂,0,17,0,,所有探针/通道上均无可加偏离（各自独立）,False,失忆+分裂@none,MEDIUM
失忆,尸爆,2,17,0,CAST_EXECUTION|ORDER_SENSITIVE|OUTPUT_ARITHMETIC|RESOURCE_FEEDBACK,"[执行受限 {'B独发': '尸爆留下待裁定中断(死之传承)', 'A→B': '尸爆留下待裁定中断(死之传承)', 'B→A': '尸爆留下待裁定中断(死之传承)；失忆发动失败(有待处理的中断等待DM裁定)；失忆留下待裁定中断()'}] __cast__ / p_mana：基线=0；失忆独发=-24；尸爆独发=-9；并施 A→B=-33；B→A=-9（可加预期=-33）",True,失忆+尸爆@__cast__;失忆+尸爆@hurt_then_attack;失忆+尸爆@player_attacks,UNVERIFIED
失忆,缄默,1,17,0,,"同通道线性叠加：e_hp,p_mana,p_pow",False,失忆+缄默@none,HIGH
失忆,瓦解,1,17,0,,"同通道线性叠加：e_hp,p_mana,p_pow",False,失忆+瓦解@none,HIGH
失忆,冥气,1,17,0,,"同通道线性叠加：e_hp,p_mana,p_pow",False,失忆+冥气@none,HIGH
失忆,勾魂,1,17,0,,"同通道线性叠加：e_hp,p_mana,p_pow",False,失忆+勾魂@none,HIGH
失忆,镇尸,1,17,0,,"同通道线性叠加：e_hp,p_mana,p_pow",False,失忆+镇尸@none,HIGH
失忆,招魂,1,17,0,,"同通道线性叠加：e_hp,p_mana,p_pow",False,失忆+招魂@none,HIGH
逼债,豪夺,0,17,0,,所有探针/通道上均无可加偏离（各自独立）,False,逼债+豪夺@none,MEDIUM
逼债,清算,1,17,0,,"同通道线性叠加：e_hp,p_mana,p_pow",False,逼债+清算@none,HIGH
逼债,赎金,1,17,0,,"同通道线性叠加：e_hp,p_mana,p_pow",False,逼债+赎金@none,HIGH
逼债,假钞,1,17,0,,"同通道线性叠加：e_hp,p_mana,p_pow",False,逼债+假钞@none,HIGH
逼债,赌命,0,17,0,,所有探针/通道上均无可加偏离（各自独立）,False,逼债+赌命@none,MEDIUM
逼债,消灾,0,17,0,,所有探针/通道上均无可加偏离（各自独立）,False,逼债+消灾@none,MEDIUM
逼债,龙鳞,1,17,0,,"同通道线性叠加：e_hp,p_mana,p_pow",False,逼债+龙鳞@none,HIGH
逼债,逆鳞,1,17,0,,同通道线性叠加：e_hp,False,逼债+逆鳞@none,HIGH
逼债,活血,1,17,0,,"同通道线性叠加：e_hp,p_mana,p_pow",False,逼债+活血@none,HIGH
逼债,裂变,1,17,0,,"同通道线性叠加：e_hp,p_mana,p_pow",False,逼债+裂变@none,HIGH
逼债,嫁祸,1,17,0,,"同通道线性叠加：e_hp,p_mana,p_pow",False,逼债+嫁祸@none,HIGH
逼债,背负,1,17,0,,"同通道线性叠加：e_hp,p_mana,p_pow",False,逼债+背负@none,HIGH
逼债,伤痕,1,17,0,,"同通道线性叠加：e_hp,p_mana,p_pow",False,逼债+伤痕@none,HIGH
逼债,分裂,0,17,0,,所有探针/通道上均无可加偏离（各自独立）,False,逼债+分裂@none,MEDIUM
逼债,尸爆,2,17,0,CAST_EXECUTION|ORDER_SENSITIVE|OUTPUT_ARITHMETIC|RESOURCE_FEEDBACK,"[执行受限 {'B独发': '尸爆留下待裁定中断(死之传承)', 'A→B': '尸爆留下待裁定中断(死之传承)', 'B→A': '尸爆留下待裁定中断(死之传承)；逼债发动失败(有待处理的中断等待DM裁定)；逼债留下待裁定中断()'}] __cast__ / p_mana：基线=0；逼债独发=-3；尸爆独发=-9；并施 A→B=-12；B→A=-9（可加预期=-12）",True,逼债+尸爆@__cast__;逼债+尸爆@hurt_then_attack;逼债+尸爆@player_attacks,UNVERIFIED
逼债,缄默,1,17,0,,"同通道线性叠加：e_hp,p_mana,p_pow",False,逼债+缄默@none,HIGH
逼债,瓦解,1,17,0,,"同通道线性叠加：e_hp,p_mana,p_pow",False,逼债+瓦解@none,HIGH
逼债,冥气,1,17,0,,"同通道线性叠加：e_hp,p_mana,p_pow",False,逼债+冥气@none,HIGH
逼债,勾魂,1,17,0,,"同通道线性叠加：e_hp,p_mana,p_pow",False,逼债+勾魂@none,HIGH
逼债,镇尸,1,17,0,,"同通道线性叠加：e_hp,p_mana,p_pow",False,逼债+镇尸@none,HIGH
逼债,招魂,1,17,0,,"同通道线性叠加：e_hp,p_mana,p_pow",False,逼债+招魂@none,HIGH
豪夺,清算,0,17,0,,所有探针/通道上均无可加偏离（各自独立）,False,豪夺+清算@none,MEDIUM
豪夺,赎金,0,17,0,,所有探针/通道上均无可加偏离（各自独立）,False,豪夺+赎金@none,MEDIUM
豪夺,假钞,1,17,0,,同通道线性叠加：fake,False,豪夺+假钞@none,HIGH
豪夺,赌命,2,17,1,OUTPUT_ARITHMETIC,rounds / st-e:豪夺：基线=0；豪夺独发=-3；赌命独发=0；并施 A→B=0；B→A=0（可加预期=-3）,False,豪夺+赌命@rounds,HIGH
豪夺,消灾,1,17,0,,同通道线性叠加：fake,False,豪夺+消灾@none,HIGH
豪夺,龙鳞,0,17,0,,所有探针/通道上均无可加偏离（各自独立）,False,豪夺+龙鳞@none,MEDIUM
豪夺,逆鳞,0,17,0,,所有探针/通道上均无可加偏离（各自独立）,False,豪夺+逆鳞@none,MEDIUM
豪夺,活血,0,17,0,,所有探针/通道上均无可加偏离（各自独立）,False,豪夺+活血@none,MEDIUM
豪夺,裂变,0,17,0,,所有探针/通道上均无可加偏离（各自独立）,False,豪夺+裂变@none,MEDIUM
豪夺,嫁祸,0,17,0,,所有探针/通道上均无可加偏离（各自独立）,False,豪夺+嫁祸@none,MEDIUM
豪夺,背负,0,17,0,,所有探针/通道上均无可加偏离（各自独立）,False,豪夺+背负@none,MEDIUM
豪夺,伤痕,0,17,0,,所有探针/通道上均无可加偏离（各自独立）,False,豪夺+伤痕@none,MEDIUM
豪夺,分裂,0,17,0,,所有探针/通道上均无可加偏离（各自独立）,False,豪夺+分裂@none,MEDIUM
豪夺,尸爆,2,17,0,CAST_EXECUTION|ORDER_SENSITIVE|OUTPUT_ARITHMETIC|RESOURCE_FEEDBACK,"[执行受限 {'B独发': '尸爆留下待裁定中断(死之传承)', 'A→B': '尸爆留下待裁定中断(死之传承)', 'B→A': '尸爆留下待裁定中断(死之传承)；豪夺发动失败(有待处理的中断等待DM裁定)；豪夺留下待裁定中断()'}] __cast__ / fake：基线=0；豪夺独发=-15；尸爆独发=0；并施 A→B=-15；B→A=0（可加预期=-15）",True,豪夺+尸爆@__cast__;豪夺+尸爆@dodge_then_round;豪夺+尸爆@rounds,UNVERIFIED
豪夺,缄默,0,17,0,,所有探针/通道上均无可加偏离（各自独立）,False,豪夺+缄默@none,MEDIUM
豪夺,瓦解,0,17,0,,所有探针/通道上均无可加偏离（各自独立）,False,豪夺+瓦解@none,MEDIUM
豪夺,冥气,0,17,0,,所有探针/通道上均无可加偏离（各自独立）,False,豪夺+冥气@none,MEDIUM
豪夺,勾魂,0,17,0,,所有探针/通道上均无可加偏离（各自独立）,False,豪夺+勾魂@none,MEDIUM
豪夺,镇尸,0,17,0,,所有探针/通道上均无可加偏离（各自独立）,False,豪夺+镇尸@none,MEDIUM
豪夺,招魂,0,17,0,,所有探针/通道上均无可加偏离（各自独立）,False,豪夺+招魂@none,MEDIUM
清算,赎金,1,17,0,,"同通道线性叠加：e_hp,p_mana,p_pow",False,清算+赎金@none,HIGH
清算,假钞,1,17,0,,"同通道线性叠加：e_hp,p_mana,p_pow",False,清算+假钞@none,HIGH
清算,赌命,2,17,1,OUTPUT_ARITHMETIC,rounds / st-e:清算：基线=0；清算独发=-3；赌命独发=0；并施 A→B=0；B→A=0（可加预期=-3）,False,清算+赌命@rounds,HIGH
清算,消灾,0,17,0,,所有探针/通道上均无可加偏离（各自独立）,False,清算+消灾@none,MEDIUM
清算,龙鳞,1,17,0,,"同通道线性叠加：e_hp,p_mana,p_pow",False,清算+龙鳞@none,HIGH
清算,逆鳞,1,17,0,,同通道线性叠加：e_hp,False,清算+逆鳞@none,HIGH
清算,活血,1,17,0,,"同通道线性叠加：e_hp,p_mana,p_pow",False,清算+活血@none,HIGH
清算,裂变,1,17,0,,"同通道线性叠加：e_hp,p_mana,p_pow",False,清算+裂变@none,HIGH
清算,嫁祸,1,17,0,,"同通道线性叠加：e_hp,p_mana,p_pow",False,清算+嫁祸@none,HIGH
清算,背负,1,17,0,,"同通道线性叠加：e_hp,p_mana,p_pow",False,清算+背负@none,HIGH
清算,伤痕,1,17,0,,"同通道线性叠加：e_hp,p_mana,p_pow",False,清算+伤痕@none,HIGH
清算,分裂,0,17,0,,所有探针/通道上均无可加偏离（各自独立）,False,清算+分裂@none,MEDIUM
清算,尸爆,2,17,0,CAST_EXECUTION|ORDER_SENSITIVE|OUTPUT_ARITHMETIC|RESOURCE_FEEDBACK,"[执行受限 {'B独发': '尸爆留下待裁定中断(死之传承)', 'A→B': '尸爆留下待裁定中断(死之传承)', 'B→A': '尸爆留下待裁定中断(死之传承)；清算发动失败(有待处理的中断等待DM裁定)；清算留下待裁定中断()'}] __cast__ / p_mana：基线=0；清算独发=-6；尸爆独发=-9；并施 A→B=-15；B→A=-9（可加预期=-15）",True,清算+尸爆@__cast__;清算+尸爆@dodge_then_round;清算+尸爆@hurt_then_attack,UNVERIFIED
清算,缄默,1,17,0,,"同通道线性叠加：e_hp,p_mana,p_pow",False,清算+缄默@none,HIGH
清算,瓦解,1,17,0,,"同通道线性叠加：e_hp,p_mana,p_pow",False,清算+瓦解@none,HIGH
清算,冥气,1,17,0,,"同通道线性叠加：e_hp,p_mana,p_pow",False,清算+冥气@none,HIGH
清算,勾魂,1,17,0,,"同通道线性叠加：e_hp,p_mana,p_pow",False,清算+勾魂@none,HIGH
清算,镇尸,1,17,0,,"同通道线性叠加：e_hp,p_mana,p_pow",False,清算+镇尸@none,HIGH
清算,招魂,1,17,0,,"同通道线性叠加：e_hp,p_mana,p_pow",False,清算+招魂@none,HIGH
赎金,假钞,1,17,0,,"同通道线性叠加：e_hp,p_mana,p_pow",False,赎金+假钞@none,HIGH
赎金,赌命,0,17,0,,所有探针/通道上均无可加偏离（各自独立）,False,赎金+赌命@none,MEDIUM
赎金,消灾,0,17,0,,所有探针/通道上均无可加偏离（各自独立）,False,赎金+消灾@none,MEDIUM
赎金,龙鳞,1,17,0,,"同通道线性叠加：e_hp,p_mana,p_pow",False,赎金+龙鳞@none,HIGH
赎金,逆鳞,1,17,0,,同通道线性叠加：e_hp,False,赎金+逆鳞@none,HIGH
赎金,活血,1,17,0,,"同通道线性叠加：e_hp,p_mana,p_pow",False,赎金+活血@none,HIGH
赎金,裂变,1,17,0,,"同通道线性叠加：e_hp,p_mana,p_pow",False,赎金+裂变@none,HIGH
赎金,嫁祸,1,17,0,,"同通道线性叠加：e_hp,p_mana,p_pow",False,赎金+嫁祸@none,HIGH
赎金,背负,1,17,0,,"同通道线性叠加：e_hp,p_mana,p_pow",False,赎金+背负@none,HIGH
赎金,伤痕,1,17,0,,"同通道线性叠加：e_hp,p_mana,p_pow",False,赎金+伤痕@none,HIGH
赎金,分裂,0,17,0,,所有探针/通道上均无可加偏离（各自独立）,False,赎金+分裂@none,MEDIUM
赎金,尸爆,2,17,0,CAST_EXECUTION|ORDER_SENSITIVE|OUTPUT_ARITHMETIC|RESOURCE_FEEDBACK,"[执行受限 {'B独发': '尸爆留下待裁定中断(死之传承)', 'A→B': '尸爆留下待裁定中断(死之传承)', 'B→A': '尸爆留下待裁定中断(死之传承)；赎金发动失败(有待处理的中断等待DM裁定)；赎金留下待裁定中断()'}] __cast__ / e_atk：基线=0；赎金独发=-3；尸爆独发=0；并施 A→B=-3；B→A=0（可加预期=-3）",True,赎金+尸爆@__cast__;赎金+尸爆@hurt_then_attack;赎金+尸爆@player_attacks,UNVERIFIED
赎金,缄默,1,17,0,,"同通道线性叠加：e_hp,p_mana,p_pow",False,赎金+缄默@none,HIGH
赎金,瓦解,1,17,0,,"同通道线性叠加：e_hp,p_mana,p_pow",False,赎金+瓦解@none,HIGH
赎金,冥气,1,17,0,,"同通道线性叠加：e_hp,p_mana,p_pow",False,赎金+冥气@none,HIGH
赎金,勾魂,1,17,0,,"同通道线性叠加：e_hp,p_mana,p_pow",False,赎金+勾魂@none,HIGH
赎金,镇尸,1,17,0,,"同通道线性叠加：e_hp,p_mana,p_pow",False,赎金+镇尸@none,HIGH
赎金,招魂,1,17,0,,"同通道线性叠加：e_hp,p_mana,p_pow",False,赎金+招魂@none,HIGH
假钞,赌命,1,17,0,,同通道线性叠加：fake,False,假钞+赌命@none,HIGH
假钞,消灾,1,17,0,,同通道线性叠加：fake,False,假钞+消灾@none,HIGH
假钞,龙鳞,1,17,0,,"同通道线性叠加：e_hp,p_mana,p_pow",False,假钞+龙鳞@none,HIGH
假钞,逆鳞,1,17,0,,同通道线性叠加：e_hp,False,假钞+逆鳞@none,HIGH
假钞,活血,1,17,0,,"同通道线性叠加：e_hp,p_mana,p_pow",False,假钞+活血@none,HIGH
假钞,裂变,1,17,0,,"同通道线性叠加：e_hp,p_mana,p_pow",False,假钞+裂变@none,HIGH
假钞,嫁祸,1,17,0,,"同通道线性叠加：e_hp,p_mana,p_pow",False,假钞+嫁祸@none,HIGH
假钞,背负,1,17,0,,"同通道线性叠加：e_hp,p_mana,p_pow",False,假钞+背负@none,HIGH
假钞,伤痕,1,17,0,,"同通道线性叠加：e_hp,p_mana,p_pow",False,假钞+伤痕@none,HIGH
假钞,分裂,0,17,0,,所有探针/通道上均无可加偏离（各自独立）,False,假钞+分裂@none,MEDIUM
假钞,尸爆,2,17,0,CAST_EXECUTION|ORDER_SENSITIVE|OUTPUT_ARITHMETIC|RESOURCE_FEEDBACK,"[执行受限 {'B独发': '尸爆留下待裁定中断(死之传承)', 'A→B': '尸爆留下待裁定中断(死之传承)', 'B→A': '尸爆留下待裁定中断(死之传承)；假钞发动失败(有待处理的中断等待DM裁定)；假钞留下待裁定中断()'}] __cast__ / fake：基线=0；假钞独发=30；尸爆独发=0；并施 A→B=30；B→A=0（可加预期=30）",True,假钞+尸爆@__cast__;假钞+尸爆@hurt_then_attack;假钞+尸爆@player_attacks,UNVERIFIED
假钞,缄默,1,17,0,,"同通道线性叠加：e_hp,p_mana,p_pow",False,假钞+缄默@none,HIGH
假钞,瓦解,1,17,0,,"同通道线性叠加：e_hp,p_mana,p_pow",False,假钞+瓦解@none,HIGH
假钞,冥气,1,17,0,,"同通道线性叠加：e_hp,p_mana,p_pow",False,假钞+冥气@none,HIGH
假钞,勾魂,1,17,0,,"同通道线性叠加：e_hp,p_mana,p_pow",False,假钞+勾魂@none,HIGH
假钞,镇尸,1,17,0,,"同通道线性叠加：e_hp,p_mana,p_pow",False,假钞+镇尸@none,HIGH
假钞,招魂,1,17,0,,"同通道线性叠加：e_hp,p_mana,p_pow",False,假钞+招魂@none,HIGH
赌命,消灾,2,17,1,OUTPUT_ARITHMETIC,rounds / rerolls：基线=0；赌命独发=0；消灾独发=0；并施 A→B=-2；B→A=-2（可加预期=0）,False,赌命+消灾@dodge_then_round;赌命+消灾@rounds,HIGH
赌命,龙鳞,2,17,1,EVENT_CONVERSION|OUTPUT_ARITHMETIC,rounds / p_died：基线=0；赌命独发=1；龙鳞独发=0；并施 A→B=0；B→A=0（可加预期=1）,False,赌命+龙鳞@rounds,HIGH
赌命,逆鳞,2,17,1,OUTPUT_ARITHMETIC,rounds / p_hp：基线=-180；赌命独发=-200；逆鳞独发=-180；并施 A→B=-197；B→A=-197（可加预期=-20）,False,赌命+逆鳞@rounds,HIGH
赌命,活血,2,17,1,OUTPUT_ARITHMETIC,rounds / p_died：基线=0；赌命独发=1；活血独发=0；并施 A→B=0；B→A=0（可加预期=1）,False,赌命+活血@rounds,HIGH
赌命,裂变,2,17,1,OUTPUT_ARITHMETIC,rounds / p_hp：基线=-180；赌命独发=-200；裂变独发=-189；并施 A→B=-200；B→A=-200（可加预期=-29）,False,赌命+裂变@rounds,HIGH
赌命,嫁祸,2,17,1,EVENT_CONVERSION|OUTPUT_ARITHMETIC,rounds / e_hp：基线=0；赌命独发=-900；嫁祸独发=-60；并施 A→B=-942；B→A=-942（可加预期=-960）,False,赌命+嫁祸@rounds,HIGH
赌命,背负,0,17,0,,所有探针/通道上均无可加偏离（各自独立）,False,赌命+背负@none,MEDIUM
赌命,伤痕,0,17,0,,所有探针/通道上均无可加偏离（各自独立）,False,赌命+伤痕@none,MEDIUM
赌命,分裂,0,17,0,,所有探针/通道上均无可加偏离（各自独立）,False,赌命+分裂@none,MEDIUM
赌命,尸爆,2,17,0,CAST_EXECUTION|ORDER_SENSITIVE|OUTPUT_ARITHMETIC|RESOURCE_FEEDBACK,"[执行受限 {'B独发': '尸爆留下待裁定中断(死之传承)', 'A→B': '尸爆留下待裁定中断(死之传承)', 'B→A': '尸爆留下待裁定中断(死之传承)；赌命发动失败(有待处理的中断等待DM裁定)；赌命留下待裁定中断()'}] __cast__ / fake：基线=0；赌命独发=-3；尸爆独发=0；并施 A→B=-3；B→A=0（可加预期=-3）",True,赌命+尸爆@__cast__;赌命+尸爆@dodge_then_round;赌命+尸爆@rounds,UNVERIFIED
赌命,缄默,2,17,1,OUTPUT_ARITHMETIC,rounds / st-p:缄默：基线=0；赌命独发=0；缄默独发=-1；并施 A→B=0；B→A=0（可加预期=-1）,False,赌命+缄默@rounds,HIGH
赌命,瓦解,2,17,1,OUTPUT_ARITHMETIC,rounds / e_hp：基线=0；赌命独发=-900；瓦解独发=0；并施 A→B=-630；B→A=-630（可加预期=-900）,False,赌命+瓦解@rounds,HIGH
赌命,冥气,2,17,1,OUTPUT_ARITHMETIC,rounds / st-e:冥气：基线=0；赌命独发=0；冥气独发=-2；并施 A→B=0；B→A=0（可加预期=-2）,False,赌命+冥气@rounds,HIGH
赌命,勾魂,2,17,1,OUTPUT_ARITHMETIC,rounds / st-e:勾魂：基线=0；赌命独发=0；勾魂独发=-1；并施 A→B=0；B→A=0（可加预期=-1）,False,赌命+勾魂@rounds,HIGH
赌命,镇尸,2,17,1,OUTPUT_ARITHMETIC,rounds / st-e:镇尸：基线=0；赌命独发=0；镇尸独发=-1；并施 A→B=0；B→A=0（可加预期=-1）,False,赌命+镇尸@rounds,HIGH
赌命,招魂,0,17,0,,所有探针/通道上均无可加偏离（各自独立）,False,赌命+招魂@none,MEDIUM
消灾,龙鳞,0,17,0,,所有探针/通道上均无可加偏离（各自独立）,False,消灾+龙鳞@none,MEDIUM
消灾,逆鳞,0,17,0,,所有探针/通道上均无可加偏离（各自独立）,False,消灾+逆鳞@none,MEDIUM
消灾,活血,0,17,0,,所有探针/通道上均无可加偏离（各自独立）,False,消灾+活血@none,MEDIUM
消灾,裂变,0,17,0,,所有探针/通道上均无可加偏离（各自独立）,False,消灾+裂变@none,MEDIUM
消灾,嫁祸,0,17,0,,所有探针/通道上均无可加偏离（各自独立）,False,消灾+嫁祸@none,MEDIUM
消灾,背负,0,17,0,,所有探针/通道上均无可加偏离（各自独立）,False,消灾+背负@none,MEDIUM
消灾,伤痕,0,17,0,,所有探针/通道上均无可加偏离（各自独立）,False,消灾+伤痕@none,MEDIUM
消灾,分裂,0,17,0,,所有探针/通道上均无可加偏离（各自独立）,False,消灾+分裂@none,MEDIUM
消灾,尸爆,2,17,0,CAST_EXECUTION|ORDER_SENSITIVE|RESOURCE_FEEDBACK,"[执行受限 {'B独发': '尸爆留下待裁定中断(死之传承)', 'A→B': '尸爆留下待裁定中断(死之传承)', 'B→A': '尸爆留下待裁定中断(死之传承)；消灾发动失败(有待处理的中断等待DM裁定)；消灾留下待裁定中断()'}] __cast__ / fake：基线=0；消灾独发=-150；尸爆独发=0；并施 A→B=-150；B→A=0（可加预期=-150）",True,消灾+尸爆@__cast__,UNVERIFIED
消灾,缄默,0,17,0,,所有探针/通道上均无可加偏离（各自独立）,False,消灾+缄默@none,MEDIUM
消灾,瓦解,0,17,0,,所有探针/通道上均无可加偏离（各自独立）,False,消灾+瓦解@none,MEDIUM
消灾,冥气,0,17,0,,所有探针/通道上均无可加偏离（各自独立）,False,消灾+冥气@none,MEDIUM
消灾,勾魂,0,17,0,,所有探针/通道上均无可加偏离（各自独立）,False,消灾+勾魂@none,MEDIUM
消灾,镇尸,0,17,0,,所有探针/通道上均无可加偏离（各自独立）,False,消灾+镇尸@none,MEDIUM
消灾,招魂,0,17,0,,所有探针/通道上均无可加偏离（各自独立）,False,消灾+招魂@none,MEDIUM
龙鳞,逆鳞,2,17,1,OUTPUT_ARITHMETIC,hurt_then_attack / e_hp：基线=-275；龙鳞独发=-245；逆鳞独发=-325；并施 A→B=-292；B→A=-292（可加预期=-20）,False,龙鳞+逆鳞@hurt_then_attack,HIGH
龙鳞,活血,2,17,1,OUTPUT_ARITHMETIC,rounds / p_hp：基线=-180；龙鳞独发=-153；活血独发=-120；并施 A→B=-103；B→A=-103（可加预期=87）,False,龙鳞+活血@rounds,HIGH
龙鳞,裂变,2,17,1,OUTPUT_ARITHMETIC,enemy_phase / p_hp：基线=-60；龙鳞独发=-51；裂变独发=-63；并施 A→B=-36；B→A=-36（可加预期=6）,False,龙鳞+裂变@enemy_phase;龙鳞+裂变@rounds,HIGH
龙鳞,嫁祸,2,17,1,OUTPUT_ARITHMETIC,incoming_big / e_hp：基线=0；龙鳞独发=0；嫁祸独发=-100；并施 A→B=-97；B→A=-97（可加预期=-100）,False,龙鳞+嫁祸@enemy_phase;龙鳞+嫁祸@hurt_then_attack;龙鳞+嫁祸@incoming_big,HIGH
龙鳞,背负,1,17,0,,"同通道线性叠加：e_hp,p_mana,p_pow",False,龙鳞+背负@none,HIGH
龙鳞,伤痕,1,17,0,,"同通道线性叠加：e_hp,p_mana,p_pow",False,龙鳞+伤痕@none,HIGH
龙鳞,分裂,0,17,0,,所有探针/通道上均无可加偏离（各自独立）,False,龙鳞+分裂@none,MEDIUM
龙鳞,尸爆,2,17,0,CAST_EXECUTION|ORDER_SENSITIVE|OUTPUT_ARITHMETIC|RESOURCE_FEEDBACK,"[执行受限 {'B独发': '尸爆留下待裁定中断(死之传承)', 'A→B': '尸爆留下待裁定中断(死之传承)', 'B→A': '尸爆留下待裁定中断(死之传承)；龙鳞发动失败(有待处理的中断等待DM裁定)；龙鳞留下待裁定中断()'}] __cast__ / p_mana：基线=0；龙鳞独发=-6；尸爆独发=-9；并施 A→B=-15；B→A=-9（可加预期=-15）",True,龙鳞+尸爆@__cast__;龙鳞+尸爆@enemy_phase;龙鳞+尸爆@hurt_then_attack,UNVERIFIED
龙鳞,缄默,1,17,0,,"同通道线性叠加：e_hp,p_mana,p_pow",False,龙鳞+缄默@none,HIGH
龙鳞,瓦解,1,17,0,,"同通道线性叠加：e_hp,p_mana,p_pow",False,龙鳞+瓦解@none,HIGH
龙鳞,冥气,1,17,0,,"同通道线性叠加：e_hp,p_mana,p_pow",False,龙鳞+冥气@none,HIGH
龙鳞,勾魂,1,17,0,,"同通道线性叠加：e_hp,p_mana,p_pow",False,龙鳞+勾魂@none,HIGH
龙鳞,镇尸,1,17,0,,"同通道线性叠加：e_hp,p_mana,p_pow",False,龙鳞+镇尸@none,HIGH
龙鳞,招魂,1,17,0,,"同通道线性叠加：e_hp,p_mana,p_pow",False,龙鳞+招魂@none,HIGH
逆鳞,活血,2,17,1,EVENT_CONVERSION|OUTPUT_ARITHMETIC,rounds / p_hp：基线=-180；逆鳞独发=-180；活血独发=-120；并施 A→B=-119；B→A=-119（可加预期=60）,False,逆鳞+活血@dodge_then_round;逆鳞+活血@rounds,HIGH
逆鳞,裂变,1,17,0,,同通道线性叠加：e_hp,False,逆鳞+裂变@none,HIGH
逆鳞,嫁祸,2,17,1,OUTPUT_ARITHMETIC,hurt_then_attack / e_hp：基线=-275；逆鳞独发=-325；嫁祸独发=-265；并施 A→B=-265；B→A=-265（可加预期=-40）,False,逆鳞+嫁祸@hurt_then_attack,HIGH
逆鳞,背负,1,17,0,,同通道线性叠加：e_hp,False,逆鳞+背负@none,HIGH
逆鳞,伤痕,1,17,0,,同通道线性叠加：e_hp,False,逆鳞+伤痕@none,HIGH
逆鳞,分裂,0,17,0,,所有探针/通道上均无可加偏离（各自独立）,False,逆鳞+分裂@none,MEDIUM
逆鳞,尸爆,2,17,0,CAST_EXECUTION|ORDER_SENSITIVE|OUTPUT_ARITHMETIC,"[执行受限 {'B独发': '尸爆留下待裁定中断(死之传承)', 'A→B': '尸爆留下待裁定中断(死之传承)', 'B→A': '尸爆留下待裁定中断(死之传承)；逆鳞发动失败(有待处理的中断等待DM裁定)；逆鳞留下待裁定中断()'}] __cast__ / p_hp：基线=0；逆鳞独发=-3；尸爆独发=0；并施 A→B=-3；B→A=0（可加预期=-3）",True,逆鳞+尸爆@__cast__;逆鳞+尸爆@dodge_then_round;逆鳞+尸爆@hurt_then_attack,UNVERIFIED
逆鳞,缄默,1,17,0,,同通道线性叠加：e_hp,False,逆鳞+缄默@none,HIGH
逆鳞,瓦解,1,17,0,,同通道线性叠加：e_hp,False,逆鳞+瓦解@none,HIGH
逆鳞,冥气,1,17,0,,同通道线性叠加：e_hp,False,逆鳞+冥气@none,HIGH
逆鳞,勾魂,1,17,0,,同通道线性叠加：e_hp,False,逆鳞+勾魂@none,HIGH
逆鳞,镇尸,1,17,0,,同通道线性叠加：e_hp,False,逆鳞+镇尸@none,HIGH
逆鳞,招魂,1,17,0,,同通道线性叠加：e_hp,False,逆鳞+招魂@none,HIGH
活血,裂变,2,17,1,OUTPUT_ARITHMETIC,rounds / p_hp：基线=-180；活血独发=-120；裂变独发=-189；并施 A→B=-127；B→A=-127（可加预期=51）,False,活血+裂变@rounds,HIGH
活血,嫁祸,2,17,1,OUTPUT_ARITHMETIC,rounds / p_hp：基线=-180；活血独发=-120；嫁祸独发=-120；并施 A→B=-90；B→A=-90（可加预期=120）,False,活血+嫁祸@rounds,HIGH
活血,背负,1,17,0,,"同通道线性叠加：e_hp,p_mana,p_pow",False,活血+背负@none,HIGH
活血,伤痕,1,17,0,,"同通道线性叠加：e_hp,p_mana,p_pow",False,活血+伤痕@none,HIGH
活血,分裂,0,17,0,,所有探针/通道上均无可加偏离（各自独立）,False,活血+分裂@none,MEDIUM
活血,尸爆,2,17,0,CAST_EXECUTION|ORDER_SENSITIVE|OUTPUT_ARITHMETIC|RESOURCE_FEEDBACK,"[执行受限 {'B独发': '尸爆留下待裁定中断(死之传承)', 'A→B': '尸爆留下待裁定中断(死之传承)', 'B→A': '尸爆留下待裁定中断(死之传承)；活血发动失败(有待处理的中断等待DM裁定)；活血留下待裁定中断()'}] __cast__ / p_mana：基线=0；活血独发=-3；尸爆独发=-9；并施 A→B=-12；B→A=-9（可加预期=-12）",True,活血+尸爆@__cast__;活血+尸爆@dodge_then_round;活血+尸爆@hurt_then_attack,UNVERIFIED
活血,缄默,1,17,0,,"同通道线性叠加：e_hp,p_mana,p_pow",False,活血+缄默@none,HIGH
活血,瓦解,1,17,0,,"同通道线性叠加：e_hp,p_mana,p_pow",False,活血+瓦解@none,HIGH
活血,冥气,1,17,0,,"同通道线性叠加：e_hp,p_mana,p_pow",False,活血+冥气@none,HIGH
活血,勾魂,1,17,0,,"同通道线性叠加：e_hp,p_mana,p_pow",False,活血+勾魂@none,HIGH
活血,镇尸,1,17,0,,"同通道线性叠加：e_hp,p_mana,p_pow",False,活血+镇尸@none,HIGH
活血,招魂,1,17,0,,"同通道线性叠加：e_hp,p_mana,p_pow",False,活血+招魂@none,HIGH
裂变,嫁祸,2,17,1,OUTPUT_ARITHMETIC,enemy_phase / e_hp：基线=0；裂变独发=0；嫁祸独发=-60；并施 A→B=-21；B→A=-21（可加预期=-60）,False,裂变+嫁祸@enemy_phase;裂变+嫁祸@rounds,HIGH
裂变,背负,1,17,0,,"同通道线性叠加：e_hp,p_mana,p_pow",False,裂变+背负@none,HIGH
裂变,伤痕,1,17,0,,"同通道线性叠加：e_hp,p_mana,p_pow",False,裂变+伤痕@none,HIGH
裂变,分裂,0,17,0,,所有探针/通道上均无可加偏离（各自独立）,False,裂变+分裂@none,MEDIUM
裂变,尸爆,2,17,0,CAST_EXECUTION|ORDER_SENSITIVE|OUTPUT_ARITHMETIC|RESOURCE_FEEDBACK,"[执行受限 {'B独发': '尸爆留下待裁定中断(死之传承)', 'A→B': '尸爆留下待裁定中断(死之传承)', 'B→A': '尸爆留下待裁定中断(死之传承)；裂变发动失败(有待处理的中断等待DM裁定)；裂变留下待裁定中断()'}] __cast__ / p_mana：基线=0；裂变独发=-6；尸爆独发=-9；并施 A→B=-15；B→A=-9（可加预期=-15）",True,裂变+尸爆@__cast__;裂变+尸爆@enemy_phase;裂变+尸爆@hurt_then_attack,UNVERIFIED
裂变,缄默,1,17,0,,"同通道线性叠加：e_hp,p_mana,p_pow",False,裂变+缄默@none,HIGH
裂变,瓦解,1,17,0,,"同通道线性叠加：e_hp,p_mana,p_pow",False,裂变+瓦解@none,HIGH
裂变,冥气,1,17,0,,"同通道线性叠加：e_hp,p_mana,p_pow",False,裂变+冥气@none,HIGH
裂变,勾魂,1,17,0,,"同通道线性叠加：e_hp,p_mana,p_pow",False,裂变+勾魂@none,HIGH
裂变,镇尸,1,17,0,,"同通道线性叠加：e_hp,p_mana,p_pow",False,裂变+镇尸@none,HIGH
裂变,招魂,1,17,0,,"同通道线性叠加：e_hp,p_mana,p_pow",False,裂变+招魂@none,HIGH
嫁祸,背负,1,17,0,,"同通道线性叠加：e_hp,p_mana,p_pow",False,嫁祸+背负@none,HIGH
嫁祸,伤痕,2,17,1,OUTPUT_ARITHMETIC,incoming_big / e_bl：基线=0；嫁祸独发=0；伤痕独发=0；并施 A→B=-3；B→A=-3（可加预期=0）,False,嫁祸+伤痕@enemy_phase;嫁祸+伤痕@hurt_then_attack;嫁祸+伤痕@incoming_big,HIGH
嫁祸,分裂,0,17,0,,所有探针/通道上均无可加偏离（各自独立）,False,嫁祸+分裂@none,MEDIUM
嫁祸,尸爆,2,17,0,CAST_EXECUTION|ORDER_SENSITIVE|OUTPUT_ARITHMETIC|RESOURCE_FEEDBACK,"[执行受限 {'B独发': '尸爆留下待裁定中断(死之传承)', 'A→B': '尸爆留下待裁定中断(死之传承)', 'B→A': '尸爆留下待裁定中断(死之传承)；嫁祸发动失败(有待处理的中断等待DM裁定)；嫁祸留下待裁定中断()'}] __cast__ / p_mana：基线=0；嫁祸独发=-12；尸爆独发=-9；并施 A→B=-21；B→A=-9（可加预期=-21）",True,嫁祸+尸爆@__cast__;嫁祸+尸爆@dodge_then_round;嫁祸+尸爆@enemy_phase,UNVERIFIED
嫁祸,缄默,1,17,0,,"同通道线性叠加：e_hp,p_mana,p_pow",False,嫁祸+缄默@none,HIGH
嫁祸,瓦解,1,17,0,,"同通道线性叠加：e_hp,p_mana,p_pow",False,嫁祸+瓦解@none,HIGH
嫁祸,冥气,1,17,0,,"同通道线性叠加：e_hp,p_mana,p_pow",False,嫁祸+冥气@none,HIGH
嫁祸,勾魂,1,17,0,,"同通道线性叠加：e_hp,p_mana,p_pow",False,嫁祸+勾魂@none,HIGH
嫁祸,镇尸,1,17,0,,"同通道线性叠加：e_hp,p_mana,p_pow",False,嫁祸+镇尸@none,HIGH
嫁祸,招魂,1,17,0,,"同通道线性叠加：e_hp,p_mana,p_pow",False,嫁祸+招魂@none,HIGH
背负,伤痕,1,17,0,,"同通道线性叠加：e_hp,p_mana,p_pow",False,背负+伤痕@none,HIGH
背负,分裂,0,17,0,,所有探针/通道上均无可加偏离（各自独立）,False,背负+分裂@none,MEDIUM
背负,尸爆,2,17,0,CAST_EXECUTION|ORDER_SENSITIVE|OUTPUT_ARITHMETIC|RESOURCE_FEEDBACK,"[执行受限 {'B独发': '尸爆留下待裁定中断(死之传承)', 'A→B': '尸爆留下待裁定中断(死之传承)', 'B→A': '尸爆留下待裁定中断(死之传承)；背负发动失败(有待处理的中断等待DM裁定)；背负留下待裁定中断()'}] __cast__ / p_mana：基线=0；背负独发=-6；尸爆独发=-9；并施 A→B=-15；B→A=-9（可加预期=-15）",True,背负+尸爆@__cast__;背负+尸爆@hurt_then_attack;背负+尸爆@player_attacks,UNVERIFIED
背负,缄默,1,17,0,,"同通道线性叠加：e_hp,p_mana,p_pow",False,背负+缄默@none,HIGH
背负,瓦解,1,17,0,,"同通道线性叠加：e_hp,p_mana,p_pow",False,背负+瓦解@none,HIGH
背负,冥气,1,17,0,,"同通道线性叠加：e_hp,p_mana,p_pow",False,背负+冥气@none,HIGH
背负,勾魂,1,17,0,,"同通道线性叠加：e_hp,p_mana,p_pow",False,背负+勾魂@none,HIGH
背负,镇尸,1,17,0,,"同通道线性叠加：e_hp,p_mana,p_pow",False,背负+镇尸@none,HIGH
背负,招魂,1,17,0,,"同通道线性叠加：e_hp,p_mana,p_pow",False,背负+招魂@none,HIGH
伤痕,分裂,0,17,0,,所有探针/通道上均无可加偏离（各自独立）,False,伤痕+分裂@none,MEDIUM
伤痕,尸爆,2,17,0,CAST_EXECUTION|ORDER_SENSITIVE|OUTPUT_ARITHMETIC|RESOURCE_FEEDBACK,"[执行受限 {'B独发': '尸爆留下待裁定中断(死之传承)', 'A→B': '尸爆留下待裁定中断(死之传承)', 'B→A': '尸爆留下待裁定中断(死之传承)；伤痕发动失败(有待处理的中断等待DM裁定)；伤痕留下待裁定中断()'}] __cast__ / e_bl：基线=0；伤痕独发=0；尸爆独发=0；并施 A→B=-3；B→A=0（可加预期=0）",True,伤痕+尸爆@__cast__;伤痕+尸爆@hurt_then_attack;伤痕+尸爆@kill_enemy,UNVERIFIED
伤痕,缄默,1,17,0,,"同通道线性叠加：e_hp,p_mana,p_pow",False,伤痕+缄默@none,HIGH
伤痕,瓦解,1,17,0,,"同通道线性叠加：e_hp,p_mana,p_pow",False,伤痕+瓦解@none,HIGH
伤痕,冥气,1,17,0,,"同通道线性叠加：e_hp,p_mana,p_pow",False,伤痕+冥气@none,HIGH
伤痕,勾魂,1,17,0,,"同通道线性叠加：e_hp,p_mana,p_pow",False,伤痕+勾魂@none,HIGH
伤痕,镇尸,1,17,0,,"同通道线性叠加：e_hp,p_mana,p_pow",False,伤痕+镇尸@none,HIGH
伤痕,招魂,1,17,0,,"同通道线性叠加：e_hp,p_mana,p_pow",False,伤痕+招魂@none,HIGH
分裂,尸爆,2,17,0,CAST_EXECUTION|ORDER_SENSITIVE,"[执行受限 {'B独发': '尸爆留下待裁定中断(死之传承)', 'A→B': '尸爆留下待裁定中断(死之传承)', 'B→A': '尸爆留下待裁定中断(死之传承)；分裂发动失败(有待处理的中断等待DM裁定)；分裂留下待裁定中断()'}] __cast__ / e_hp：基线=0；分裂独发=0；尸爆独发=-120；并施 A→B=-111；B→A=-120（可加预期=-120）",True,分裂+尸爆@__cast__,UNVERIFIED
分裂,缄默,0,17,0,,所有探针/通道上均无可加偏离（各自独立）,False,分裂+缄默@none,MEDIUM
分裂,瓦解,0,17,0,,所有探针/通道上均无可加偏离（各自独立）,False,分裂+瓦解@none,MEDIUM
分裂,冥气,0,17,0,,所有探针/通道上均无可加偏离（各自独立）,False,分裂+冥气@none,MEDIUM
分裂,勾魂,0,17,0,,所有探针/通道上均无可加偏离（各自独立）,False,分裂+勾魂@none,MEDIUM
分裂,镇尸,0,17,0,,所有探针/通道上均无可加偏离（各自独立）,False,分裂+镇尸@none,MEDIUM
分裂,招魂,0,17,0,,所有探针/通道上均无可加偏离（各自独立）,False,分裂+招魂@none,MEDIUM
尸爆,缄默,2,17,0,CAST_EXECUTION|ORDER_SENSITIVE|OUTPUT_ARITHMETIC|RESOURCE_FEEDBACK,"[执行受限 {'A独发': '尸爆留下待裁定中断(死之传承)', 'A→B': '尸爆留下待裁定中断(死之传承)；缄默发动失败(有待处理的中断等待DM裁定)；缄默留下待裁定中断()', 'B→A': '尸爆留下待裁定中断(死之传承)'}] __cast__ / p_mana：基线=0；尸爆独发=-9；缄默独发=-3；并施 A→B=-9；B→A=-12（可加预期=-12）",True,尸爆+缄默@__cast__;尸爆+缄默@dodge_then_round;尸爆+缄默@hurt_then_attack,UNVERIFIED
尸爆,瓦解,2,17,0,CAST_EXECUTION|ORDER_SENSITIVE|OUTPUT_ARITHMETIC|RESOURCE_FEEDBACK,"[执行受限 {'A独发': '尸爆留下待裁定中断(死之传承)', 'A→B': '尸爆留下待裁定中断(死之传承)；瓦解发动失败(有待处理的中断等待DM裁定)；瓦解留下待裁定中断()', 'B→A': '尸爆留下待裁定中断(死之传承)'}] __cast__ / e_bl：基线=0；尸爆独发=0；瓦解独发=-900；并施 A→B=0；B→A=-900（可加预期=-900）",True,尸爆+瓦解@__cast__;尸爆+瓦解@hurt_then_attack;尸爆+瓦解@kill_enemy,UNVERIFIED
尸爆,冥气,2,17,0,CAST_EXECUTION|ORDER_SENSITIVE|OUTPUT_ARITHMETIC|RESOURCE_FEEDBACK,"[执行受限 {'A独发': '尸爆留下待裁定中断(死之传承)', 'A→B': '尸爆留下待裁定中断(死之传承)；冥气发动失败(有待处理的中断等待DM裁定)；冥气留下待裁定中断()', 'B→A': '尸爆留下待裁定中断(死之传承)'}] __cast__ / p_mana：基线=0；尸爆独发=-9；冥气独发=-6；并施 A→B=-9；B→A=-15（可加预期=-15）",True,尸爆+冥气@__cast__;尸爆+冥气@dodge_then_round;尸爆+冥气@hurt_then_attack,UNVERIFIED
尸爆,勾魂,2,17,0,CAST_EXECUTION|ORDER_SENSITIVE|OUTPUT_ARITHMETIC|RESOURCE_FEEDBACK,"[执行受限 {'A独发': '尸爆留下待裁定中断(死之传承)', 'A→B': '尸爆留下待裁定中断(死之传承)；勾魂发动失败(有待处理的中断等待DM裁定)；勾魂留下待裁定中断()', 'B→A': '尸爆留下待裁定中断(死之传承)'}] __cast__ / p_mana：基线=0；尸爆独发=-9；勾魂独发=-3；并施 A→B=-9；B→A=-12（可加预期=-12）",True,尸爆+勾魂@__cast__;尸爆+勾魂@dodge_then_round;尸爆+勾魂@hurt_then_attack,UNVERIFIED
尸爆,镇尸,2,17,0,CAST_EXECUTION|ORDER_SENSITIVE|OUTPUT_ARITHMETIC|RESOURCE_FEEDBACK,"[执行受限 {'A独发': '尸爆留下待裁定中断(死之传承)', 'A→B': '尸爆留下待裁定中断(死之传承)；镇尸发动失败(有待处理的中断等待DM裁定)；镇尸留下待裁定中断()', 'B→A': '尸爆留下待裁定中断(死之传承)'}] __cast__ / p_mana：基线=0；尸爆独发=-9；镇尸独发=-6；并施 A→B=-9；B→A=-15（可加预期=-15）",True,尸爆+镇尸@__cast__;尸爆+镇尸@dodge_then_round;尸爆+镇尸@hurt_then_attack,UNVERIFIED
尸爆,招魂,2,17,0,CAST_EXECUTION|ORDER_SENSITIVE|OUTPUT_ARITHMETIC|RESOURCE_FEEDBACK,"[执行受限 {'A独发': '尸爆留下待裁定中断(死之传承)', 'A→B': '尸爆留下待裁定中断(死之传承)；招魂发动失败(有待处理的中断等待DM裁定)；招魂留下待裁定中断()', 'B→A': '尸爆留下待裁定中断(死之传承)'}] __cast__ / p_mana：基线=0；尸爆独发=-9；招魂独发=-9；并施 A→B=-9；B→A=-18（可加预期=-18）",True,尸爆+招魂@__cast__;尸爆+招魂@hurt_then_attack;尸爆+招魂@player_attacks,UNVERIFIED
缄默,瓦解,1,17,0,,"同通道线性叠加：e_hp,p_mana,p_pow",False,缄默+瓦解@none,HIGH
缄默,冥气,1,17,0,,"同通道线性叠加：e_hp,p_mana,p_pow",False,缄默+冥气@none,HIGH
缄默,勾魂,1,17,0,,"同通道线性叠加：e_hp,p_mana,p_pow",False,缄默+勾魂@none,HIGH
缄默,镇尸,1,17,0,,"同通道线性叠加：e_hp,p_mana,p_pow",False,缄默+镇尸@none,HIGH
缄默,招魂,1,17,0,,"同通道线性叠加：e_hp,p_mana,p_pow",False,缄默+招魂@none,HIGH
瓦解,冥气,1,17,0,,"同通道线性叠加：e_hp,p_mana,p_pow",False,瓦解+冥气@none,HIGH
瓦解,勾魂,1,17,0,,"同通道线性叠加：e_hp,p_mana,p_pow",False,瓦解+勾魂@none,HIGH
瓦解,镇尸,1,17,0,,"同通道线性叠加：e_hp,p_mana,p_pow",False,瓦解+镇尸@none,HIGH
瓦解,招魂,1,17,0,,"同通道线性叠加：e_hp,p_mana,p_pow",False,瓦解+招魂@none,HIGH
冥气,勾魂,1,17,0,,"同通道线性叠加：e_hp,p_mana,p_pow",False,冥气+勾魂@none,HIGH
冥气,镇尸,1,17,0,,"同通道线性叠加：e_hp,p_mana,p_pow",False,冥气+镇尸@none,HIGH
冥气,招魂,1,17,0,,"同通道线性叠加：e_hp,p_mana,p_pow",False,冥气+招魂@none,HIGH
勾魂,镇尸,1,17,0,,"同通道线性叠加：e_hp,p_mana,p_pow",False,勾魂+镇尸@none,HIGH
勾魂,招魂,1,17,0,,"同通道线性叠加：e_hp,p_mana,p_pow",False,勾魂+招魂@none,HIGH
镇尸,招魂,1,17,0,,"同通道线性叠加：e_hp,p_mana,p_pow",False,镇尸+招魂@none,HIGH
